# 
# Wavefront OBJ generated by 3DBrowser Pro
# 
# 3DBrowser for 3D Users copyright (C) 2021 by Mootools
# www: https://www.mootools.com/
# 

mtllib scene1.mtl

# Coordinates
v 0.140157 -0.034245 1.128342
v 0.132921 -0.046037 1.126828
v 0.131298 -0.044082 1.128961
v 0.138533 -0.032292 1.130470
v 0.127839 -0.042928 1.126721
v 0.135074 -0.031139 1.128229
v 0.136047 -0.042384 1.086863
v 0.133816 -0.041447 1.084859
v 0.128763 -0.054491 1.085032
v 0.126532 -0.053555 1.083029
v 0.130962 -0.039281 1.086749
v 0.123678 -0.051388 1.084919
v 0.143584 -0.017689 1.129788
v 0.145096 -0.003534 1.131403
v 0.141102 -0.016588 1.132094
v 0.142612 -0.002434 1.133705
v 0.137671 -0.017022 1.130078
v 0.139182 -0.002868 1.131688
v 0.142261 -0.013271 1.091455
v 0.139548 -0.013332 1.089829
v 0.140415 -0.027239 1.089609
v 0.137702 -0.027300 1.087983
v 0.136348 -0.012594 1.091735
v 0.134502 -0.026562 1.089889
v 0.118380 -0.065077 1.082102
v 0.108492 -0.075161 1.080194
v 0.116097 -0.063919 1.079882
v 0.106209 -0.074004 1.077979
v 0.114117 -0.060916 1.082043
v 0.104229 -0.071000 1.080140
v 0.115205 -0.067810 1.123214
v 0.125188 -0.057485 1.125218
v 0.113957 -0.065538 1.125386
v 0.123939 -0.055213 1.127390
v 0.110941 -0.063650 1.123162
v 0.120924 -0.053325 1.125166
v -0.132921 -0.046037 1.126828
v -0.140157 -0.034245 1.128342
v -0.131298 -0.044082 1.128961
v -0.138533 -0.032292 1.130470
v -0.127839 -0.042928 1.126721
v -0.135074 -0.031139 1.128229
v -0.136047 -0.042384 1.086863
v -0.133816 -0.041447 1.084859
v -0.128763 -0.054491 1.085032
v -0.126532 -0.053555 1.083029
v -0.130962 -0.039281 1.086749
v -0.123678 -0.051388 1.084919
v -0.143584 -0.017689 1.129788
v -0.145096 -0.003534 1.131403
v -0.141102 -0.016588 1.132094
v -0.142612 -0.002434 1.133705
v -0.137671 -0.017022 1.130078
v -0.139182 -0.002868 1.131688
v -0.142261 -0.013271 1.091455
v -0.139548 -0.013332 1.089829
v -0.140415 -0.027239 1.089609
v -0.137702 -0.027300 1.087983
v -0.136348 -0.012594 1.091735
v -0.134502 -0.026562 1.089889
v -0.118380 -0.065077 1.082102
v -0.108492 -0.075161 1.080194
v -0.116097 -0.063919 1.079882
v -0.106209 -0.074004 1.077979
v -0.114117 -0.060916 1.082043
v -0.104229 -0.071000 1.080140
v -0.115205 -0.067810 1.123214
v -0.125188 -0.057485 1.125218
v -0.113957 -0.065538 1.125386
v -0.123939 -0.055213 1.127390
v -0.110941 -0.063650 1.123162
v -0.120924 -0.053325 1.125166
v 0.670367 0.021298 0.978292
v 0.669701 0.019520 0.978969
v 0.661554 0.019402 0.972831
v 0.663701 0.022368 0.972671
v 0.609324 0.014785 1.108438
v 0.612264 0.040235 1.099429
v 0.592793 0.048147 1.118584
v 0.577891 0.027453 1.139657
v 0.603044 -0.011378 1.108204
v 0.584151 -0.005642 1.125949
v 0.560657 0.069056 1.119181
v 0.590725 0.056643 1.087439
v 0.559403 0.068974 1.095614
v 0.570417 0.060129 1.073971
v 0.547162 0.067062 1.086011
v 0.560788 0.047079 1.059204
v 0.518136 0.061645 1.087296
v 0.521222 0.039236 1.077274
v 0.519991 0.077802 1.102992
v 0.543562 0.076055 1.110729
v 0.567282 0.000914 1.142091
v 0.573782 0.028652 1.138559
v 0.564392 0.005184 1.140032
v 0.548020 -0.012487 1.137495
v 0.546159 -0.007511 1.136484
v 0.523836 -0.017412 1.127249
v 0.523708 -0.012023 1.127711
v 0.498893 -0.009596 1.118027
v 0.498574 -0.003538 1.120550
v 0.562690 -0.017576 1.119958
v 0.560714 -0.027304 1.095621
v 0.517065 -0.015025 1.105009
v 0.498433 0.006132 1.098734
v 0.481892 0.004597 1.115506
v 0.482701 0.007215 1.118178
v 0.467538 0.021545 1.116374
v 0.469083 0.022556 1.118994
v 0.578222 -0.023942 1.103147
v 0.601944 -0.011001 1.105393
v 0.606997 0.014893 1.105355
v 0.610582 0.038693 1.096977
v 0.612665 -0.014229 1.093250
v 0.617744 0.009675 1.093603
v 0.608512 -0.011190 1.089808
v 0.615465 0.009757 1.091168
v 0.620563 0.033669 1.084862
v 0.616475 0.030316 1.082674
v 0.591569 -0.025233 1.090275
v 0.589556 -0.019936 1.088845
v 0.579210 -0.022385 1.100747
v 0.573691 -0.028549 1.084473
v 0.572790 -0.024092 1.083664
v 0.563081 -0.019667 1.077002
v 0.560936 -0.023182 1.075382
v 0.566653 -0.009714 1.066945
v 0.562505 -0.012869 1.062193
v 0.562370 -0.025019 1.093795
v 0.550067 -0.020633 1.084273
v 0.551569 -0.008948 1.069608
v 0.547220 -0.022802 1.084404
v 0.547503 -0.009854 1.066793
v 0.138700 -0.003689 1.096336
v 0.139260 -0.017233 1.094286
v 0.136445 -0.015706 1.092845
v 0.135454 -0.002996 1.095521
v 0.140713 0.001336 1.112625
v 0.137999 0.005876 1.128941
v 0.141061 0.005395 1.128470
v 0.141118 -0.012205 1.125699
v 0.140146 -0.010776 1.127867
v 0.130179 -0.042597 1.122894
v 0.132305 -0.043824 1.122247
v 0.130768 -0.047129 1.088376
v 0.128010 -0.045817 1.087938
v 0.108994 -0.068334 1.082432
v 0.110954 -0.070333 1.083041
v 0.116141 -0.063670 1.119270
v 0.114159 -0.061893 1.120106
v 0.092194 -0.079165 1.079526
v 0.093559 -0.081774 1.079995
v 0.086887 -0.082134 1.086023
v 0.089324 -0.083915 1.085832
v 0.088794 -0.080223 1.110684
v 0.092172 -0.081815 1.115101
v 0.091832 -0.077738 1.134149
v 0.099056 -0.075033 1.164168
v 0.101765 -0.074341 1.133892
v 0.100270 -0.071943 1.133124
v 0.097912 -0.072150 1.170782
v 0.101777 -0.070560 1.196341
v 0.104808 -0.072270 1.196444
v 0.116763 -0.073825 1.242706
v 0.118523 -0.075741 1.239433
v 0.124850 -0.072176 1.274866
v 0.127237 -0.073988 1.274493
v 0.110563 -0.064944 1.193574
v 0.117992 -0.067332 1.215684
v 0.126114 -0.067551 1.243679
v 0.133885 -0.065759 1.272582
v 0.118278 -0.079403 1.287561
v 0.121261 -0.080570 1.287319
v 0.131697 -0.069526 1.308715
v 0.134090 -0.070716 1.307292
v 0.137561 -0.063854 1.288316
v 0.143376 -0.058366 1.303567
v 0.150598 -0.052611 1.316462
v 0.118770 -0.065556 1.223109
v 0.109051 -0.062418 1.194853
v 0.104431 -0.066381 1.166126
v 0.128824 -0.064524 1.261988
v 0.135868 -0.061625 1.288489
v 0.141395 -0.056162 1.303638
v 0.148183 -0.050626 1.317215
v 0.167911 -0.047660 1.334628
v 0.169932 -0.049312 1.333544
v 0.156160 -0.062626 1.327443
v 0.154311 -0.061024 1.329127
v 0.177165 -0.050812 1.356715
v 0.174408 -0.049142 1.356336
v 0.189820 -0.035086 1.379546
v 0.191833 -0.037453 1.380588
v 0.198764 -0.022617 1.398526
v 0.200257 -0.024761 1.400030
v 0.198800 -0.019029 1.409353
v 0.199792 -0.021016 1.410007
v 0.222351 -0.009881 1.409828
v 0.224686 -0.011910 1.410247
v 0.246707 0.003678 1.409022
v 0.248612 0.002006 1.409387
v 0.266994 0.022238 1.407842
v 0.269479 0.020741 1.408498
v 0.280328 0.041970 1.405406
v 0.283535 0.041545 1.405846
v 0.287501 0.066972 1.401307
v 0.290424 0.066316 1.402528
v 0.276849 0.097899 1.406708
v 0.274196 0.097142 1.405619
v 0.249646 0.126971 1.404831
v 0.252059 0.127821 1.404630
v 0.230016 0.138496 1.398927
v 0.232058 0.140280 1.398921
v 0.198370 0.148913 1.392496
v 0.212488 0.147622 1.394127
v 0.198050 0.151472 1.391201
v 0.172118 0.153343 1.400826
v 0.172195 0.156395 1.400507
v 0.293449 0.038589 1.385973
v 0.275422 0.014543 1.388283
v 0.301745 0.063844 1.383476
v 0.294832 0.087321 1.389064
v 0.275657 0.109619 1.389093
v 0.259075 0.127638 1.388314
v 0.240214 0.138400 1.383455
v 0.222611 0.143642 1.378512
v 0.207503 0.146038 1.373294
v 0.231330 0.138074 1.364971
v 0.230479 0.134898 1.365026
v 0.206740 0.142998 1.373240
v 0.187850 0.153431 1.380308
v 0.186947 0.150276 1.380533
v 0.166746 0.158180 1.387201
v 0.166319 0.155625 1.387019
v 0.245800 0.132838 1.369064
v 0.246939 0.135296 1.369486
v 0.264337 0.125272 1.373004
v 0.265869 0.127315 1.374018
v 0.287989 0.108498 1.374717
v 0.290286 0.109958 1.376365
v 0.305085 0.084896 1.370998
v 0.307369 0.084908 1.372999
v 0.311411 0.062482 1.365060
v 0.312722 0.061765 1.367929
v 0.296226 0.035099 1.366341
v 0.298424 0.033453 1.367148
v 0.272417 0.014650 1.367993
v 0.274777 0.012257 1.368589
v 0.220710 -0.016501 1.374074
v 0.246834 -0.005243 1.372060
v 0.220533 -0.020175 1.374253
v 0.200588 -0.029943 1.375240
v 0.202054 -0.032122 1.375951
v 0.186820 -0.038598 1.358737
v 0.188698 -0.040948 1.358617
v 0.252495 -0.002901 1.389225
v 0.225790 -0.017302 1.390643
v 0.097434 0.013952 0.407577
v 0.115142 -0.004497 0.408693
v 0.116456 -0.002400 0.409634
v 0.099645 0.015608 0.408462
v 0.133214 -0.005192 0.410759
v 0.133228 -0.007924 0.409740
v 0.150811 0.001489 0.411641
v 0.152328 -0.000987 0.410575
v 0.167543 0.019193 0.412697
v 0.169204 0.017323 0.412249
v 0.182682 0.038382 0.429459
v 0.185770 0.037684 0.429718
v 0.190646 0.057619 0.445646
v 0.193836 0.057032 0.445140
v 0.187104 0.073830 0.457877
v 0.190192 0.074554 0.457489
v 0.078318 0.040431 0.433427
v 0.081303 0.041073 0.433517
v 0.071494 0.066289 0.451614
v 0.074604 0.066942 0.452344
v 0.070692 0.072527 0.438305
v 0.073702 0.073685 0.438765
v 0.153736 0.003367 0.384146
v 0.134428 -0.003311 0.382612
v 0.133933 -0.000274 0.382608
v 0.151852 0.005620 0.384134
v 0.175120 0.025212 0.385377
v 0.172434 0.026792 0.384380
v 0.118335 -0.000437 0.381779
v 0.118085 0.003388 0.381843
v 0.095400 0.023361 0.381582
v 0.097430 0.025846 0.380999
v 0.078909 0.044778 0.400772
v 0.081557 0.046262 0.400240
v 0.071960 0.059784 0.412528
v 0.070046 0.073711 0.418438
v 0.074658 0.061226 0.411349
v 0.073093 0.073936 0.417077
v 0.191029 0.042387 0.403884
v 0.199585 0.059070 0.419449
v 0.199437 0.073701 0.429019
v 0.193540 0.079887 0.444672
v 0.190886 0.079853 0.444050
v 0.185618 0.098873 0.435006
v 0.188444 0.099996 0.435563
v 0.175077 0.117168 0.424243
v 0.177600 0.118952 0.424318
v 0.196943 0.060289 0.418161
v 0.189187 0.044559 0.403579
v 0.196856 0.073445 0.426879
v 0.196059 0.097906 0.419766
v 0.193487 0.097467 0.417735
v 0.185175 0.121094 0.405009
v 0.183236 0.119321 0.403722
v 0.173686 0.134459 0.392471
v 0.172678 0.132347 0.391229
v 0.153769 0.144011 0.391779
v 0.138222 0.145454 0.390490
v 0.126257 0.148530 0.391029
v 0.106701 0.140798 0.388398
v 0.105524 0.142947 0.390039
v 0.086545 0.126839 0.403049
v 0.088823 0.125639 0.401207
v 0.073411 0.101285 0.413391
v 0.073779 0.096253 0.434180
v 0.077102 0.096876 0.433948
v 0.081459 0.113970 0.428278
v 0.084164 0.112165 0.428438
v 0.094827 0.129927 0.420472
v 0.096869 0.127935 0.420623
v 0.076719 0.100380 0.412052
v 0.098701 0.138045 0.398965
v 0.122940 0.138846 0.424172
v 0.122872 0.135558 0.424193
v 0.153184 0.133673 0.425183
v 0.152266 0.130626 0.425200
v 0.125221 0.146549 0.401882
v 0.154604 0.141413 0.402246
v 0.177157 0.130240 0.400592
v 0.020216 0.150086 1.350537
v 0.000000 0.144964 1.350009
v 0.000000 0.147175 1.349583
v 0.019813 0.153075 1.350945
v 0.037564 0.155543 1.366693
v 0.036762 0.158515 1.366773
v 0.065708 0.159657 1.370414
v 0.063710 0.156273 1.369799
v 0.000000 0.148782 1.377357
v 0.014557 0.153612 1.376192
v 0.000000 0.146150 1.378351
v 0.014707 0.150542 1.377237
v 0.034192 0.158739 1.377588
v 0.034033 0.155725 1.378522
v 0.070879 0.160044 1.382031
v 0.075918 0.157110 1.384282
v 0.095016 0.162720 1.386734
v 0.110485 0.159871 1.390272
v 0.114166 0.162714 1.390261
v 0.136818 0.159704 1.394211
v 0.131942 0.156741 1.394276
v 0.097742 0.160393 1.374567
v 0.097356 0.163399 1.374981
v 0.116572 0.160980 1.377781
v 0.116277 0.163562 1.378317
v 0.133707 0.157828 1.381199
v 0.147232 0.159446 1.383768
v 0.150461 0.155917 1.384119
v 0.151288 0.156155 1.397357
v 0.051487 -0.082641 1.666427
v 0.059012 -0.074114 1.655070
v 0.062727 -0.067697 1.675360
v 0.040374 -0.092156 1.658644
v 0.028403 -0.097590 1.648913
v 0.021370 -0.098443 1.641618
v 0.019587 -0.097849 1.636107
v 0.063073 -0.061336 1.688217
v 0.048570 -0.081944 1.674378
v 0.036655 -0.093692 1.664264
v 0.024681 -0.097559 1.653226
v 0.016500 -0.098486 1.643395
v 0.011742 -0.098002 1.636842
v 0.034586 -0.089041 1.627151
v 0.025957 -0.094039 1.627900
v 0.046414 -0.081749 1.630361
v 0.048408 -0.077003 1.620225
v 0.030810 -0.086987 1.616459
v 0.038227 -0.079921 1.613168
v 0.046991 -0.071861 1.612432
v 0.054882 -0.064344 1.614909
v 0.056667 -0.069299 1.622677
v 0.060908 -0.057743 1.620278
v 0.066357 -0.059318 1.636574
v 0.065629 -0.051036 1.628801
v 0.056214 -0.074314 1.637943
v 0.070119 -0.054796 1.652918
v 0.066337 -0.062498 1.664981
v 0.070883 -0.053747 1.666969
v 0.072864 -0.042046 1.668089
v 0.071814 -0.041544 1.681904
v 0.068886 -0.052833 1.685418
v 0.070113 -0.042023 1.692348
v 0.067109 -0.043266 1.701981
v 0.072504 -0.043024 1.656183
v 0.070625 -0.045955 1.642552
v 0.060482 -0.062460 1.687392
v 0.035594 -0.092011 1.665189
v 0.016665 -0.096322 1.629198
v 0.022388 -0.093312 1.623009
v 0.000000 -0.112941 1.297645
v 0.019591 -0.107720 1.312035
v 0.016689 -0.113907 1.314638
v 0.000000 -0.116679 1.301828
v 0.000000 -0.116777 1.313906
v 0.017479 -0.110443 1.330271
v 0.000000 -0.113710 1.330197
v 0.019999 -0.105660 1.328924
v 0.019369 -0.101959 1.345297
v 0.017092 -0.105556 1.344226
v 0.000000 -0.107250 1.347960
v 0.007641 -0.102372 1.352922
v 0.010125 -0.097747 1.352354
v 0.000000 -0.095041 1.364338
v 0.006292 -0.096530 1.361344
v 0.010001 -0.093450 1.360215
v 0.005835 -0.090589 1.363152
v 0.000000 -0.089083 1.364220
v 0.410443 0.057221 1.289261
v 0.408704 0.071022 1.292197
v 0.406846 0.071004 1.290364
v 0.408697 0.057295 1.286884
v 0.413029 0.084826 1.282502
v 0.414439 0.085557 1.285002
v 0.416335 0.096853 1.264622
v 0.418632 0.097734 1.266958
v 0.422996 0.069546 1.284566
v 0.422876 0.056789 1.283807
v 0.428656 0.082810 1.277089
v 0.433656 0.098820 1.256352
v 0.420842 0.108345 1.251628
v 0.421961 0.107502 1.255872
v 0.425043 0.121501 1.234118
v 0.427073 0.123149 1.234852
v 0.416182 0.123405 1.224405
v 0.417916 0.125965 1.223997
v 0.409003 0.116713 1.193710
v 0.410053 0.119556 1.192503
v 0.423069 0.056920 1.280131
v 0.422545 0.069417 1.281170
v 0.427954 0.081820 1.273962
v 0.430969 0.091293 1.259991
v 0.434066 0.100215 1.250476
v 0.406592 0.101764 1.179569
v 0.406159 0.104780 1.178023
v 0.403703 0.084481 1.166993
v 0.402636 0.085816 1.164559
v 0.400479 0.062667 1.158819
v 0.399619 0.063645 1.155950
v 0.390698 0.040067 1.169631
v 0.388932 0.038908 1.167208
v 0.438014 0.111319 1.238387
v 0.436904 0.108972 1.236767
v 0.438927 0.119992 1.220015
v 0.438761 0.116770 1.218899
v 0.436559 0.119219 1.201075
v 0.437109 0.116089 1.201137
v 0.431844 0.113116 1.174477
v 0.432688 0.109549 1.174443
v 0.424620 0.093801 1.154250
v 0.426639 0.091866 1.154697
v 0.421523 0.074419 1.142421
v 0.419150 0.061967 1.138461
v 0.412125 0.044986 1.141595
v 0.404558 0.033181 1.149635
v 0.408340 0.034752 1.149855
v 0.423401 0.074291 1.143577
v 0.430944 0.042351 1.133736
v 0.423936 0.044463 1.133373
v 0.439632 0.068050 1.130735
v 0.438237 0.068881 1.135030
v 0.465835 0.058951 1.117153
v 0.470011 0.059443 1.117838
v 0.442558 0.040579 1.125728
v 0.460669 0.034828 1.120880
v 0.458618 0.035516 1.117962
v 0.430078 0.059383 1.132477
v 0.461696 0.050479 1.117666
v 0.460482 0.048845 1.116516
v 0.464077 0.058979 1.114875
v 0.491766 0.070683 1.105808
v 0.470330 0.035611 1.107756
v 0.473729 0.050432 1.105634
v 0.479786 0.051535 1.104053
v 0.475649 0.032367 1.106994
v 0.477455 0.017918 1.109537
v 0.520592 0.074741 1.107241
v 0.539966 0.072245 1.112628
v 0.577259 0.053215 1.131993
v 0.571783 0.048597 1.131160
v 0.556487 0.065975 1.120288
v 0.494625 0.070059 1.108205
v 0.389068 0.018897 1.212316
v 0.397188 0.028049 1.239784
v 0.394957 0.028904 1.229883
v 0.389290 0.022237 1.212512
v 0.385680 0.021927 1.188558
v 0.386727 0.024993 1.189422
v 0.397047 0.030937 1.239800
v 0.406603 0.029193 1.248015
v 0.406478 0.026865 1.248062
v 0.409924 0.038686 1.275358
v 0.409273 0.040581 1.273029
v 0.421994 0.036187 1.270931
v 0.417961 0.021964 1.246310
v 0.422579 0.037798 1.268245
v 0.419260 0.024445 1.245209
v 0.414901 0.017822 1.222445
v 0.416781 0.019705 1.220168
v 0.407561 0.010609 1.194250
v 0.405344 0.008209 1.195511
v 0.404498 0.017259 1.167807
v 0.401405 0.015476 1.168169
v 0.385863 0.028075 1.177533
v 0.567546 -0.005406 1.053194
v 0.571547 -0.004262 1.057337
v 0.556486 0.002053 1.058745
v 0.564635 0.013427 1.048820
v 0.556310 0.005271 1.053746
v 0.537985 0.015673 1.064672
v 0.500685 0.024615 1.091696
v 0.540531 0.028979 1.062439
v 0.542361 0.021571 1.061872
v 0.556805 0.011209 1.053028
v 0.554218 0.017001 1.048132
v 0.544863 0.024863 1.059848
v 0.558781 0.022172 1.050360
v 0.562912 0.014037 1.048039
v 0.560294 0.027589 1.050679
v 0.563384 0.044404 1.059808
v 0.572595 0.055983 1.073688
v 0.590170 0.052546 1.085711
v 0.597108 0.049818 1.075378
v 0.582385 0.051638 1.066734
v 0.573427 0.041867 1.053398
v 0.597429 0.046497 1.075440
v 0.583392 0.048002 1.067327
v 0.574879 0.040563 1.054173
v 0.573901 0.029581 1.043686
v 0.575962 0.028835 1.046365
v 0.581205 0.020204 1.037913
v 0.578079 0.021220 1.035632
v 0.576557 0.009282 1.037889
v 0.577273 -0.000149 1.040730
v 0.581405 -0.000408 1.044353
v 0.590515 0.012503 1.019698
v 0.588333 0.005385 1.019661
v 0.588395 -0.002004 1.021757
v 0.590664 -0.002189 1.023976
v 0.615194 0.003159 1.003032
v 0.616495 0.003929 1.007414
v 0.611320 -0.009508 1.004100
v 0.624265 -0.007090 0.995956
v 0.627666 0.008832 0.998999
v 0.635457 0.003261 0.991195
v 0.637869 -0.006489 0.987814
v 0.616630 -0.020021 0.999098
v 0.625303 -0.022418 0.993422
v 0.634375 -0.016612 0.988576
v 0.628435 -0.025280 0.998051
v 0.617202 -0.022070 1.002969
v 0.612562 -0.010132 1.008669
v 0.605053 -0.007028 1.011113
v 0.629499 0.010678 1.001428
v 0.636098 -0.018392 0.990537
v 0.639528 -0.006781 0.988748
v 0.637472 0.003604 0.993151
v -0.670367 0.021298 0.978292
v -0.663701 0.022368 0.972671
v -0.661554 0.019402 0.972831
v -0.669701 0.019520 0.978969
v -0.609324 0.014785 1.108438
v -0.577891 0.027453 1.139657
v -0.592793 0.048147 1.118584
v -0.612264 0.040235 1.099429
v -0.603044 -0.011378 1.108204
v -0.584151 -0.005642 1.125949
v -0.560657 0.069056 1.119181
v -0.590725 0.056643 1.087439
v -0.559403 0.068974 1.095614
v -0.570417 0.060129 1.073971
v -0.547162 0.067062 1.086011
v -0.560788 0.047079 1.059204
v -0.518136 0.061645 1.087296
v -0.521222 0.039236 1.077274
v -0.519991 0.077802 1.102992
v -0.543562 0.076055 1.110729
v -0.601944 -0.011001 1.105393
v -0.577259 0.053215 1.131993
v -0.567282 0.000914 1.142091
v -0.573782 0.028652 1.138559
v -0.564392 0.005184 1.140032
v -0.548020 -0.012487 1.137495
v -0.546159 -0.007511 1.136484
v -0.523836 -0.017412 1.127249
v -0.523708 -0.012023 1.127711
v -0.498893 -0.009596 1.118027
v -0.498574 -0.003538 1.120550
v -0.562690 -0.017576 1.119958
v -0.560714 -0.027304 1.095621
v -0.517065 -0.015025 1.105009
v -0.498433 0.006132 1.098734
v -0.481892 0.004597 1.115506
v -0.482701 0.007215 1.118178
v -0.467538 0.021545 1.116374
v -0.469083 0.022556 1.118994
v -0.578222 -0.023942 1.103147
v -0.579210 -0.022385 1.100747
v -0.612665 -0.014229 1.093250
v -0.606997 0.014893 1.105355
v -0.610582 0.038693 1.096977
v -0.617744 0.009675 1.093603
v -0.608512 -0.011190 1.089808
v -0.615465 0.009757 1.091168
v -0.620563 0.033669 1.084862
v -0.616475 0.030316 1.082674
v -0.591569 -0.025233 1.090275
v -0.589556 -0.019936 1.088845
v -0.573691 -0.028549 1.084473
v -0.572790 -0.024092 1.083664
v -0.563081 -0.019667 1.077002
v -0.560936 -0.023182 1.075382
v -0.566653 -0.009714 1.066945
v -0.562505 -0.012869 1.062193
v -0.550067 -0.020633 1.084273
v -0.562370 -0.025019 1.093795
v -0.551569 -0.008948 1.069608
v -0.547220 -0.022802 1.084404
v -0.547503 -0.009854 1.066793
v -0.138700 -0.003689 1.096336
v -0.135454 -0.002996 1.095521
v -0.136445 -0.015706 1.092845
v -0.139260 -0.017233 1.094286
v -0.140713 0.001336 1.112625
v -0.137999 0.005876 1.128941
v -0.141061 0.005395 1.128470
v -0.141118 -0.012205 1.125699
v -0.140146 -0.010776 1.127867
v -0.132305 -0.043824 1.122247
v -0.130179 -0.042597 1.122894
v -0.130768 -0.047129 1.088376
v -0.128010 -0.045817 1.087938
v -0.108994 -0.068334 1.082432
v -0.110954 -0.070333 1.083041
v -0.116141 -0.063670 1.119270
v -0.114159 -0.061893 1.120106
v -0.092194 -0.079165 1.079526
v -0.093559 -0.081774 1.079995
v -0.086887 -0.082134 1.086023
v -0.089324 -0.083915 1.085832
v -0.088794 -0.080223 1.110684
v -0.092172 -0.081815 1.115101
v -0.091832 -0.077738 1.134149
v -0.099056 -0.075033 1.164168
v -0.101765 -0.074341 1.133892
v -0.100270 -0.071943 1.133124
v -0.097912 -0.072150 1.170782
v -0.101777 -0.070560 1.196341
v -0.104808 -0.072270 1.196444
v -0.116763 -0.073825 1.242706
v -0.118523 -0.075741 1.239433
v -0.124850 -0.072176 1.274866
v -0.127237 -0.073988 1.274493
v -0.110563 -0.064944 1.193574
v -0.117992 -0.067332 1.215684
v -0.126114 -0.067551 1.243679
v -0.133885 -0.065759 1.272582
v -0.118278 -0.079403 1.287561
v -0.121261 -0.080570 1.287319
v -0.131697 -0.069526 1.308715
v -0.134090 -0.070716 1.307292
v -0.137561 -0.063854 1.288316
v -0.143376 -0.058366 1.303567
v -0.150598 -0.052611 1.316462
v -0.118770 -0.065556 1.223109
v -0.109051 -0.062418 1.194853
v -0.104431 -0.066381 1.166126
v -0.128824 -0.064524 1.261988
v -0.135868 -0.061625 1.288489
v -0.141395 -0.056162 1.303638
v -0.148183 -0.050626 1.317215
v -0.156160 -0.062626 1.327443
v -0.154311 -0.061024 1.329127
v -0.169932 -0.049312 1.333544
v -0.167911 -0.047660 1.334628
v -0.177165 -0.050812 1.356715
v -0.174408 -0.049142 1.356336
v -0.189820 -0.035086 1.379546
v -0.191833 -0.037453 1.380588
v -0.198764 -0.022617 1.398526
v -0.200257 -0.024761 1.400030
v -0.198800 -0.019029 1.409353
v -0.199792 -0.021016 1.410007
v -0.222351 -0.009881 1.409828
v -0.224686 -0.011910 1.410247
v -0.246707 0.003678 1.409022
v -0.248612 0.002006 1.409387
v -0.266994 0.022238 1.407842
v -0.269479 0.020741 1.408498
v -0.280328 0.041970 1.405406
v -0.283535 0.041545 1.405846
v -0.287501 0.066972 1.401307
v -0.290424 0.066316 1.402528
v -0.276849 0.097899 1.406708
v -0.274196 0.097142 1.405619
v -0.249646 0.126971 1.404831
v -0.252059 0.127821 1.404630
v -0.230016 0.138496 1.398927
v -0.232058 0.140280 1.398921
v -0.198370 0.148913 1.392496
v -0.212488 0.147622 1.394127
v -0.198050 0.151472 1.391201
v -0.172118 0.153343 1.400826
v -0.172195 0.156395 1.400507
v -0.293449 0.038589 1.385973
v -0.275422 0.014543 1.388283
v -0.301745 0.063844 1.383476
v -0.294832 0.087321 1.389064
v -0.259075 0.127638 1.388314
v -0.240214 0.138400 1.383455
v -0.222611 0.143642 1.378512
v -0.207503 0.146038 1.373294
v -0.231330 0.138074 1.364971
v -0.230479 0.134898 1.365026
v -0.206740 0.142998 1.373240
v -0.187850 0.153431 1.380308
v -0.186947 0.150276 1.380533
v -0.166746 0.158180 1.387201
v -0.166319 0.155625 1.387019
v -0.245800 0.132838 1.369064
v -0.246939 0.135296 1.369486
v -0.264337 0.125272 1.373004
v -0.265869 0.127315 1.374018
v -0.287989 0.108498 1.374717
v -0.290286 0.109958 1.376365
v -0.305085 0.084896 1.370998
v -0.307369 0.084908 1.372999
v -0.311411 0.062482 1.365060
v -0.312722 0.061765 1.367929
v -0.296226 0.035099 1.366341
v -0.298424 0.033453 1.367148
v -0.272417 0.014650 1.367993
v -0.274777 0.012257 1.368589
v -0.220710 -0.016501 1.374074
v -0.246834 -0.005243 1.372060
v -0.220533 -0.020175 1.374253
v -0.200588 -0.029943 1.375240
v -0.202054 -0.032122 1.375951
v -0.186820 -0.038598 1.358737
v -0.188698 -0.040948 1.358617
v -0.252495 -0.002901 1.389225
v -0.225790 -0.017302 1.390643
v -0.275657 0.109619 1.389093
v -0.097434 0.013952 0.407577
v -0.099645 0.015608 0.408462
v -0.116456 -0.002400 0.409634
v -0.115142 -0.004497 0.408693
v -0.133214 -0.005192 0.410759
v -0.133228 -0.007924 0.409740
v -0.150811 0.001489 0.411641
v -0.152328 -0.000987 0.410575
v -0.167543 0.019193 0.412697
v -0.169204 0.017323 0.412249
v -0.182682 0.038382 0.429459
v -0.185770 0.037684 0.429718
v -0.190646 0.057619 0.445646
v -0.193836 0.057032 0.445140
v -0.187104 0.073830 0.457877
v -0.190192 0.074554 0.457489
v -0.078318 0.040431 0.433427
v -0.081303 0.041073 0.433517
v -0.071494 0.066289 0.451614
v -0.074604 0.066942 0.452344
v -0.070692 0.072527 0.438305
v -0.073702 0.073685 0.438765
v -0.153736 0.003367 0.384146
v -0.134428 -0.003311 0.382612
v -0.133933 -0.000274 0.382608
v -0.151852 0.005620 0.384134
v -0.175120 0.025212 0.385377
v -0.172434 0.026792 0.384380
v -0.118335 -0.000437 0.381779
v -0.118085 0.003388 0.381843
v -0.095400 0.023361 0.381582
v -0.097430 0.025846 0.380999
v -0.078909 0.044778 0.400772
v -0.081557 0.046262 0.400240
v -0.071960 0.059784 0.412528
v -0.070046 0.073711 0.418438
v -0.074658 0.061226 0.411349
v -0.073093 0.073936 0.417077
v -0.191029 0.042387 0.403884
v -0.189187 0.044559 0.403579
v -0.196943 0.060289 0.418161
v -0.199585 0.059070 0.419449
v -0.199437 0.073701 0.429019
v -0.193540 0.079887 0.444672
v -0.190886 0.079853 0.444050
v -0.185618 0.098873 0.435006
v -0.188444 0.099996 0.435563
v -0.175077 0.117168 0.424243
v -0.177600 0.118952 0.424318
v -0.196856 0.073445 0.426879
v -0.196059 0.097906 0.419766
v -0.193487 0.097467 0.417735
v -0.185175 0.121094 0.405009
v -0.183236 0.119321 0.403722
v -0.173686 0.134459 0.392471
v -0.172678 0.132347 0.391229
v -0.153769 0.144011 0.391779
v -0.138222 0.145454 0.390490
v -0.126257 0.148530 0.391029
v -0.106701 0.140798 0.388398
v -0.105524 0.142947 0.390039
v -0.086545 0.126839 0.403049
v -0.088823 0.125639 0.401207
v -0.073411 0.101285 0.413391
v -0.073779 0.096253 0.434180
v -0.077102 0.096876 0.433948
v -0.081459 0.113970 0.428278
v -0.084164 0.112165 0.428438
v -0.094827 0.129927 0.420472
v -0.096869 0.127935 0.420623
v -0.076719 0.100380 0.412052
v -0.098701 0.138045 0.398965
v -0.122940 0.138846 0.424172
v -0.122872 0.135558 0.424193
v -0.153184 0.133673 0.425183
v -0.152266 0.130626 0.425200
v -0.125221 0.146549 0.401882
v -0.154604 0.141413 0.402246
v -0.177157 0.130240 0.400592
v -0.020216 0.150086 1.350537
v -0.019813 0.153075 1.350945
v -0.037564 0.155543 1.366693
v -0.036762 0.158515 1.366773
v -0.065708 0.159657 1.370414
v -0.063710 0.156273 1.369799
v -0.014557 0.153612 1.376192
v -0.014707 0.150542 1.377237
v -0.034192 0.158739 1.377588
v -0.034033 0.155725 1.378522
v -0.070879 0.160044 1.382031
v -0.075918 0.157110 1.384282
v -0.095016 0.162720 1.386734
v -0.110485 0.159871 1.390272
v -0.114166 0.162714 1.390261
v -0.136818 0.159704 1.394211
v -0.131942 0.156741 1.394276
v -0.097742 0.160393 1.374567
v -0.097356 0.163399 1.374981
v -0.116572 0.160980 1.377781
v -0.116277 0.163562 1.378317
v -0.133707 0.157828 1.381199
v -0.147232 0.159446 1.383768
v -0.150461 0.155917 1.384119
v -0.151288 0.156155 1.397357
v -0.051487 -0.082641 1.666427
v -0.062727 -0.067697 1.675360
v -0.059012 -0.074114 1.655070
v -0.040374 -0.092156 1.658644
v -0.028403 -0.097590 1.648913
v -0.021370 -0.098443 1.641618
v -0.019587 -0.097849 1.636107
v -0.063073 -0.061336 1.688217
v -0.048570 -0.081944 1.674378
v -0.036655 -0.093692 1.664264
v -0.024681 -0.097559 1.653226
v -0.016500 -0.098486 1.643395
v -0.011742 -0.098002 1.636842
v -0.034586 -0.089041 1.627151
v -0.025957 -0.094039 1.627900
v -0.046414 -0.081749 1.630361
v -0.048408 -0.077003 1.620225
v -0.030810 -0.086987 1.616459
v -0.038227 -0.079921 1.613168
v -0.046991 -0.071861 1.612432
v -0.054882 -0.064344 1.614909
v -0.056667 -0.069299 1.622677
v -0.060908 -0.057743 1.620278
v -0.066357 -0.059318 1.636574
v -0.065629 -0.051036 1.628801
v -0.056214 -0.074314 1.637943
v -0.070119 -0.054796 1.652918
v -0.066337 -0.062498 1.664981
v -0.070883 -0.053747 1.666969
v -0.072864 -0.042046 1.668089
v -0.071814 -0.041544 1.681904
v -0.068886 -0.052833 1.685418
v -0.070113 -0.042023 1.692348
v -0.067109 -0.043266 1.701981
v -0.072504 -0.043024 1.656183
v -0.070625 -0.045955 1.642552
v -0.060482 -0.062460 1.687392
v -0.035594 -0.092011 1.665189
v -0.016665 -0.096322 1.629198
v -0.022388 -0.093312 1.623009
v -0.016689 -0.113907 1.314638
v -0.019591 -0.107720 1.312035
v -0.017479 -0.110443 1.330271
v -0.019999 -0.105660 1.328924
v -0.019369 -0.101959 1.345297
v -0.017092 -0.105556 1.344226
v -0.007641 -0.102372 1.352922
v -0.010125 -0.097747 1.352354
v -0.006292 -0.096530 1.361344
v -0.010001 -0.093450 1.360215
v -0.005835 -0.090589 1.363152
v -0.410443 0.057221 1.289261
v -0.408697 0.057295 1.286884
v -0.406846 0.071004 1.290364
v -0.408704 0.071022 1.292197
v -0.413029 0.084826 1.282502
v -0.414439 0.085557 1.285002
v -0.416335 0.096853 1.264622
v -0.418632 0.097734 1.266958
v -0.422996 0.069546 1.284566
v -0.422876 0.056789 1.283807
v -0.428656 0.082810 1.277089
v -0.433656 0.098820 1.256352
v -0.420842 0.108345 1.251628
v -0.421961 0.107502 1.255872
v -0.425043 0.121501 1.234118
v -0.427073 0.123149 1.234852
v -0.416182 0.123405 1.224405
v -0.417916 0.125965 1.223997
v -0.409003 0.116713 1.193710
v -0.410053 0.119556 1.192503
v -0.423069 0.056920 1.280131
v -0.422545 0.069417 1.281170
v -0.427954 0.081820 1.273962
v -0.430969 0.091293 1.259991
v -0.434066 0.100215 1.250476
v -0.406592 0.101764 1.179569
v -0.406159 0.104780 1.178023
v -0.403703 0.084481 1.166993
v -0.402636 0.085816 1.164559
v -0.400479 0.062667 1.158819
v -0.399619 0.063645 1.155950
v -0.390698 0.040067 1.169631
v -0.388932 0.038908 1.167208
v -0.438014 0.111319 1.238387
v -0.436904 0.108972 1.236767
v -0.438927 0.119992 1.220015
v -0.438761 0.116770 1.218899
v -0.436559 0.119219 1.201075
v -0.437109 0.116089 1.201137
v -0.431844 0.113116 1.174477
v -0.432688 0.109549 1.174443
v -0.424620 0.093801 1.154250
v -0.426639 0.091866 1.154697
v -0.421523 0.074419 1.142421
v -0.419150 0.061967 1.138461
v -0.412125 0.044986 1.141595
v -0.404558 0.033181 1.149635
v -0.408340 0.034752 1.149855
v -0.423401 0.074291 1.143577
v -0.430944 0.042351 1.133736
v -0.423936 0.044463 1.133373
v -0.439632 0.068050 1.130735
v -0.438237 0.068881 1.135030
v -0.465835 0.058951 1.117153
v -0.470011 0.059443 1.117838
v -0.442558 0.040579 1.125728
v -0.460669 0.034828 1.120880
v -0.458618 0.035516 1.117962
v -0.430078 0.059383 1.132477
v -0.461696 0.050479 1.117666
v -0.460482 0.048845 1.116516
v -0.464077 0.058979 1.114875
v -0.491766 0.070683 1.105808
v -0.494625 0.070059 1.108205
v -0.470330 0.035611 1.107756
v -0.473729 0.050432 1.105634
v -0.479786 0.051535 1.104053
v -0.475649 0.032367 1.106994
v -0.477455 0.017918 1.109537
v -0.520592 0.074741 1.107241
v -0.539966 0.072245 1.112628
v -0.556487 0.065975 1.120288
v -0.571783 0.048597 1.131160
v -0.500685 0.024615 1.091696
v -0.537985 0.015673 1.064672
v -0.540531 0.028979 1.062439
v -0.542361 0.021571 1.061872
v -0.556805 0.011209 1.053028
v -0.554218 0.017001 1.048132
v -0.544863 0.024863 1.059848
v -0.558781 0.022172 1.050360
v -0.562912 0.014037 1.048039
v -0.560294 0.027589 1.050679
v -0.556310 0.005271 1.053746
v -0.556486 0.002053 1.058745
v -0.567546 -0.005406 1.053194
v -0.571547 -0.004262 1.057337
v -0.564635 0.013427 1.048820
v -0.563384 0.044404 1.059808
v -0.572595 0.055983 1.073688
v -0.590170 0.052546 1.085711
v -0.597108 0.049818 1.075378
v -0.582385 0.051638 1.066734
v -0.573427 0.041867 1.053398
v -0.597429 0.046497 1.075440
v -0.583392 0.048002 1.067327
v -0.574879 0.040563 1.054173
v -0.573901 0.029581 1.043686
v -0.575962 0.028835 1.046365
v -0.389068 0.018897 1.212316
v -0.389290 0.022237 1.212512
v -0.394957 0.028904 1.229883
v -0.397188 0.028049 1.239784
v -0.385680 0.021927 1.188558
v -0.386727 0.024993 1.189422
v -0.397047 0.030937 1.239800
v -0.406603 0.029193 1.248015
v -0.406478 0.026865 1.248062
v -0.409924 0.038686 1.275358
v -0.409273 0.040581 1.273029
v -0.421994 0.036187 1.270931
v -0.417961 0.021964 1.246310
v -0.422579 0.037798 1.268245
v -0.419260 0.024445 1.245209
v -0.414901 0.017822 1.222445
v -0.416781 0.019705 1.220168
v -0.407561 0.010609 1.194250
v -0.405344 0.008209 1.195511
v -0.404498 0.017259 1.167807
v -0.401405 0.015476 1.168169
v -0.385863 0.028075 1.177533
v -0.578079 0.021220 1.035632
v -0.581205 0.020204 1.037913
v -0.576557 0.009282 1.037889
v -0.577273 -0.000149 1.040730
v -0.581405 -0.000408 1.044353
v -0.590515 0.012503 1.019698
v -0.588333 0.005385 1.019661
v -0.588395 -0.002004 1.021757
v -0.590664 -0.002189 1.023976
v -0.615194 0.003159 1.003032
v -0.616495 0.003929 1.007414
v -0.611320 -0.009508 1.004100
v -0.624265 -0.007090 0.995956
v -0.627666 0.008832 0.998999
v -0.635457 0.003261 0.991195
v -0.637869 -0.006489 0.987814
v -0.616630 -0.020021 0.999098
v -0.625303 -0.022418 0.993422
v -0.634375 -0.016612 0.988576
v -0.628435 -0.025280 0.998051
v -0.617202 -0.022070 1.002969
v -0.612562 -0.010132 1.008669
v -0.605053 -0.007028 1.011113
v -0.629499 0.010678 1.001428
v -0.636098 -0.018392 0.990537
v -0.639528 -0.006781 0.988748
v -0.637472 0.003604 0.993151
v 0.648859 -0.057714 1.015247
v 0.666182 -0.065788 0.999752
v 0.669436 -0.060808 0.999932
v 0.670694 -0.062959 0.990661
v 0.672376 -0.054839 0.989198
v 0.671588 -0.054873 0.998033
v 0.664267 -0.070520 0.991699
v 0.634834 -0.064295 0.996111
v 0.624000 -0.061039 1.021972
v 0.624114 -0.063267 0.998149
v 0.652758 -0.072158 0.986437
v 0.635457 -0.056752 0.981369
v 0.648169 -0.066982 0.977683
v 0.655213 -0.069952 0.971602
v 0.656123 -0.059729 0.966858
v 0.651186 -0.055652 0.973016
v 0.661967 -0.051765 0.967220
v 0.656257 -0.047059 0.972446
v 0.642043 -0.036841 0.976658
v 0.654890 -0.042392 0.972712
v 0.658484 -0.038527 0.972264
v 0.658212 -0.026200 0.970929
v 0.667052 -0.042012 0.980986
v 0.666066 -0.044768 0.981843
v 0.664427 -0.027814 0.964118
v 0.668510 -0.018212 0.966793
v 0.662529 -0.014490 0.971598
v 0.665296 -0.037576 0.966633
v 0.673103 -0.041485 0.975038
v 0.679343 -0.016339 0.974764
v 0.674353 -0.013663 0.980152
v 0.696838 -0.018731 0.953824
v 0.682144 -0.019808 0.950553
v 0.690360 -0.021308 0.943454
v 0.684248 -0.031227 0.943258
v 0.698023 -0.023605 0.927986
v 0.693816 -0.032945 0.926927
v 0.685564 -0.041622 0.943972
v 0.693637 -0.042703 0.927903
v 0.697227 -0.045758 0.946742
v 0.706336 -0.049292 0.929929
v 0.711731 -0.022200 0.930160
v 0.702422 -0.020748 0.946756
v 0.703519 -0.024689 0.922442
v 0.698770 -0.043773 0.922596
v 0.690221 -0.045378 0.955430
v 0.699159 -0.033979 0.921081
v 0.719543 -0.023471 0.919434
v 0.712172 -0.051346 0.922582
v 0.711680 -0.026281 0.910342
v 0.706737 -0.035551 0.908851
v 0.719574 -0.028321 0.903651
v 0.714625 -0.037051 0.902202
v 0.707123 -0.045845 0.910252
v 0.715149 -0.046544 0.903441
v 0.721317 -0.051642 0.908726
v 0.728091 -0.027101 0.906399
v 0.723740 -0.038895 0.897403
v 0.721762 -0.045779 0.899128
v 0.730641 -0.040387 0.897081
v 0.731894 -0.031442 0.899062
v 0.725981 -0.032048 0.898455
v 0.727620 -0.048657 0.899614
v 0.638381 -0.024037 1.052273
v 0.627018 -0.042389 1.045282
v 0.638167 -0.049630 1.030717
v 0.663497 -0.037538 1.014719
v 0.648361 -0.002414 1.048459
v 0.640191 0.023355 1.055437
v 0.658395 0.018791 1.030234
v 0.625643 0.006171 1.080611
v 0.615452 -0.056568 1.036320
v 0.623834 0.027446 1.076088
v 0.610069 0.041576 1.063632
v 0.628740 0.035690 1.058507
v 0.603575 0.043025 1.070699
v 0.597266 0.044160 1.051915
v 0.616821 0.043846 1.044258
v 0.640121 0.036582 1.039324
v 0.591022 0.043233 1.058541
v 0.586380 0.037979 1.042068
v 0.607941 0.046728 1.034753
v 0.632821 0.045483 1.030161
v 0.653783 0.043558 1.011419
v 0.655939 0.036182 1.022044
v 0.643003 0.047537 1.001963
v 0.622687 0.048100 1.017910
v 0.613662 0.041575 1.009797
v 0.597582 0.040849 1.024623
v 0.591705 0.027572 1.019889
v 0.607917 0.025727 1.006479
v 0.628866 0.040124 0.999425
v 0.582113 0.027166 1.038789
v 0.580415 0.039135 1.049401
v 0.628989 0.021837 0.998899
v 0.668363 0.017978 1.014710
v 0.676557 0.034554 1.000827
v 0.677274 0.028905 1.000779
v 0.672702 0.039906 1.000051
v 0.638709 0.040827 0.991248
v 0.637841 0.020508 0.989959
v 0.669222 0.045379 0.976768
v 0.661231 0.042058 0.973413
v 0.646824 0.039245 0.982244
v 0.673326 0.042911 0.991880
v 0.658845 0.032035 0.973590
v 0.648654 0.019181 0.978874
v 0.666331 0.025584 0.968209
v 0.674167 0.021769 0.974654
v 0.676252 0.043384 0.981750
v 0.684461 0.045389 0.969253
v 0.694710 0.039366 0.962993
v 0.691005 0.047498 0.960555
v 0.693869 0.030229 0.960823
v 0.683528 0.048438 0.954803
v 0.676714 0.045473 0.950727
v 0.682911 0.023961 0.962015
v 0.700577 0.041318 0.945959
v 0.699559 0.050976 0.939821
v 0.703972 0.032540 0.937634
v 0.690416 0.051993 0.936793
v 0.681585 0.047189 0.936294
v 0.675026 0.036141 0.949688
v 0.680229 0.038422 0.933781
v 0.679628 0.027806 0.948802
v 0.684523 0.030990 0.934238
v 0.689505 0.027085 0.950110
v 0.696296 0.028051 0.932873
v 0.705796 0.043103 0.934366
v 0.688802 0.030701 0.929362
v 0.702561 0.052250 0.930414
v 0.700524 0.052885 0.917084
v 0.707724 0.034711 0.926538
v 0.685464 0.048456 0.931504
v 0.683526 0.039438 0.929415
v 0.694225 0.049951 0.915960
v 0.692604 0.042421 0.913711
v 0.697706 0.034612 0.914008
v 0.704799 0.032806 0.916604
v 0.710459 0.051762 0.912183
v 0.712881 0.045942 0.910819
v 0.713040 0.039241 0.910407
v 0.706906 0.045499 0.907112
v 0.705365 0.051340 0.910070
v 0.707737 0.037892 0.908195
v 0.600193 -0.017174 1.008512
v 0.595405 -0.038434 0.999617
v 0.581958 -0.036553 1.011526
v 0.621096 -0.036478 0.996466
v 0.617330 -0.049433 0.995317
v 0.627515 -0.051071 0.989732
v 0.634303 -0.032407 0.987195
v 0.648734 -0.009000 0.977397
v 0.659310 -0.010233 0.972974
v 0.661350 -0.006173 0.971599
v 0.659966 0.005341 0.971532
v 0.673405 -0.008854 0.979435
v 0.672834 -0.010980 0.981904
v 0.664975 0.004827 0.965869
v 0.667490 0.014947 0.967432
v 0.662834 0.016570 0.971772
v 0.667846 -0.004619 0.967011
v 0.672373 0.017851 0.978743
v 0.687141 0.016411 0.961058
v 0.684888 0.014121 0.946419
v 0.693961 0.016470 0.950855
v 0.676557 0.004621 0.950341
v 0.681638 0.004340 0.946253
v 0.679391 -0.005179 0.952050
v 0.685632 -0.005296 0.945392
v 0.694621 -0.008186 0.949037
v 0.687714 -0.008362 0.960024
v 0.692302 -0.005430 0.928004
v 0.690298 0.003842 0.926913
v 0.692702 0.012716 0.927745
v 0.704154 -0.009608 0.929328
v 0.702338 0.016285 0.935814
v 0.705137 0.017418 0.928364
v 0.697222 0.012831 0.922724
v 0.697404 -0.006059 0.922833
v 0.695154 0.003528 0.921433
v 0.710404 0.017657 0.920593
v 0.704371 0.012563 0.909302
v 0.702302 0.004400 0.908618
v 0.711402 0.012936 0.903734
v 0.708630 0.004839 0.902178
v 0.704262 -0.004723 0.909901
v 0.710172 -0.003793 0.903446
v 0.713563 -0.009274 0.912399
v 0.717574 -0.006928 0.905286
v 0.718643 0.015227 0.904924
v 0.714129 0.016914 0.911955
v 0.715778 0.004856 0.897384
v 0.716725 -0.002364 0.899094
v 0.722453 0.004423 0.896284
v 0.722520 0.012210 0.898389
v 0.717400 0.011420 0.899089
v 0.721778 -0.002676 0.898545
v 0.709456 -0.010346 0.921303
v 0.683400 0.005053 0.999243
v 0.671104 -0.009973 1.014802
v 0.681236 0.011503 0.998203
v 0.682543 -0.001564 0.998691
v 0.683044 -0.028954 1.000761
v 0.682383 -0.020976 0.999011
v 0.680519 -0.035856 0.999627
v 0.670286 -0.044160 0.996965
v 0.680369 -0.037898 0.989809
v 0.682483 -0.039195 0.983107
v 0.694252 -0.042438 0.967802
v 0.702693 -0.044605 0.959900
v 0.698615 -0.032640 0.969759
v 0.707426 -0.033914 0.961619
v 0.706548 -0.023286 0.959444
v 0.698073 -0.022964 0.967654
v 0.709996 -0.025222 0.951265
v 0.710771 -0.034810 0.952914
v 0.721330 -0.037702 0.935640
v 0.720568 -0.027030 0.934819
v 0.716137 -0.047696 0.935900
v 0.706273 -0.044728 0.952046
v 0.726679 -0.028912 0.923592
v 0.723047 -0.048733 0.923742
v 0.735100 -0.031595 0.909646
v 0.735870 -0.041254 0.910005
v 0.731264 -0.049847 0.910148
v 0.738105 -0.041898 0.900543
v 0.738079 -0.033546 0.901674
v 0.734243 -0.049410 0.902100
v 0.682718 -0.003280 0.989409
v 0.676841 -0.010864 0.998913
v 0.684912 -0.003591 0.981035
v 0.694222 -0.005027 0.965928
v 0.701863 -0.006062 0.958302
v 0.696737 0.004357 0.968628
v 0.705267 0.004689 0.958026
v 0.701623 0.013980 0.958519
v 0.694175 0.013059 0.966850
v 0.704466 0.013262 0.950868
v 0.716238 0.004478 0.936308
v 0.709534 0.013723 0.940591
v 0.707494 -0.005683 0.944855
v 0.715439 0.014921 0.931585
v 0.714787 -0.006858 0.933023
v 0.723401 0.004300 0.918836
v 0.718785 -0.005956 0.922393
v 0.726792 0.012585 0.906021
v 0.728789 0.003889 0.906315
v 0.726455 -0.004585 0.905938
v 0.728788 0.004236 0.898078
v 0.727749 0.011033 0.899069
v 0.726988 -0.002589 0.899214
v 0.677808 0.027220 0.990965
v 0.674736 0.019576 0.994990
v 0.679695 0.027682 0.981299
v 0.680727 0.035785 0.983236
v 0.681087 0.014175 0.988975
v 0.684726 0.013898 0.979853
v 0.687384 0.005479 0.982483
v 0.684188 0.005382 0.989804
v 0.683571 -0.020193 0.989475
v 0.686898 -0.021205 0.982564
v 0.686451 -0.029734 0.984951
v 0.683930 -0.029354 0.990733
v 0.660043 -0.074703 0.979436
v 0.670025 -0.078451 0.951219
v 0.670105 -0.067897 0.949226
v 0.672637 -0.057127 0.954286
v 0.680860 -0.057590 0.963237
v 0.686761 -0.060571 0.954356
v 0.678677 -0.061033 0.947567
v 0.684361 -0.065909 0.932465
v 0.678965 -0.073641 0.931646
v 0.681185 -0.086491 0.929511
v 0.673621 -0.082537 0.961647
v 0.689787 -0.094309 0.932261
v 0.698418 -0.068058 0.933333
v 0.690394 -0.088384 0.951703
v 0.698368 -0.080861 0.947515
v 0.695101 -0.068484 0.955044
v 0.706401 -0.075330 0.934733
v 0.705486 -0.085906 0.936025
v 0.698954 -0.094821 0.936780
v 0.690174 -0.074898 0.965919
v 0.692254 -0.065616 0.962723
v 0.684921 -0.062531 0.970243
v 0.683257 -0.083592 0.966325
v 0.676219 -0.057401 0.981544
v 0.670983 -0.051996 0.975030
v 0.666303 -0.047686 0.980345
v 0.713372 -0.090798 0.916576
v 0.717681 -0.085874 0.907053
v 0.702958 -0.096407 0.926517
v 0.706135 -0.073764 0.915766
v 0.710492 -0.077742 0.909509
v 0.698506 -0.098139 0.917129
v 0.701831 -0.095248 0.904844
v 0.688832 -0.091050 0.914825
v 0.696542 -0.084797 0.906790
v 0.690003 -0.081648 0.912400
v 0.700796 -0.077990 0.906754
v 0.695017 -0.074188 0.912505
v 0.712411 -0.099113 0.908440
v 0.704837 -0.088950 0.902518
v 0.710966 -0.091448 0.902661
v 0.713020 -0.083210 0.903486
v 0.707964 -0.082705 0.902665
v 0.706809 -0.098453 0.905200
v 0.716719 -0.093225 0.906960
v 0.683475 -0.076620 0.925511
v 0.688686 -0.069069 0.925564
v 0.703974 -0.071492 0.923079
v 0.700357 0.044461 0.907771
v 0.700852 0.050021 0.909773
v 0.702388 0.038375 0.908337
v 0.674960 0.026407 0.954583
v 0.671607 0.035519 0.953376
v 0.587757 -0.087294 1.009330
v 0.597390 -0.088832 1.007826
v 0.600883 -0.079673 1.017370
v 0.590844 -0.078327 1.019366
v 0.578574 -0.081187 1.006704
v 0.580529 -0.071440 1.016839
v 0.607434 -0.077561 1.007752
v 0.604371 -0.085688 1.000789
v 0.578092 -0.074194 0.997600
v 0.580044 -0.063499 1.006837
v 0.582742 -0.073861 0.982903
v 0.588704 -0.059879 0.996267
v 0.595867 -0.077282 0.978905
v 0.601365 -0.064266 0.993430
v 0.605422 -0.083292 0.984422
v 0.608453 -0.070288 0.997698
v 0.573042 -0.090737 0.999277
v 0.582999 -0.099361 1.000365
v 0.595852 -0.099649 1.001030
v 0.603805 -0.097261 0.990277
v 0.595527 -0.104657 0.994987
v 0.580802 -0.107073 0.986629
v 0.594084 -0.109211 0.986239
v 0.569593 -0.099536 0.983953
v 0.570704 -0.094764 0.993216
v 0.601657 -0.103861 0.979122
v 0.570074 -0.090976 0.975923
v 0.572370 -0.083407 0.986879
v 0.579361 -0.083459 0.969701
v 0.593190 -0.085114 0.968628
v 0.603432 -0.093213 0.972433
v 0.595939 -0.114157 0.967470
v 0.595574 -0.106411 0.961510
v 0.590375 -0.113612 0.957288
v 0.587293 -0.100557 0.957494
v 0.583433 -0.110908 0.954611
v 0.589972 -0.119660 0.960371
v 0.579985 -0.118287 0.956736
v 0.576247 -0.107438 0.955916
v 0.571569 -0.111824 0.957983
v 0.576943 -0.098431 0.959389
v 0.569485 -0.102690 0.964207
v 0.568948 -0.117298 0.963803
v 0.577285 -0.118909 0.972499
v 0.576252 -0.123514 0.964432
v 0.585761 -0.124601 0.965901
v 0.611518 -0.071159 1.017376
v 0.599907 -0.072391 1.032694
v 0.589284 -0.070643 1.032283
v 0.607066 -0.055700 1.043402
v 0.594680 -0.053411 1.044051
v 0.582693 -0.050843 1.039583
v 0.581119 -0.065646 1.028121
v 0.578270 -0.051530 1.014953
v 0.574794 -0.038937 1.025436
v 0.591547 -0.049167 0.998487
v 0.608073 -0.056016 0.994709
v 0.616066 -0.065774 0.999461
v 0.599711 -0.037525 1.055445
v 0.585105 -0.039696 1.050165
v 0.577312 -0.028304 1.035450
v 0.613483 -0.037023 1.056612
v 0.603548 -0.026239 1.070472
v 0.623167 -0.019109 1.070310
v 0.589388 -0.031021 1.061661
v 0.580025 -0.026133 1.071804
v 0.572855 -0.020045 1.063056
v 0.579872 -0.022425 1.050891
v 0.582404 -0.008021 1.046571
v 0.586990 -0.011841 1.024570
v 0.395456 0.118025 1.260686
v 0.394148 0.104743 1.272649
v 0.387796 0.122619 1.234684
v 0.363761 0.115566 1.226507
v 0.379671 0.103251 1.288398
v 0.366700 0.095122 1.207886
v 0.341258 0.104351 1.235000
v 0.349686 0.084789 1.224412
v 0.362121 0.074450 1.207275
v 0.344040 0.070936 1.223976
v 0.360346 0.048660 1.209542
v 0.346669 0.051149 1.222831
v 0.348785 0.115826 1.242035
v 0.349778 0.120666 1.265404
v 0.337814 0.117546 1.253427
v 0.329939 0.108000 1.245143
v 0.331108 0.088563 1.238264
v 0.310263 0.072339 1.246575
v 0.322475 0.053812 1.241019
v 0.334707 0.052520 1.232054
v 0.301521 0.054853 1.252954
v 0.276636 0.054986 1.268465
v 0.276115 0.071639 1.267459
v 0.249325 0.070834 1.287445
v 0.276239 0.089513 1.268089
v 0.247850 0.088875 1.286188
v 0.224478 0.071558 1.306556
v 0.209720 0.091167 1.319331
v 0.208753 0.072199 1.321269
v 0.250530 0.053534 1.288770
v 0.225871 0.053771 1.309415
v 0.210571 0.051333 1.322342
v 0.247762 0.106092 1.287268
v 0.274523 0.105350 1.270101
v 0.251422 0.122975 1.292512
v 0.274877 0.119851 1.276256
v 0.281697 0.132199 1.287396
v 0.260439 0.135238 1.303468
v 0.224276 0.122517 1.316827
v 0.239076 0.134315 1.321361
v 0.275388 0.138737 1.322760
v 0.257406 0.138429 1.337168
v 0.295953 0.135929 1.306736
v 0.215530 0.107373 1.317185
v 0.223413 0.131929 1.335562
v 0.296797 0.110897 1.261746
v 0.298367 0.126822 1.275127
v 0.310859 0.130800 1.293665
v 0.307121 0.134338 1.321857
v 0.286917 0.136508 1.337846
v 0.316666 0.127677 1.333363
v 0.297041 0.128570 1.350700
v 0.270690 0.135383 1.351275
v 0.279788 0.127567 1.363351
v 0.305422 0.109735 1.363227
v 0.325846 0.109924 1.345689
v 0.203776 0.120431 1.337790
v 0.201425 0.109339 1.330846
v 0.199462 0.091679 1.327060
v 0.199691 0.070198 1.327740
v 0.199089 0.046732 1.328733
v 0.328542 0.087462 1.350165
v 0.328625 0.062492 1.348200
v 0.300237 0.032624 1.356456
v 0.323856 0.035932 1.338447
v 0.290806 0.012647 1.339855
v 0.315008 0.012539 1.323726
v 0.269968 0.011448 1.355124
v 0.347475 0.039008 1.320437
v 0.341326 0.013569 1.305772
v 0.353658 0.063041 1.325054
v 0.348244 0.085012 1.328164
v 0.365355 0.082405 1.313987
v 0.346531 0.104380 1.324721
v 0.363572 0.097524 1.308437
v 0.379781 0.082150 1.304943
v 0.394010 0.081913 1.296244
v 0.374927 0.115119 1.279438
v 0.392641 0.062746 1.296085
v 0.379052 0.064520 1.303539
v 0.376418 0.043163 1.295257
v 0.364312 0.041825 1.306801
v 0.370721 0.020480 1.280221
v 0.359091 0.015716 1.291113
v 0.360570 0.009802 1.262727
v 0.347151 0.006573 1.273215
v 0.344511 0.015620 1.237826
v 0.328221 0.013270 1.244446
v 0.337331 0.033511 1.231070
v 0.321711 0.034386 1.238201
v 0.381089 0.025367 1.267973
v 0.387232 0.027084 1.242519
v 0.372665 0.029498 1.226932
v 0.393405 0.032138 1.254414
v 0.400809 0.042747 1.275935
v 0.388866 0.043709 1.285434
v 0.351291 0.034889 1.225382
v 0.364783 0.035022 1.217176
v 0.376790 0.030157 1.202094
v 0.381705 0.027029 1.218306
v 0.384242 0.029629 1.228321
v 0.420329 0.121922 1.239197
v 0.405555 0.124893 1.222466
v 0.393034 0.122148 1.205457
v 0.379658 0.092530 1.195783
v 0.395285 0.087574 1.177717
v 0.397322 0.103973 1.187257
v 0.444093 0.013150 1.228975
v 0.455032 0.028946 1.247282
v 0.426347 0.021571 1.242284
v 0.430543 0.009458 1.206100
v 0.463401 0.006011 1.213737
v 0.477104 0.024921 1.231038
v 0.449699 0.000038 1.191154
v 0.433964 -0.000829 1.171566
v 0.462129 0.046133 1.255504
v 0.484957 0.041144 1.236817
v 0.485333 0.000637 1.196166
v 0.499314 0.023903 1.210607
v 0.509153 -0.002228 1.176571
v 0.491175 -0.009485 1.158063
v 0.469387 -0.006141 1.175881
v 0.475243 -0.006455 1.139445
v 0.454429 -0.006029 1.155390
v 0.467251 0.006462 1.125785
v 0.443466 0.006580 1.137786
v 0.442162 0.027172 1.129828
v 0.538004 0.013598 1.168415
v 0.531068 -0.004564 1.154050
v 0.422922 0.009734 1.151280
v 0.421537 0.030387 1.138800
v 0.553327 0.037118 1.161653
v 0.529859 0.043578 1.187721
v 0.506777 0.049103 1.215204
v 0.488983 0.057553 1.237111
v 0.465887 0.061409 1.256889
v 0.466564 0.072978 1.251255
v 0.487755 0.072323 1.229905
v 0.466857 0.080154 1.243130
v 0.488461 0.085397 1.219303
v 0.465237 0.092169 1.235468
v 0.462031 0.102843 1.224357
v 0.486250 0.096402 1.207593
v 0.479042 0.106335 1.191544
v 0.466747 0.109737 1.174712
v 0.498376 0.100066 1.175283
v 0.486018 0.103720 1.159487
v 0.518895 0.090882 1.157508
v 0.507502 0.093416 1.141066
v 0.538096 0.079089 1.139174
v 0.506575 0.088848 1.190732
v 0.490802 0.091629 1.129746
v 0.457539 0.082747 1.130820
v 0.468018 0.100436 1.146774
v 0.440007 0.087619 1.143726
v 0.550498 0.062546 1.151966
v 0.527238 0.078485 1.171340
v 0.529481 0.061947 1.183702
v 0.509615 0.076626 1.201442
v 0.510290 0.061580 1.208858
v 0.211085 0.031749 1.324286
v 0.250362 0.035291 1.287490
v 0.276640 0.036087 1.265622
v 0.239558 0.015792 1.310318
v 0.282576 0.014052 1.273571
v 0.266455 0.005834 1.309396
v 0.291519 0.004196 1.290005
v 0.281229 0.008431 1.327450
v 0.305161 0.004461 1.308407
v 0.245193 0.007278 1.329322
v 0.260088 0.006323 1.344852
v 0.241233 0.005443 1.360717
v 0.228197 0.006751 1.346452
v 0.306970 0.013457 1.256555
v 0.328786 0.004848 1.288918
v 0.300692 0.035174 1.249283
v 0.221687 0.002949 1.356523
v 0.202057 0.006143 1.350598
v 0.216196 0.013988 1.333211
v 0.193464 0.023181 1.339483
v 0.187525 0.009752 1.347639
v 0.259790 0.068738 1.441024
v 0.256636 0.042216 1.441060
v 0.238684 0.043458 1.455557
v 0.243177 0.070473 1.455212
v 0.218691 0.045430 1.463205
v 0.222252 0.071743 1.464666
v 0.207947 0.019275 1.458024
v 0.227544 0.014841 1.449555
v 0.192912 -0.000174 1.445015
v 0.209902 -0.005303 1.433053
v 0.253316 0.101140 1.434337
v 0.236419 0.102889 1.451299
v 0.217030 0.100751 1.461965
v 0.197729 0.047671 1.465412
v 0.187332 0.026302 1.461483
v 0.195486 0.075386 1.465929
v 0.193372 0.096367 1.464198
v 0.187640 0.118798 1.459086
v 0.161333 0.111280 1.460907
v 0.162088 0.134353 1.447994
v 0.176047 0.137814 1.446288
v 0.159739 0.147794 1.430351
v 0.204294 0.124057 1.455306
v 0.189978 0.140500 1.438542
v 0.224655 0.127389 1.440564
v 0.206146 0.141733 1.424717
v 0.169390 0.150647 1.415282
v 0.238581 0.127602 1.422425
v 0.245918 0.016676 1.434441
v 0.233954 0.001596 1.423019
v 0.192577 -0.017323 1.416953
v 0.177613 -0.011698 1.431788
v 0.167811 -0.017857 1.422915
v 0.181075 -0.025941 1.404923
v 0.154812 -0.027115 1.415482
v 0.154505 -0.045337 1.394525
v 0.164947 -0.051651 1.374218
v 0.137023 -0.070986 1.365152
v 0.140329 -0.076385 1.338434
v 0.135027 -0.078089 1.320996
v 0.117277 -0.080744 1.362077
v 0.122068 -0.088304 1.335182
v 0.094761 -0.088282 1.360573
v 0.098316 -0.096929 1.336045
v 0.065075 -0.094368 1.358985
v 0.067276 -0.102012 1.338201
v 0.070580 -0.104544 1.322657
v 0.053428 -0.106143 1.324330
v 0.065363 -0.103742 1.306945
v 0.088721 -0.098460 1.301880
v 0.093487 -0.100578 1.319324
v 0.061545 -0.108726 1.294174
v 0.099557 -0.094105 1.286422
v 0.076168 -0.107370 1.269606
v 0.057002 -0.113291 1.274920
v 0.050284 -0.110247 1.247011
v 0.062141 -0.105685 1.233292
v 0.077741 -0.097431 1.225747
v 0.099835 -0.088406 1.239752
v 0.086735 -0.083397 1.196788
v 0.073516 -0.094593 1.199047
v 0.054047 -0.102599 1.181442
v 0.070635 -0.093462 1.173362
v 0.067357 -0.094051 1.142361
v 0.048957 -0.101216 1.131023
v 0.061125 -0.095368 1.108957
v 0.034148 -0.103523 1.102291
v 0.000000 -0.107598 1.075519
v 0.000000 -0.105170 1.102848
v 0.059513 -0.095650 1.080513
v 0.030936 -0.104113 1.125694
v 0.000000 -0.103342 1.124724
v 0.031087 -0.105165 1.153243
v 0.000000 -0.102191 1.147587
v 0.000000 -0.104020 1.177116
v 0.000000 -0.110877 0.996812
v 0.031369 -0.106918 1.026812
v 0.059106 -0.098605 1.033741
v 0.032277 -0.109103 1.201794
v 0.083687 -0.086133 1.040880
v 0.105530 -0.069736 1.047560
v 0.126606 -0.045123 1.081058
v 0.126121 -0.046597 1.054296
v 0.138351 -0.014933 1.060043
v 0.128692 -0.050087 1.027668
v 0.140501 -0.014317 1.033759
v 0.105253 -0.072289 1.021451
v 0.145165 -0.015263 1.007512
v 0.148703 -0.016431 0.983346
v 0.134728 -0.057732 0.982885
v 0.106524 -0.078942 0.995211
v 0.109274 -0.085069 0.975575
v 0.078465 -0.087321 0.983809
v 0.078550 -0.092395 0.964356
v 0.052193 -0.086545 0.954757
v 0.058206 -0.098956 1.006805
v 0.028681 -0.106038 0.972775
v 0.030500 -0.107368 1.001112
v 0.081876 -0.087084 1.012703
v 0.000000 -0.109787 0.967302
v 0.000000 -0.103832 0.940542
v 0.025898 -0.099385 0.946185
v 0.000000 -0.074864 0.919270
v 0.014562 -0.073736 0.920134
v 0.027009 -0.071177 0.922460
v 0.008110 -0.031250 0.911629
v 0.015248 -0.031420 0.910489
v 0.014124 0.003802 0.915447
v 0.006430 0.003935 0.919135
v 0.000000 0.003482 0.919599
v 0.000000 -0.032506 0.912248
v 0.025303 0.110414 1.508493
v 0.009668 0.107915 1.506056
v 0.008061 0.098533 1.527478
v 0.020849 0.099570 1.528265
v 0.027806 0.124453 1.487181
v 0.030020 0.140292 1.460286
v 0.029459 0.148859 1.434169
v 0.000000 0.106473 1.506167
v 0.000000 0.117773 1.485317
v 0.000000 0.098367 1.526644
v 0.033153 0.154502 1.404710
v 0.000000 0.145289 1.402329
v 0.000000 0.142525 1.432114
v 0.000000 0.135199 1.458233
v 0.050413 0.126474 1.485851
v 0.054286 0.142692 1.460345
v 0.076932 0.133662 1.472080
v 0.046040 0.108476 1.507327
v 0.039037 0.094070 1.529345
v 0.081837 0.117648 1.487172
v 0.064269 0.091800 1.511053
v 0.118362 0.103724 1.480904
v 0.090845 0.076375 1.499421
v 0.145409 0.081912 1.474511
v 0.112014 0.125067 1.470327
v 0.130348 0.129162 1.459412
v 0.141682 0.107058 1.470050
v 0.147263 0.130388 1.448429
v 0.097127 0.139724 1.457579
v 0.168827 0.081549 1.466242
v 0.164610 0.058761 1.465139
v 0.145314 0.059801 1.471074
v 0.118047 0.060045 1.483029
v 0.154878 0.039184 1.459616
v 0.158913 0.015219 1.451784
v 0.173057 0.007526 1.450617
v 0.157458 -0.006807 1.437590
v 0.146527 0.003428 1.443319
v 0.144865 -0.015236 1.429765
v 0.124197 -0.028707 1.426007
v 0.132323 -0.042383 1.409638
v 0.131190 -0.060034 1.388272
v 0.096872 -0.041143 1.421658
v 0.103815 -0.056018 1.404846
v 0.049853 -0.068364 1.398388
v 0.048076 -0.052304 1.415216
v 0.073105 -0.031065 1.432927
v 0.017176 -0.054253 1.412226
v 0.019860 -0.069498 1.395558
v 0.019204 -0.038439 1.424561
v 0.000000 -0.040593 1.417312
v 0.000000 -0.052415 1.410433
v 0.000000 -0.067447 1.394915
v 0.000000 -0.082976 1.374266
v 0.025171 -0.085231 1.376338
v 0.037099 -0.036378 1.428373
v 0.045644 -0.083947 1.378642
v 0.068058 -0.080854 1.380725
v 0.090745 -0.075807 1.382707
v 0.000000 -0.030222 1.422025
v 0.022020 -0.026186 1.429343
v 0.074372 -0.018559 1.436826
v 0.049632 -0.012875 1.441172
v 0.033631 -0.014897 1.438507
v 0.020714 -0.018567 1.438949
v 0.011973 -0.018384 1.438126
v 0.000000 -0.018671 1.432651
v 0.000000 -0.010553 1.459124
v 0.013808 -0.009145 1.464614
v 0.010825 -0.011760 1.479190
v 0.000000 -0.014267 1.478284
v 0.012584 -0.017122 1.497050
v 0.017184 -0.007917 1.480487
v 0.019316 -0.010565 1.499246
v 0.000000 -0.020879 1.496641
v 0.020840 -0.014869 1.448470
v 0.033685 -0.008538 1.449635
v 0.052658 -0.003442 1.454397
v 0.070735 -0.006952 1.445004
v 0.103413 -0.005305 1.441796
v 0.096151 -0.023353 1.437573
v 0.114302 -0.013621 1.439688
v 0.133624 -0.000325 1.440705
v 0.132075 0.009288 1.445196
v 0.142999 0.021966 1.450654
v 0.137800 0.041602 1.464716
v 0.111015 0.041609 1.474818
v 0.128057 0.025446 1.456418
v 0.088610 0.058706 1.496716
v 0.072110 0.071384 1.510630
v 0.055417 0.080262 1.529853
v 0.064787 0.067061 1.518575
v 0.061087 0.064468 1.529826
v 0.072539 0.056152 1.505529
v 0.085356 0.040586 1.486303
v 0.068919 0.039313 1.496282
v 0.064953 0.025934 1.485433
v 0.077685 0.024620 1.474407
v 0.091939 0.021788 1.464031
v 0.107553 0.018965 1.455909
v 0.119145 0.013134 1.448849
v 0.094016 0.004655 1.446663
v 0.080905 0.008535 1.453511
v 0.066577 0.010358 1.463200
v 0.053459 0.010756 1.474873
v 0.039924 -0.001619 1.469305
v 0.025156 -0.008206 1.468365
v 0.024598 -0.005931 1.482999
v 0.054577 0.023053 1.497416
v 0.062908 0.044556 1.511299
v 0.059434 0.045029 1.525893
v 0.055277 0.029413 1.520409
v 0.024981 -0.004854 1.502284
v 0.032607 -0.003488 1.485052
v 0.032944 -0.000414 1.505024
v 0.043060 0.005897 1.487219
v 0.044359 0.009734 1.512364
v 0.019954 0.139531 1.311914
v 0.000000 0.135119 1.310686
v 0.040820 0.151129 1.342433
v 0.054311 0.142834 1.313459
v 0.063380 0.130654 1.280509
v 0.086531 0.135531 1.291502
v 0.082837 0.118841 1.257793
v 0.117027 0.126104 1.278742
v 0.113506 0.114804 1.259040
v 0.113795 0.139567 1.297438
v 0.107820 0.151506 1.320934
v 0.084600 0.147981 1.315735
v 0.102383 0.158229 1.347008
v 0.074842 0.155052 1.343371
v 0.129355 0.152806 1.328580
v 0.137885 0.139612 1.306209
v 0.121627 0.159024 1.353166
v 0.147944 0.152297 1.339294
v 0.157228 0.138879 1.318125
v 0.139595 0.157132 1.359095
v 0.142605 0.125091 1.290775
v 0.144897 0.111586 1.274822
v 0.141869 0.095809 1.254346
v 0.175393 0.123210 1.317298
v 0.169302 0.106061 1.295967
v 0.162171 0.091724 1.273107
v 0.190419 0.109257 1.326970
v 0.191596 0.089427 1.314334
v 0.196066 0.066481 1.317994
v 0.191951 0.037769 1.321695
v 0.184856 0.035878 1.306966
v 0.183345 0.059762 1.292973
v 0.186774 0.121958 1.330951
v 0.178016 0.084752 1.291534
v 0.166217 0.044683 1.255544
v 0.174136 0.031978 1.277451
v 0.159084 0.069746 1.252003
v 0.132984 0.074353 1.223068
v 0.154761 0.052374 1.234181
v 0.106884 0.098686 1.233527
v 0.157467 0.018829 1.241348
v 0.148266 0.012818 1.219260
v 0.136357 0.036965 1.194987
v 0.141861 0.006422 1.197679
v 0.131114 0.030794 1.175333
v 0.139350 0.000728 1.177785
v 0.138262 -0.003926 1.157255
v 0.132118 0.022747 1.137246
v 0.108019 0.046781 1.154958
v 0.110377 0.050913 1.174996
v 0.087403 0.063604 1.176144
v 0.083226 0.060020 1.153834
v 0.109839 0.043668 1.116372
v 0.082751 0.059270 1.118660
v 0.109715 0.044449 1.093985
v 0.083160 0.061468 1.096246
v 0.054730 0.067588 1.119694
v 0.055104 0.071229 1.096770
v 0.130480 0.017055 1.090418
v 0.131272 0.019487 1.112505
v 0.055098 0.067804 1.146938
v 0.025168 0.065648 1.120264
v 0.026430 0.073741 1.097161
v 0.000000 0.074473 1.097200
v 0.000000 0.063314 1.119542
v 0.024138 0.065107 1.145323
v 0.000000 0.058713 1.144599
v 0.115270 0.050910 1.066101
v 0.088207 0.072477 1.067699
v 0.057357 0.083163 1.068541
v 0.000000 0.086726 1.068671
v 0.028123 0.086359 1.068563
v 0.116800 0.055986 1.035426
v 0.134458 0.023489 1.035024
v 0.136050 0.028358 0.998505
v 0.116103 0.061610 1.003793
v 0.107084 0.070227 0.978872
v 0.086910 0.083230 0.976998
v 0.090230 0.086301 1.006158
v 0.050186 0.089808 0.976020
v 0.056270 0.099152 1.008339
v 0.114456 0.061110 0.967782
v 0.084791 0.076506 0.958353
v 0.027136 0.100618 1.009874
v 0.000000 0.087161 0.979317
v 0.017733 0.063349 0.951442
v 0.000000 0.060921 0.953132
v 0.000000 0.098663 1.009393
v 0.052898 0.062412 0.942225
v 0.090612 0.080961 1.035788
v 0.058277 0.093913 1.038241
v 0.028420 0.096445 1.039459
v 0.000000 0.095412 1.039130
v 0.010940 0.035415 0.935357
v 0.000000 0.034369 0.936101
v 0.028813 0.032944 0.929712
v 0.030364 0.031268 0.922619
v 0.053829 0.057139 0.932734
v 0.086820 0.068896 0.945823
v 0.117848 0.056119 0.955450
v 0.140788 0.024970 0.972478
v 0.133554 0.020626 1.063600
v 0.182952 0.017389 1.332398
v 0.175808 0.016363 1.317572
v 0.167122 -0.022760 1.334087
v 0.179032 -0.002050 1.343198
v 0.161704 -0.013223 1.286902
v 0.156165 -0.034188 1.297301
v 0.144945 -0.041292 1.264467
v 0.170364 0.012977 1.298379
v 0.151073 -0.017376 1.254574
v 0.162045 0.006232 1.270918
v 0.187757 -0.023562 1.345468
v 0.156538 -0.039462 1.323373
v 0.142724 -0.053448 1.292718
v 0.130661 -0.045882 1.225878
v 0.138442 -0.021249 1.222351
v 0.131211 -0.024758 1.201127
v 0.114851 -0.058082 1.202018
v 0.110743 -0.058885 1.183864
v 0.128631 -0.031767 1.171727
v 0.108407 -0.062271 1.164875
v 0.134503 -0.058822 1.266949
v 0.176239 -0.038152 1.339196
v 0.200027 -0.028652 1.365728
v 0.200177 -0.009267 1.350685
v 0.217087 -0.012590 1.364677
v 0.000000 0.088142 1.567317
v 0.016015 0.088024 1.568247
v 0.016862 0.092441 1.547515
v 0.000000 0.092145 1.546557
v 0.034242 0.088596 1.549654
v 0.032181 0.085023 1.569514
v 0.049719 0.077887 1.550654
v 0.045787 0.075541 1.574340
v 0.058149 0.062795 1.549323
v 0.056436 0.062327 1.568111
v 0.058741 0.045085 1.545397
v 0.059363 0.044967 1.574406
v 0.056484 0.026162 1.561094
v 0.058725 0.026077 1.582624
v 0.054030 0.012838 1.581980
v 0.060670 0.027775 1.602541
v 0.057392 0.013658 1.597124
v 0.052580 0.012899 1.565552
v 0.055282 0.003945 1.559329
v 0.059646 -0.000947 1.561155
v 0.051708 -0.006018 1.552194
v 0.057078 -0.011431 1.555108
v 0.051902 -0.025474 1.547197
v 0.044438 -0.022449 1.542296
v 0.060244 -0.014531 1.562958
v 0.063190 -0.002683 1.567330
v 0.062536 0.004045 1.569035
v 0.063882 -0.020754 1.585682
v 0.049751 0.007877 1.558138
v 0.054783 -0.029593 1.558954
v 0.069640 0.006179 1.597520
v 0.041918 -0.042125 1.538024
v 0.034145 -0.037175 1.533344
v 0.028451 -0.058667 1.527470
v 0.025706 -0.046232 1.527821
v 0.018992 -0.064639 1.522503
v 0.028277 -0.064404 1.529459
v 0.020405 -0.072116 1.526344
v 0.037458 -0.054278 1.537815
v 0.009633 -0.067337 1.520001
v 0.010219 -0.077130 1.524578
v 0.000000 -0.069099 1.519262
v 0.000000 -0.078399 1.523845
v 0.000000 -0.055873 1.520784
v 0.020921 -0.075188 1.533809
v 0.030751 -0.073156 1.561756
v 0.019797 -0.087143 1.574037
v 0.010917 -0.084895 1.549851
v 0.000000 -0.085921 1.547825
v 0.000000 -0.105475 1.606438
v 0.040069 -0.061049 1.562238
v 0.010521 -0.080447 1.532421
v 0.000000 -0.082056 1.532014
v 0.047260 -0.044943 1.555009
v 0.046250 -0.068887 1.599319
v 0.054231 -0.057302 1.599081
v 0.058973 -0.036714 1.584617
v 0.063364 -0.044050 1.607641
v 0.070399 -0.006607 1.600648
v 0.077613 0.003340 1.615911
v 0.072934 0.009014 1.604153
v 0.079710 0.019437 1.618996
v 0.075998 0.018905 1.610689
v 0.061865 0.016467 1.603657
v 0.063426 0.027286 1.612021
v 0.082021 0.018352 1.644938
v 0.082340 0.008679 1.642976
v 0.079639 0.002246 1.628390
v 0.080857 -0.000848 1.641323
v 0.078124 0.032221 1.649514
v 0.077740 0.025316 1.618923
v 0.081949 0.006169 1.680398
v 0.081633 0.023961 1.677173
v 0.079338 0.025929 1.701226
v 0.078898 0.005584 1.702065
v 0.074118 0.025641 1.725886
v 0.073218 0.002368 1.726153
v 0.058224 0.024630 1.742876
v 0.057197 -0.000559 1.740745
v 0.035967 -0.003718 1.752696
v 0.038976 0.024911 1.755400
v 0.077604 0.042876 1.693511
v 0.018570 0.026138 1.761876
v 0.038745 0.055446 1.748163
v 0.019513 0.059154 1.753125
v 0.036807 0.080128 1.729087
v 0.058077 0.050673 1.736130
v 0.055695 0.069838 1.723292
v 0.072900 0.045814 1.719685
v 0.068453 0.063079 1.710416
v 0.053299 0.084532 1.702698
v 0.064216 0.075162 1.696647
v 0.072190 0.060294 1.685528
v 0.064613 0.074326 1.680088
v 0.036086 0.093467 1.706796
v 0.052070 0.089020 1.679888
v 0.049578 0.087466 1.657497
v 0.062115 0.072785 1.658070
v 0.035928 0.099447 1.680651
v 0.034917 0.096346 1.656392
v 0.046085 0.082811 1.636070
v 0.030924 0.084569 1.619135
v 0.043224 0.076993 1.619001
v 0.057433 0.069592 1.637421
v 0.066260 0.050431 1.637812
v 0.070077 0.058609 1.660294
v 0.051903 0.065773 1.619839
v 0.057864 0.053088 1.620915
v 0.018670 0.098913 1.707176
v 0.018996 0.085922 1.730802
v 0.000000 0.101603 1.707075
v 0.000000 0.088259 1.731257
v 0.000000 0.060205 1.755090
v 0.018437 0.104628 1.680725
v 0.000000 0.106818 1.680107
v 0.017591 0.101649 1.657538
v 0.000000 0.103778 1.658001
v 0.016723 0.094928 1.635301
v 0.000000 0.090133 1.619912
v 0.016126 0.088519 1.619130
v 0.000000 0.026854 1.764313
v 0.015829 0.086116 1.604331
v 0.000000 0.087008 1.604663
v 0.030362 0.082850 1.602335
v 0.043355 0.075127 1.603683
v 0.053113 0.063005 1.599646
v 0.059479 0.046704 1.602647
v 0.061622 0.040002 1.620544
v 0.077672 0.041653 1.664561
v 0.064462 0.030581 1.620468
v 0.070878 0.033824 1.633631
v 0.015655 0.086444 1.586701
v 0.000000 0.086895 1.586507
v 0.143803 0.076482 0.535475
v 0.117910 0.078729 0.548326
v 0.143836 0.074027 0.548727
v 0.091709 0.067156 0.546889
v 0.091745 0.071897 0.532938
v 0.163098 0.059809 0.529396
v 0.163979 0.055511 0.544679
v 0.076176 0.041741 0.540099
v 0.078176 0.044698 0.522863
v 0.073560 0.038471 0.554527
v 0.089569 0.064406 0.561788
v 0.116580 0.075211 0.564118
v 0.089417 0.061361 0.576993
v 0.116142 0.069573 0.579402
v 0.144093 0.068269 0.563420
v 0.142456 0.065953 0.579384
v 0.162095 0.049358 0.561053
v 0.171684 0.024590 0.538593
v 0.170872 0.020064 0.558455
v 0.161840 -0.010644 0.531591
v 0.151579 -0.044902 0.526774
v 0.152680 -0.045865 0.551585
v 0.127799 -0.055579 0.552178
v 0.129765 -0.053943 0.525072
v 0.134960 -0.036162 0.497503
v 0.112635 -0.023486 0.477166
v 0.105274 -0.052185 0.523668
v 0.093111 -0.007208 0.504400
v 0.089839 -0.017276 0.526695
v 0.154407 -0.024602 0.502343
v 0.078057 0.019174 0.514414
v 0.081687 0.026940 0.496103
v 0.096367 0.007759 0.456279
v 0.082742 0.032988 0.468608
v 0.114054 -0.012244 0.450592
v 0.138320 -0.024130 0.478255
v 0.140521 -0.012511 0.451145
v 0.157659 -0.008558 0.483449
v 0.158837 0.004415 0.456460
v 0.076870 0.008773 0.548452
v 0.166022 0.003183 0.512700
v 0.171329 0.033517 0.520876
v 0.167985 0.015963 0.494409
v 0.171103 0.027479 0.467203
v 0.179886 0.036541 0.439234
v 0.179287 0.048232 0.476616
v 0.172930 0.041106 0.502322
v 0.177888 0.068396 0.484811
v 0.166431 0.066968 0.510754
v 0.164344 0.089258 0.489234
v 0.145102 0.085474 0.517638
v 0.145516 0.100914 0.491197
v 0.148817 0.118996 0.454299
v 0.121310 0.123104 0.453698
v 0.119060 0.092518 0.516534
v 0.168007 0.108708 0.452494
v 0.097689 0.116883 0.449994
v 0.098693 0.097903 0.491257
v 0.092428 0.078888 0.516679
v 0.079070 0.049144 0.506894
v 0.081944 0.081292 0.486190
v 0.079830 0.091845 0.459001
v 0.077601 0.056665 0.477889
v 0.075725 0.061445 0.461952
v 0.179434 0.090162 0.460939
v 0.125639 0.016372 0.306968
v 0.122637 0.009183 0.345828
v 0.105181 0.028030 0.344222
v 0.107476 0.043530 0.304455
v 0.129877 0.023411 0.261936
v 0.112999 0.045839 0.262110
v 0.092288 0.048536 0.343546
v 0.083330 0.047381 0.380837
v 0.074064 0.074655 0.380376
v 0.083884 0.075927 0.344239
v 0.146881 0.008264 0.345859
v 0.157236 0.018553 0.307300
v 0.157875 0.024839 0.262002
v 0.132064 0.027204 0.220216
v 0.158519 0.027951 0.219849
v 0.172616 0.045530 0.218972
v 0.173634 0.044773 0.180655
v 0.159281 0.027246 0.181297
v 0.160860 0.023776 0.156498
v 0.176371 0.039285 0.153397
v 0.164526 0.011913 0.121836
v 0.182967 0.026491 0.110030
v 0.173670 0.045042 0.261435
v 0.179749 0.059224 0.180823
v 0.183906 0.054514 0.150819
v 0.175442 0.041388 0.307275
v 0.166896 0.023174 0.346623
v 0.184860 0.047995 0.347630
v 0.189078 0.070590 0.306939
v 0.197782 0.072342 0.348213
v 0.189374 0.046094 0.384274
v 0.202094 0.072387 0.384567
v 0.195142 0.101955 0.348673
v 0.198969 0.101218 0.382468
v 0.188104 0.099541 0.308208
v 0.186399 0.121765 0.383038
v 0.178630 0.124945 0.349727
v 0.164948 0.124302 0.309473
v 0.154806 0.137130 0.348348
v 0.132308 0.130225 0.307452
v 0.127437 0.138542 0.346963
v 0.101479 0.126116 0.345263
v 0.102829 0.110336 0.305776
v 0.085824 0.101810 0.343962
v 0.089119 0.127374 0.380080
v 0.076772 0.103958 0.379647
v 0.097084 0.073606 0.304497
v 0.111606 0.106307 0.262133
v 0.137138 0.122226 0.262836
v 0.163883 0.118061 0.263540
v 0.181385 0.096628 0.263404
v 0.184141 0.069796 0.263092
v 0.181363 0.068769 0.218669
v 0.117261 0.101233 0.218824
v 0.140872 0.117138 0.218802
v 0.162384 0.111432 0.219213
v 0.142293 0.115636 0.177502
v 0.161315 0.108116 0.175150
v 0.121246 0.098877 0.176936
v 0.112913 0.072682 0.177952
v 0.110044 0.073350 0.219348
v 0.105666 0.074209 0.261784
v 0.125860 0.106928 0.151348
v 0.143331 0.116791 0.152075
v 0.143230 0.121162 0.117440
v 0.124391 0.110663 0.102223
v 0.115690 0.086136 0.118061
v 0.119779 0.084403 0.095617
v 0.111148 0.070819 0.148220
v 0.106874 0.066771 0.116065
v 0.161581 0.112472 0.122135
v 0.163448 0.116708 0.101358
v 0.174081 0.097440 0.151821
v 0.179113 0.089573 0.176128
v 0.178908 0.091900 0.218206
v 0.181779 0.072099 0.179408
v 0.187366 0.068463 0.150311
v 0.176887 0.095723 0.121739
v 0.190157 0.082640 0.124179
v 0.192859 0.063709 0.125514
v 0.188931 0.048503 0.127351
v 0.143382 0.009166 0.121021
v 0.137515 0.021444 0.155805
v 0.122657 0.028830 0.132508
v 0.127364 0.024801 0.110627
v 0.133550 0.027129 0.179267
v 0.119557 0.037321 0.152006
v 0.112420 0.051563 0.149832
v 0.110665 0.045363 0.121498
v 0.116985 0.047132 0.219037
v 0.118312 0.046376 0.178074
v 0.117757 0.041073 0.099210
v 0.114767 0.064782 0.093084
v 0.126211 0.018034 0.085475
v 0.146320 -0.008329 0.102321
v 0.168144 -0.004939 0.105334
v 0.190499 0.012755 0.090182
v 0.192387 0.041342 0.072149
v 0.189109 0.042762 0.104912
v 0.115925 0.064833 0.065004
v 0.189577 0.061149 0.099914
v 0.186946 0.078195 0.099735
v 0.177315 0.094666 0.100931
v 0.189486 0.079675 0.063396
v 0.168924 0.122431 0.065240
v 0.142329 0.130621 0.066499
v 0.120506 0.115415 0.066321
v 0.061942 0.024875 0.659723
v 0.077791 0.056459 0.662262
v 0.084275 0.058430 0.620371
v 0.069767 0.029522 0.620915
v 0.115469 0.067368 0.597931
v 0.107588 0.069785 0.676148
v 0.137820 0.061636 0.663607
v 0.139144 0.061955 0.623457
v 0.158045 0.043133 0.626192
v 0.157309 0.039416 0.666055
v 0.162054 0.048226 0.581441
v 0.141312 0.063067 0.596670
v 0.087429 0.061037 0.595622
v 0.168907 0.018780 0.578220
v 0.161414 -0.012239 0.576735
v 0.151194 -0.042332 0.577267
v 0.127738 -0.055155 0.577694
v 0.166700 -0.015662 0.608162
v 0.155904 -0.040169 0.610299
v 0.128186 -0.054007 0.608424
v 0.160566 -0.047924 0.639787
v 0.130454 -0.063342 0.635861
v 0.098649 -0.073564 0.630344
v 0.098239 -0.061914 0.599727
v 0.094781 -0.053092 0.572974
v 0.099730 -0.054413 0.549562
v 0.085447 -0.023694 0.548870
v 0.069700 -0.060888 0.621501
v 0.066440 -0.073273 0.658497
v 0.095814 -0.083801 0.667019
v 0.095167 -0.090166 0.705656
v 0.064552 -0.080486 0.700294
v 0.061030 -0.084816 0.744636
v 0.092233 -0.097485 0.746835
v 0.059471 -0.087275 0.783725
v 0.088370 -0.101992 0.783183
v 0.083100 -0.104253 0.830092
v 0.056417 -0.086151 0.829439
v 0.042544 -0.059659 0.783785
v 0.039197 -0.060931 0.824059
v 0.024573 -0.032487 0.822559
v 0.030843 -0.031190 0.782880
v 0.080063 -0.104420 0.869048
v 0.052926 -0.086553 0.897176
v 0.034597 -0.062244 0.858374
v 0.030467 -0.064344 0.889242
v 0.053166 -0.085609 0.927265
v 0.030000 -0.066546 0.913517
v 0.078699 -0.102876 0.907078
v 0.078381 -0.098647 0.940110
v 0.111176 -0.092603 0.951385
v 0.115777 -0.099669 0.915478
v 0.128927 -0.078760 0.953335
v 0.016097 -0.032961 0.885037
v 0.021519 0.000861 0.857021
v 0.019453 0.002271 0.886884
v 0.016399 -0.031883 0.907228
v 0.016930 0.002772 0.907334
v 0.025484 0.000377 0.823704
v 0.031503 0.000572 0.784253
v 0.036262 -0.027785 0.742812
v 0.039963 0.004873 0.742339
v 0.043587 -0.018309 0.700999
v 0.043017 -0.058250 0.743492
v 0.045140 -0.051678 0.698466
v 0.050014 -0.040719 0.655003
v 0.053265 -0.008089 0.656169
v 0.057692 -0.030423 0.618753
v 0.062163 -0.000393 0.619476
v 0.067625 -0.019353 0.592319
v 0.068960 0.003453 0.593330
v 0.072292 0.032719 0.595379
v 0.072855 0.034806 0.573854
v 0.074718 0.003849 0.572417
v 0.075793 -0.046726 0.592718
v 0.081246 -0.028836 0.571821
v 0.032052 0.029977 0.914119
v 0.034003 0.028149 0.888868
v 0.034964 0.028905 0.859432
v 0.056712 0.055599 0.894041
v 0.088436 0.070655 0.932355
v 0.092262 0.071044 0.901393
v 0.130887 0.056016 0.906388
v 0.124269 0.055795 0.938487
v 0.097953 0.076248 0.836428
v 0.058825 0.059738 0.840336
v 0.156722 0.020244 0.896127
v 0.147037 0.022269 0.950255
v 0.153515 -0.019378 0.952951
v 0.140218 -0.058964 0.952457
v 0.155226 -0.065786 0.875408
v 0.176065 -0.024954 0.838181
v 0.136374 0.059259 0.871269
v 0.037810 0.030160 0.825677
v 0.140759 0.062879 0.832332
v 0.166656 0.020440 0.834486
v 0.163663 0.034018 0.797204
v 0.176393 0.009557 0.798042
v 0.176266 0.009093 0.754879
v 0.183793 -0.023316 0.755739
v 0.180170 -0.019297 0.712047
v 0.169779 0.010308 0.671587
v 0.158872 0.037564 0.710023
v 0.166501 0.015281 0.631194
v 0.171343 -0.019184 0.637841
v 0.175860 -0.026022 0.676459
v 0.162418 -0.055608 0.675746
v 0.161971 0.037043 0.755287
v 0.137609 0.063450 0.708725
v 0.071840 0.059548 0.708366
v 0.051371 0.019339 0.704633
v 0.139910 0.066769 0.753136
v 0.103241 0.076254 0.751978
v 0.140002 0.066940 0.794999
v 0.099897 0.077479 0.792519
v 0.062659 0.062502 0.789644
v 0.041236 0.031043 0.785889
v 0.066395 0.061788 0.748100
v 0.048257 0.033536 0.743027
v 0.164314 -0.178348 0.016527
v 0.197013 -0.173144 0.016677
v 0.194939 -0.163126 0.034155
v 0.161654 -0.168460 0.033624
v 0.215956 -0.124109 0.027602
v 0.218822 -0.141058 0.012845
v 0.140253 -0.163042 0.015620
v 0.144497 -0.156219 0.031403
v 0.164923 -0.176765 -0.000510
v 0.144399 -0.165086 -0.001225
v 0.196438 -0.169444 -0.000232
v 0.216143 -0.141304 -0.002178
v 0.190032 -0.139140 0.043610
v 0.157786 -0.145673 0.043105
v 0.136743 -0.140872 0.033577
v 0.214030 -0.093896 0.034652
v 0.222617 -0.087207 0.025009
v 0.227337 -0.108206 0.012575
v 0.228825 -0.083970 0.012211
v 0.229075 -0.083853 -0.002477
v 0.226571 -0.107555 -0.002319
v 0.223112 -0.067073 0.024725
v 0.208386 -0.067310 0.039546
v 0.226762 -0.048708 0.007455
v 0.229942 -0.067175 0.010083
v 0.223132 -0.048590 -0.002974
v 0.214164 -0.015164 -0.003435
v 0.212941 0.005971 0.004517
v 0.216161 -0.021190 0.030560
v 0.203760 -0.043471 0.050526
v 0.181503 -0.084947 0.052342
v 0.178090 -0.062283 0.062858
v 0.198788 -0.021188 0.063507
v 0.174917 -0.041078 0.074710
v 0.206344 0.011388 -0.003353
v 0.200022 0.043266 -0.004331
v 0.196791 0.078847 0.005964
v 0.202558 0.043815 0.039595
v 0.207193 0.013206 0.039210
v 0.172355 -0.026073 0.086013
v 0.197484 0.012225 0.071199
v 0.150984 -0.090707 0.050174
v 0.146794 -0.067849 0.059487
v 0.133519 -0.087982 0.042911
v 0.133575 -0.058024 0.049650
v 0.152182 -0.103971 0.048340
v 0.184378 -0.099680 0.049400
v 0.123340 -0.103399 0.031698
v 0.119395 -0.120929 0.013347
v 0.115322 -0.101983 0.011550
v 0.121529 -0.120390 -0.003149
v 0.117412 -0.101327 -0.003041
v 0.115735 -0.082928 0.009309
v 0.117743 -0.082936 -0.003138
v 0.125474 -0.048285 0.004991
v 0.127359 -0.047594 -0.003100
v 0.137188 -0.009103 0.004730
v 0.139918 -0.009745 -0.001064
v 0.133451 0.033486 0.005016
v 0.132112 -0.009080 0.033192
v 0.127965 0.029465 0.033018
v 0.134479 0.034495 -0.000139
v 0.123023 -0.085152 0.032609
v 0.127319 -0.047048 0.032996
v 0.123181 0.024344 0.059709
v 0.127751 -0.011830 0.060884
v 0.110183 0.073581 0.037001
v 0.146988 -0.032395 0.081846
v 0.147161 -0.047476 0.071475
v 0.135300 -0.040352 0.060428
v 0.130220 -0.026088 0.047935
v 0.178838 -0.136369 -0.005022
v 0.128241 -0.142633 -0.002066
v 0.179343 -0.090802 -0.005434
v 0.227506 -0.067348 -0.002861
v 0.174121 -0.002369 -0.004603
v 0.163491 0.040424 -0.003973
v 0.191211 0.088407 -0.003676
v 0.151609 0.082421 -0.004505
v 0.142502 0.128807 -0.002578
v 0.170723 0.123310 -0.002856
v 0.115061 0.112572 -0.001847
v 0.116218 0.072469 -0.002482
v 0.011442 -0.096351 1.687319
v 0.000000 -0.097651 1.687189
v 0.000000 -0.099971 1.671489
v 0.011251 -0.098862 1.670894
v 0.000000 -0.088994 1.708189
v 0.012106 -0.086849 1.708602
v 0.000000 -0.069322 1.733233
v 0.012810 -0.067759 1.732230
v 0.000000 -0.040024 1.751398
v 0.028584 -0.062818 1.730015
v 0.026439 -0.082643 1.708416
v 0.025199 -0.092930 1.688135
v 0.024273 -0.096340 1.670906
v 0.037090 -0.086055 1.688177
v 0.039502 -0.075551 1.707247
v 0.041603 -0.057159 1.726092
v 0.052853 -0.063534 1.705352
v 0.054110 -0.048606 1.720313
v 0.054931 -0.027091 1.732950
v 0.041879 -0.032876 1.740242
v 0.028619 -0.036785 1.745314
v 0.013907 -0.038929 1.749513
v 0.068098 -0.033917 1.710913
v 0.070937 -0.015062 1.721803
v 0.076337 -0.012597 1.699714
v 0.072785 -0.030453 1.695995
v 0.049908 -0.075432 1.688313
v 0.010929 -0.099529 1.653110
v 0.000000 -0.100403 1.653962
v 0.000000 -0.099410 1.633419
v 0.007178 -0.099286 1.630157
v 0.000000 -0.101507 1.624101
v 0.000000 -0.105166 1.613899
v 0.008471 -0.103289 1.607530
v 0.016024 -0.098437 1.614702
v 0.009377 -0.098369 1.589954
v 0.018172 -0.094197 1.595646
v 0.019460 -0.095350 1.607892
v 0.036845 -0.078040 1.596152
v 0.016694 -0.004440 1.759716
v 0.000000 -0.005220 1.762254
v 0.071556 -0.030560 1.625383
v 0.068724 -0.029393 1.609998
v 0.074443 -0.030484 1.643192
v 0.077623 -0.022575 1.662003
v 0.076190 -0.026717 1.681413
v 0.014537 -0.024862 1.527976
v 0.028253 -0.013410 1.535973
v 0.040949 -0.002240 1.546774
v 0.038949 0.002198 1.542766
v 0.048860 0.012936 1.552618
v 0.046351 0.011348 1.532152
v 0.029076 -0.004059 1.520128
v 0.024851 -0.012026 1.530656
v 0.000000 -0.028383 1.525508
v 0.013916 -0.021005 1.525412
v 0.000000 -0.022643 1.511966
v 0.000000 -0.023965 1.523139
v 0.108612 -0.086451 1.263982
v 0.092365 -0.099138 1.267033
v 0.113584 -0.085832 1.302172
v 0.117311 -0.091274 1.317820
v 0.677493 0.035409 0.991869
v 0.033423 -0.107115 1.311888
v 0.027672 -0.104696 1.338183
v 0.034967 -0.097952 1.355433
v 0.026019 -0.099464 1.355013
v 0.034197 -0.111979 1.297934
v 0.034979 -0.116471 1.279442
v 0.000000 -0.117347 1.280589
v 0.000000 -0.113527 1.257115
v 0.029876 -0.113061 1.255385
v 0.142228 0.135547 0.016998
v 0.174042 0.127714 0.016381
v 0.113261 0.116706 0.016342
v 0.108623 0.077228 0.017308
v 0.173195 0.126308 0.036232
v 0.114934 0.116950 0.037074
v 0.195037 0.084879 0.032220
v 0.192242 0.098671 0.016565
v 0.126599 -0.142961 0.013914
v 0.240969 0.136042 1.350772
v 0.230322 0.133457 1.359705
v 0.205363 0.130790 1.351813
v 0.204420 0.141141 1.368135
v 0.254561 0.132561 1.362911
v 0.196083 0.122245 1.340154
v 0.192622 0.135955 1.352305
v 0.174256 0.145726 1.357437
v 0.174922 0.136615 1.330808
v 0.155195 0.153441 1.367323
v 0.056764 0.072802 1.175736
v 0.027795 0.071035 1.176231
v 0.000000 0.063731 1.177695
v 0.000000 0.070428 1.198284
v 0.023396 0.076050 1.197824
v 0.000000 0.079741 1.219275
v 0.045959 0.088949 1.214756
v 0.000000 0.059824 1.157621
v 0.044170 0.078895 1.195260
v 0.023626 0.112221 1.256612
v 0.000000 0.107522 1.259144
v 0.000000 0.122124 1.283041
v 0.037387 0.128669 1.281814
v 0.055606 0.117997 1.255438
v 0.065617 0.078228 1.195264
v 0.072134 0.098485 1.225530
v 0.094942 0.072765 1.196088
v 0.118829 0.059543 1.193961
v 0.057870 0.152596 1.433979
v 0.081700 0.148177 1.445366
v 0.112114 0.143460 1.443428
v 0.121103 0.149120 1.423436
v 0.140167 0.148793 1.427248
v 0.103073 0.152517 1.416732
v 0.057985 0.155970 1.405277
v 0.087321 0.154708 1.409316
v 0.138125 0.154039 1.410920
v 0.193703 0.148459 1.405393
v 0.219873 0.140623 1.410511
v 0.441718 0.066517 1.271249
v 0.439131 0.052991 1.271232
v 0.182321 -0.025167 0.797620
v 0.167777 -0.059319 0.791270
v 0.167538 -0.057880 0.751565
v 0.146734 -0.089684 0.787176
v 0.147993 -0.084037 0.749749
v 0.164688 -0.057724 0.710534
v 0.147057 -0.075495 0.709051
v 0.129166 -0.074814 0.672103
v 0.126319 -0.088926 0.707207
v 0.124589 -0.098484 0.747527
v 0.122950 -0.104122 0.785605
v 0.120755 -0.105894 0.833683
v 0.118123 -0.104784 0.872598
v 0.140468 -0.088657 0.874961
v 0.143848 -0.091928 0.838121
v 0.162626 -0.064340 0.836893
v 0.317882 0.112309 1.254313
v 0.304884 0.094058 1.253740
v 0.326544 0.120801 1.265426
v 0.334373 0.122341 1.277135
v 0.343618 0.121780 1.292776
v 0.324968 0.129565 1.305630
v 0.335912 0.123689 1.314107
v 0.358100 0.114958 1.300005
v 0.361901 0.116479 1.286100
v 0.112061 -0.068834 1.385107
v 0.200946 0.072414 0.408354
v 0.196104 0.099073 0.407205
v 0.167047 0.136937 0.382372
v 0.138605 0.146132 0.381870
v 0.108699 0.141989 0.380654
v 0.118242 0.056623 0.004431
v -0.666182 -0.065788 0.999752
v -0.648859 -0.057714 1.015247
v -0.669436 -0.060808 0.999932
v -0.670694 -0.062959 0.990661
v -0.672376 -0.054839 0.989198
v -0.671588 -0.054873 0.998033
v -0.664267 -0.070520 0.991699
v -0.634834 -0.064295 0.996111
v -0.624000 -0.061039 1.021972
v -0.624114 -0.063267 0.998149
v -0.652758 -0.072158 0.986437
v -0.635457 -0.056752 0.981369
v -0.648169 -0.066982 0.977683
v -0.655213 -0.069952 0.971602
v -0.656123 -0.059729 0.966858
v -0.651186 -0.055652 0.973016
v -0.661967 -0.051765 0.967220
v -0.656257 -0.047059 0.972446
v -0.642043 -0.036841 0.976658
v -0.654890 -0.042392 0.972712
v -0.658484 -0.038527 0.972264
v -0.658212 -0.026200 0.970929
v -0.667052 -0.042012 0.980986
v -0.666066 -0.044768 0.981843
v -0.664427 -0.027814 0.964118
v -0.668510 -0.018212 0.966793
v -0.662529 -0.014490 0.971598
v -0.665296 -0.037576 0.966633
v -0.673103 -0.041485 0.975038
v -0.679343 -0.016339 0.974764
v -0.674353 -0.013663 0.980152
v -0.696838 -0.018731 0.953824
v -0.682144 -0.019808 0.950553
v -0.690360 -0.021308 0.943454
v -0.684248 -0.031227 0.943258
v -0.698023 -0.023605 0.927986
v -0.693816 -0.032945 0.926927
v -0.685564 -0.041622 0.943972
v -0.693637 -0.042703 0.927903
v -0.697227 -0.045758 0.946742
v -0.706336 -0.049292 0.929929
v -0.711731 -0.022200 0.930160
v -0.702422 -0.020748 0.946756
v -0.703519 -0.024689 0.922442
v -0.698770 -0.043773 0.922596
v -0.690221 -0.045378 0.955430
v -0.699159 -0.033979 0.921081
v -0.719543 -0.023471 0.919434
v -0.712172 -0.051346 0.922582
v -0.711680 -0.026281 0.910342
v -0.706737 -0.035551 0.908851
v -0.719574 -0.028321 0.903651
v -0.714625 -0.037051 0.902202
v -0.707123 -0.045845 0.910252
v -0.715149 -0.046544 0.903441
v -0.721317 -0.051642 0.908726
v -0.728091 -0.027101 0.906399
v -0.723740 -0.038895 0.897403
v -0.721762 -0.045779 0.899128
v -0.730641 -0.040387 0.897081
v -0.731894 -0.031442 0.899062
v -0.725981 -0.032048 0.898455
v -0.727620 -0.048657 0.899614
v -0.638381 -0.024037 1.052273
v -0.663497 -0.037538 1.014719
v -0.638167 -0.049630 1.030717
v -0.627018 -0.042389 1.045282
v -0.648361 -0.002414 1.048459
v -0.640191 0.023355 1.055437
v -0.658395 0.018791 1.030234
v -0.625643 0.006171 1.080611
v -0.615452 -0.056568 1.036320
v -0.623834 0.027446 1.076088
v -0.610069 0.041576 1.063632
v -0.628740 0.035690 1.058507
v -0.603575 0.043025 1.070699
v -0.597266 0.044160 1.051915
v -0.616821 0.043846 1.044258
v -0.640121 0.036582 1.039324
v -0.591022 0.043233 1.058541
v -0.586380 0.037979 1.042068
v -0.607941 0.046728 1.034753
v -0.632821 0.045483 1.030161
v -0.653783 0.043558 1.011419
v -0.655939 0.036182 1.022044
v -0.643003 0.047537 1.001963
v -0.622687 0.048100 1.017910
v -0.613662 0.041575 1.009797
v -0.597582 0.040849 1.024623
v -0.591705 0.027572 1.019889
v -0.607917 0.025727 1.006479
v -0.628866 0.040124 0.999425
v -0.582113 0.027166 1.038789
v -0.580415 0.039135 1.049401
v -0.628989 0.021837 0.998899
v -0.668363 0.017978 1.014710
v -0.676557 0.034554 1.000827
v -0.677274 0.028905 1.000779
v -0.672702 0.039906 1.000051
v -0.638709 0.040827 0.991248
v -0.637841 0.020508 0.989959
v -0.669222 0.045379 0.976768
v -0.661231 0.042058 0.973413
v -0.646824 0.039245 0.982244
v -0.673326 0.042911 0.991880
v -0.658845 0.032035 0.973590
v -0.648654 0.019181 0.978874
v -0.666331 0.025584 0.968209
v -0.674167 0.021769 0.974654
v -0.676252 0.043384 0.981750
v -0.684461 0.045389 0.969253
v -0.694710 0.039366 0.962993
v -0.691005 0.047498 0.960555
v -0.693869 0.030229 0.960823
v -0.683528 0.048438 0.954803
v -0.676714 0.045473 0.950727
v -0.682911 0.023961 0.962015
v -0.700577 0.041318 0.945959
v -0.699559 0.050976 0.939821
v -0.703972 0.032540 0.937634
v -0.690416 0.051993 0.936793
v -0.681585 0.047189 0.936294
v -0.675026 0.036141 0.949688
v -0.680229 0.038422 0.933781
v -0.679628 0.027806 0.948802
v -0.684523 0.030990 0.934238
v -0.689505 0.027085 0.950110
v -0.696296 0.028051 0.932873
v -0.705796 0.043103 0.934366
v -0.688802 0.030701 0.929362
v -0.702561 0.052250 0.930414
v -0.700524 0.052885 0.917084
v -0.707724 0.034711 0.926538
v -0.685464 0.048456 0.931504
v -0.683526 0.039438 0.929415
v -0.694225 0.049951 0.915960
v -0.692604 0.042421 0.913711
v -0.697706 0.034612 0.914008
v -0.704799 0.032806 0.916604
v -0.710459 0.051762 0.912183
v -0.712881 0.045942 0.910819
v -0.713040 0.039241 0.910407
v -0.706906 0.045499 0.907112
v -0.705365 0.051340 0.910070
v -0.707737 0.037892 0.908195
v -0.600193 -0.017174 1.008512
v -0.581958 -0.036553 1.011526
v -0.595405 -0.038434 0.999617
v -0.621096 -0.036478 0.996466
v -0.617330 -0.049433 0.995317
v -0.627515 -0.051071 0.989732
v -0.634303 -0.032407 0.987195
v -0.648734 -0.009000 0.977397
v -0.659310 -0.010233 0.972974
v -0.661350 -0.006173 0.971599
v -0.659966 0.005341 0.971532
v -0.673405 -0.008854 0.979435
v -0.672834 -0.010980 0.981904
v -0.664975 0.004827 0.965869
v -0.667490 0.014947 0.967432
v -0.662834 0.016570 0.971772
v -0.667846 -0.004619 0.967011
v -0.672373 0.017851 0.978743
v -0.687141 0.016411 0.961058
v -0.684888 0.014121 0.946419
v -0.693961 0.016470 0.950855
v -0.676557 0.004621 0.950341
v -0.681638 0.004340 0.946253
v -0.679391 -0.005179 0.952050
v -0.685632 -0.005296 0.945392
v -0.694621 -0.008186 0.949037
v -0.687714 -0.008362 0.960024
v -0.692302 -0.005430 0.928004
v -0.690298 0.003842 0.926913
v -0.692702 0.012716 0.927745
v -0.704154 -0.009608 0.929328
v -0.702338 0.016285 0.935814
v -0.705137 0.017418 0.928364
v -0.697222 0.012831 0.922724
v -0.697404 -0.006059 0.922833
v -0.695154 0.003528 0.921433
v -0.710404 0.017657 0.920593
v -0.704371 0.012563 0.909302
v -0.702302 0.004400 0.908618
v -0.711402 0.012936 0.903734
v -0.708630 0.004839 0.902178
v -0.704262 -0.004723 0.909901
v -0.710172 -0.003793 0.903446
v -0.713563 -0.009274 0.912399
v -0.717574 -0.006928 0.905286
v -0.718643 0.015227 0.904924
v -0.714129 0.016914 0.911955
v -0.715778 0.004856 0.897384
v -0.716725 -0.002364 0.899094
v -0.722453 0.004423 0.896284
v -0.722520 0.012210 0.898389
v -0.717400 0.011420 0.899089
v -0.721778 -0.002676 0.898545
v -0.709456 -0.010346 0.921303
v -0.683400 0.005053 0.999243
v -0.671104 -0.009973 1.014802
v -0.681236 0.011503 0.998203
v -0.682543 -0.001564 0.998691
v -0.683044 -0.028954 1.000761
v -0.682383 -0.020976 0.999011
v -0.680519 -0.035856 0.999627
v -0.670286 -0.044160 0.996965
v -0.680369 -0.037898 0.989809
v -0.682483 -0.039195 0.983107
v -0.694252 -0.042438 0.967802
v -0.702693 -0.044605 0.959900
v -0.698615 -0.032640 0.969759
v -0.707426 -0.033914 0.961619
v -0.706548 -0.023286 0.959444
v -0.698073 -0.022964 0.967654
v -0.709996 -0.025222 0.951265
v -0.710771 -0.034810 0.952914
v -0.721330 -0.037702 0.935640
v -0.720568 -0.027030 0.934819
v -0.716137 -0.047696 0.935900
v -0.706273 -0.044728 0.952046
v -0.726679 -0.028912 0.923592
v -0.723047 -0.048733 0.923742
v -0.735100 -0.031595 0.909646
v -0.735870 -0.041254 0.910005
v -0.731264 -0.049847 0.910148
v -0.738105 -0.041898 0.900543
v -0.738079 -0.033546 0.901674
v -0.734243 -0.049410 0.902100
v -0.682718 -0.003280 0.989409
v -0.676841 -0.010864 0.998913
v -0.684912 -0.003591 0.981035
v -0.694222 -0.005027 0.965928
v -0.701863 -0.006062 0.958302
v -0.696737 0.004357 0.968628
v -0.705267 0.004689 0.958026
v -0.701623 0.013980 0.958519
v -0.694175 0.013059 0.966850
v -0.704466 0.013262 0.950868
v -0.716238 0.004478 0.936308
v -0.709534 0.013723 0.940591
v -0.707494 -0.005683 0.944855
v -0.715439 0.014921 0.931585
v -0.714787 -0.006858 0.933023
v -0.723401 0.004300 0.918836
v -0.718785 -0.005956 0.922393
v -0.726792 0.012585 0.906021
v -0.728789 0.003889 0.906315
v -0.726455 -0.004585 0.905938
v -0.728788 0.004236 0.898078
v -0.727749 0.011033 0.899069
v -0.726988 -0.002589 0.899214
v -0.677808 0.027220 0.990965
v -0.674736 0.019576 0.994990
v -0.679695 0.027682 0.981299
v -0.680727 0.035785 0.983236
v -0.681087 0.014175 0.988975
v -0.684726 0.013898 0.979853
v -0.687384 0.005479 0.982483
v -0.684188 0.005382 0.989804
v -0.683571 -0.020193 0.989475
v -0.686898 -0.021205 0.982564
v -0.686451 -0.029734 0.984951
v -0.683930 -0.029354 0.990733
v -0.660043 -0.074703 0.979436
v -0.670025 -0.078451 0.951219
v -0.670105 -0.067897 0.949226
v -0.672637 -0.057127 0.954286
v -0.680860 -0.057590 0.963237
v -0.686761 -0.060571 0.954356
v -0.678677 -0.061033 0.947567
v -0.684361 -0.065909 0.932465
v -0.678965 -0.073641 0.931646
v -0.681185 -0.086491 0.929511
v -0.673621 -0.082537 0.961647
v -0.689787 -0.094309 0.932261
v -0.698418 -0.068058 0.933333
v -0.690394 -0.088384 0.951703
v -0.698368 -0.080861 0.947515
v -0.695101 -0.068484 0.955044
v -0.706401 -0.075330 0.934733
v -0.705486 -0.085906 0.936025
v -0.698954 -0.094821 0.936780
v -0.690174 -0.074898 0.965919
v -0.692254 -0.065616 0.962723
v -0.684921 -0.062531 0.970243
v -0.683257 -0.083592 0.966325
v -0.676219 -0.057401 0.981544
v -0.670983 -0.051996 0.975030
v -0.666303 -0.047686 0.980345
v -0.713372 -0.090798 0.916576
v -0.717681 -0.085874 0.907053
v -0.702958 -0.096407 0.926517
v -0.706135 -0.073764 0.915766
v -0.710492 -0.077742 0.909509
v -0.698506 -0.098139 0.917129
v -0.701831 -0.095248 0.904844
v -0.688832 -0.091050 0.914825
v -0.696542 -0.084797 0.906790
v -0.690003 -0.081648 0.912400
v -0.700796 -0.077990 0.906754
v -0.695017 -0.074188 0.912505
v -0.716719 -0.093225 0.906960
v -0.710966 -0.091448 0.902661
v -0.713020 -0.083210 0.903486
v -0.706809 -0.098453 0.905200
v -0.712411 -0.099113 0.908440
v -0.704837 -0.088950 0.902518
v -0.707964 -0.082705 0.902665
v -0.683475 -0.076620 0.925511
v -0.688686 -0.069069 0.925564
v -0.703974 -0.071492 0.923079
v -0.700357 0.044461 0.907771
v -0.700852 0.050021 0.909773
v -0.702388 0.038375 0.908337
v -0.674960 0.026407 0.954583
v -0.671607 0.035519 0.953376
v -0.587757 -0.087294 1.009330
v -0.590844 -0.078327 1.019366
v -0.600883 -0.079673 1.017370
v -0.597390 -0.088832 1.007826
v -0.578574 -0.081187 1.006704
v -0.580529 -0.071440 1.016839
v -0.607434 -0.077561 1.007752
v -0.604371 -0.085688 1.000789
v -0.578092 -0.074194 0.997600
v -0.580044 -0.063499 1.006837
v -0.582742 -0.073861 0.982903
v -0.588704 -0.059879 0.996267
v -0.595867 -0.077282 0.978905
v -0.601365 -0.064266 0.993430
v -0.605422 -0.083292 0.984422
v -0.608453 -0.070288 0.997698
v -0.595852 -0.099649 1.001030
v -0.603805 -0.097261 0.990277
v -0.572370 -0.083407 0.986879
v -0.595527 -0.104657 0.994987
v -0.582999 -0.099361 1.000365
v -0.573042 -0.090737 0.999277
v -0.580802 -0.107073 0.986629
v -0.594084 -0.109211 0.986239
v -0.569593 -0.099536 0.983953
v -0.570704 -0.094764 0.993216
v -0.601657 -0.103861 0.979122
v -0.570074 -0.090976 0.975923
v -0.579361 -0.083459 0.969701
v -0.593190 -0.085114 0.968628
v -0.603432 -0.093213 0.972433
v -0.595939 -0.114157 0.967470
v -0.595574 -0.106411 0.961510
v -0.590375 -0.113612 0.957288
v -0.587293 -0.100557 0.957494
v -0.583433 -0.110908 0.954611
v -0.589972 -0.119660 0.960371
v -0.579985 -0.118287 0.956736
v -0.576247 -0.107438 0.955916
v -0.571569 -0.111824 0.957983
v -0.576943 -0.098431 0.959389
v -0.569485 -0.102690 0.964207
v -0.568948 -0.117298 0.963803
v -0.577285 -0.118909 0.972499
v -0.576252 -0.123514 0.964432
v -0.585761 -0.124601 0.965901
v -0.611518 -0.071159 1.017376
v -0.599907 -0.072391 1.032694
v -0.589284 -0.070643 1.032283
v -0.607066 -0.055700 1.043402
v -0.594680 -0.053411 1.044051
v -0.582693 -0.050843 1.039583
v -0.581119 -0.065646 1.028121
v -0.578270 -0.051530 1.014953
v -0.574794 -0.038937 1.025436
v -0.591547 -0.049167 0.998487
v -0.608073 -0.056016 0.994709
v -0.616066 -0.065774 0.999461
v -0.585105 -0.039696 1.050165
v -0.599711 -0.037525 1.055445
v -0.577312 -0.028304 1.035450
v -0.613483 -0.037023 1.056612
v -0.603548 -0.026239 1.070472
v -0.623167 -0.019109 1.070310
v -0.589388 -0.031021 1.061661
v -0.580025 -0.026133 1.071804
v -0.572855 -0.020045 1.063056
v -0.579872 -0.022425 1.050891
v -0.582404 -0.008021 1.046571
v -0.586990 -0.011841 1.024570
v -0.395456 0.118025 1.260686
v -0.394148 0.104743 1.272649
v -0.387796 0.122619 1.234684
v -0.363761 0.115566 1.226507
v -0.379671 0.103251 1.288398
v -0.366700 0.095122 1.207886
v -0.341258 0.104351 1.235000
v -0.349686 0.084789 1.224412
v -0.362121 0.074450 1.207275
v -0.344040 0.070936 1.223976
v -0.360346 0.048660 1.209542
v -0.346669 0.051149 1.222831
v -0.348785 0.115826 1.242035
v -0.349778 0.120666 1.265404
v -0.337814 0.117546 1.253427
v -0.329939 0.108000 1.245143
v -0.331108 0.088563 1.238264
v -0.310263 0.072339 1.246575
v -0.322475 0.053812 1.241019
v -0.334707 0.052520 1.232054
v -0.301521 0.054853 1.252954
v -0.276636 0.054986 1.268465
v -0.276115 0.071639 1.267459
v -0.249325 0.070834 1.287445
v -0.276239 0.089513 1.268089
v -0.247850 0.088875 1.286188
v -0.224478 0.071558 1.306556
v -0.209720 0.091167 1.319331
v -0.208753 0.072199 1.321269
v -0.250530 0.053534 1.288770
v -0.225871 0.053771 1.309415
v -0.210571 0.051333 1.322342
v -0.247762 0.106092 1.287268
v -0.274523 0.105350 1.270101
v -0.251422 0.122975 1.292512
v -0.274877 0.119851 1.276256
v -0.281697 0.132199 1.287396
v -0.260439 0.135238 1.303468
v -0.224276 0.122517 1.316827
v -0.239076 0.134315 1.321361
v -0.275388 0.138737 1.322760
v -0.257406 0.138429 1.337168
v -0.295953 0.135929 1.306736
v -0.215530 0.107373 1.317185
v -0.223413 0.131929 1.335562
v -0.296797 0.110897 1.261746
v -0.298367 0.126822 1.275127
v -0.310859 0.130800 1.293665
v -0.307121 0.134338 1.321857
v -0.286917 0.136508 1.337846
v -0.316666 0.127677 1.333363
v -0.297041 0.128570 1.350700
v -0.270690 0.135383 1.351275
v -0.279788 0.127567 1.363351
v -0.305422 0.109735 1.363227
v -0.325846 0.109924 1.345689
v -0.203776 0.120431 1.337790
v -0.201425 0.109339 1.330846
v -0.199462 0.091679 1.327060
v -0.199691 0.070198 1.327740
v -0.199089 0.046732 1.328733
v -0.328542 0.087462 1.350165
v -0.328625 0.062492 1.348200
v -0.300237 0.032624 1.356456
v -0.323856 0.035932 1.338447
v -0.290806 0.012647 1.339855
v -0.315008 0.012539 1.323726
v -0.269968 0.011448 1.355124
v -0.347475 0.039008 1.320437
v -0.341326 0.013569 1.305772
v -0.353658 0.063041 1.325054
v -0.348244 0.085012 1.328164
v -0.365355 0.082405 1.313987
v -0.346531 0.104380 1.324721
v -0.363572 0.097524 1.308437
v -0.379781 0.082150 1.304943
v -0.394010 0.081913 1.296244
v -0.374927 0.115119 1.279438
v -0.392641 0.062746 1.296085
v -0.379052 0.064520 1.303539
v -0.376418 0.043163 1.295257
v -0.364312 0.041825 1.306801
v -0.370721 0.020480 1.280221
v -0.359091 0.015716 1.291113
v -0.360570 0.009802 1.262727
v -0.347151 0.006573 1.273215
v -0.344511 0.015620 1.237826
v -0.328221 0.013270 1.244446
v -0.337331 0.033511 1.231070
v -0.321711 0.034386 1.238201
v -0.381089 0.025367 1.267973
v -0.387232 0.027084 1.242519
v -0.372665 0.029498 1.226932
v -0.393405 0.032138 1.254414
v -0.400809 0.042747 1.275935
v -0.388866 0.043709 1.285434
v -0.351291 0.034889 1.225382
v -0.364783 0.035022 1.217176
v -0.376790 0.030157 1.202094
v -0.381705 0.027029 1.218306
v -0.384242 0.029629 1.228321
v -0.420329 0.121922 1.239197
v -0.405555 0.124893 1.222466
v -0.393034 0.122148 1.205457
v -0.379658 0.092530 1.195783
v -0.395285 0.087574 1.177717
v -0.397322 0.103973 1.187257
v -0.444093 0.013150 1.228975
v -0.426347 0.021571 1.242284
v -0.455032 0.028946 1.247282
v -0.430543 0.009458 1.206100
v -0.463401 0.006011 1.213737
v -0.477104 0.024921 1.231038
v -0.449699 0.000038 1.191154
v -0.433964 -0.000829 1.171566
v -0.462129 0.046133 1.255504
v -0.484957 0.041144 1.236817
v -0.485333 0.000637 1.196166
v -0.499314 0.023903 1.210607
v -0.509153 -0.002228 1.176571
v -0.491175 -0.009485 1.158063
v -0.469387 -0.006141 1.175881
v -0.475243 -0.006455 1.139445
v -0.454429 -0.006029 1.155390
v -0.467251 0.006462 1.125785
v -0.443466 0.006580 1.137786
v -0.442162 0.027172 1.129828
v -0.538004 0.013598 1.168415
v -0.531068 -0.004564 1.154050
v -0.422922 0.009734 1.151280
v -0.421537 0.030387 1.138800
v -0.553327 0.037118 1.161653
v -0.529859 0.043578 1.187721
v -0.506777 0.049103 1.215204
v -0.488983 0.057553 1.237111
v -0.465887 0.061409 1.256889
v -0.466564 0.072978 1.251255
v -0.487755 0.072323 1.229905
v -0.466857 0.080154 1.243130
v -0.488461 0.085397 1.219303
v -0.465237 0.092169 1.235468
v -0.462031 0.102843 1.224357
v -0.486250 0.096402 1.207593
v -0.479042 0.106335 1.191544
v -0.466747 0.109737 1.174712
v -0.498376 0.100066 1.175283
v -0.486018 0.103720 1.159487
v -0.518895 0.090882 1.157508
v -0.507502 0.093416 1.141066
v -0.538096 0.079089 1.139174
v -0.506575 0.088848 1.190732
v -0.490802 0.091629 1.129746
v -0.457539 0.082747 1.130820
v -0.468018 0.100436 1.146774
v -0.440007 0.087619 1.143726
v -0.550498 0.062546 1.151966
v -0.527238 0.078485 1.171340
v -0.529481 0.061947 1.183702
v -0.509615 0.076626 1.201442
v -0.510290 0.061580 1.208858
v -0.211085 0.031749 1.324286
v -0.250362 0.035291 1.287490
v -0.276640 0.036087 1.265622
v -0.239558 0.015792 1.310318
v -0.282576 0.014052 1.273571
v -0.266455 0.005834 1.309396
v -0.291519 0.004196 1.290005
v -0.281229 0.008431 1.327450
v -0.305161 0.004461 1.308407
v -0.245193 0.007278 1.329322
v -0.260088 0.006323 1.344852
v -0.241233 0.005443 1.360717
v -0.228197 0.006751 1.346452
v -0.306970 0.013457 1.256555
v -0.328786 0.004848 1.288918
v -0.300692 0.035174 1.249283
v -0.221687 0.002949 1.356523
v -0.202057 0.006143 1.350598
v -0.216196 0.013988 1.333211
v -0.193464 0.023181 1.339483
v -0.187525 0.009752 1.347639
v -0.256636 0.042216 1.441060
v -0.259790 0.068738 1.441024
v -0.238684 0.043458 1.455557
v -0.243177 0.070473 1.455212
v -0.218691 0.045430 1.463205
v -0.222252 0.071743 1.464666
v -0.207947 0.019275 1.458024
v -0.227544 0.014841 1.449555
v -0.192912 -0.000174 1.445015
v -0.209902 -0.005303 1.433053
v -0.253316 0.101140 1.434337
v -0.236419 0.102889 1.451299
v -0.217030 0.100751 1.461965
v -0.197729 0.047671 1.465412
v -0.187332 0.026302 1.461483
v -0.195486 0.075386 1.465929
v -0.193372 0.096367 1.464198
v -0.187640 0.118798 1.459086
v -0.161333 0.111280 1.460907
v -0.162088 0.134353 1.447994
v -0.176047 0.137814 1.446288
v -0.159739 0.147794 1.430351
v -0.204294 0.124057 1.455306
v -0.189978 0.140500 1.438542
v -0.224655 0.127389 1.440564
v -0.206146 0.141733 1.424717
v -0.169390 0.150647 1.415282
v -0.238581 0.127602 1.422425
v -0.245918 0.016676 1.434441
v -0.233954 0.001596 1.423019
v -0.192577 -0.017323 1.416953
v -0.177613 -0.011698 1.431788
v -0.167811 -0.017857 1.422915
v -0.181075 -0.025941 1.404923
v -0.154812 -0.027115 1.415482
v -0.154505 -0.045337 1.394525
v -0.164947 -0.051651 1.374218
v -0.137023 -0.070986 1.365152
v -0.140329 -0.076385 1.338434
v -0.135027 -0.078089 1.320996
v -0.117277 -0.080744 1.362077
v -0.122068 -0.088304 1.335182
v -0.094761 -0.088282 1.360573
v -0.098316 -0.096929 1.336045
v -0.065075 -0.094368 1.358985
v -0.067276 -0.102012 1.338201
v -0.070580 -0.104544 1.322657
v -0.053428 -0.106143 1.324330
v -0.065363 -0.103742 1.306945
v -0.088721 -0.098460 1.301880
v -0.093487 -0.100578 1.319324
v -0.061545 -0.108726 1.294174
v -0.099557 -0.094105 1.286422
v -0.076168 -0.107370 1.269606
v -0.057002 -0.113291 1.274920
v -0.050284 -0.110247 1.247011
v -0.062141 -0.105685 1.233292
v -0.077741 -0.097431 1.225747
v -0.099835 -0.088406 1.239752
v -0.086735 -0.083397 1.196788
v -0.073516 -0.094593 1.199047
v -0.054047 -0.102599 1.181442
v -0.070635 -0.093462 1.173362
v -0.067357 -0.094051 1.142361
v -0.048957 -0.101216 1.131023
v -0.061125 -0.095368 1.108957
v -0.034148 -0.103523 1.102291
v -0.059513 -0.095650 1.080513
v -0.030936 -0.104113 1.125694
v -0.031087 -0.105165 1.153243
v -0.031369 -0.106918 1.026812
v -0.059106 -0.098605 1.033741
v -0.031633 -0.109203 1.203128
v -0.083687 -0.086133 1.040880
v -0.105530 -0.069736 1.047560
v -0.126606 -0.045123 1.081058
v -0.126121 -0.046597 1.054296
v -0.138351 -0.014933 1.060043
v -0.128692 -0.050087 1.027668
v -0.140501 -0.014317 1.033759
v -0.105253 -0.072289 1.021451
v -0.145165 -0.015263 1.007512
v -0.148703 -0.016431 0.983346
v -0.134728 -0.057732 0.982885
v -0.106524 -0.078942 0.995211
v -0.109274 -0.085069 0.975575
v -0.078465 -0.087321 0.983809
v -0.078550 -0.092395 0.964356
v -0.052193 -0.086545 0.954757
v -0.058206 -0.098956 1.006805
v -0.028681 -0.106038 0.972775
v -0.030500 -0.107368 1.001112
v -0.081876 -0.087084 1.012703
v -0.025898 -0.099385 0.946185
v -0.014562 -0.073736 0.920134
v -0.027009 -0.071177 0.922460
v -0.008110 -0.031250 0.911629
v -0.015248 -0.031420 0.910489
v -0.014124 0.003802 0.915447
v -0.006430 0.003935 0.919135
v -0.025303 0.110414 1.508493
v -0.020849 0.099570 1.528265
v -0.008061 0.098533 1.527478
v -0.009591 0.107102 1.507396
v -0.027806 0.124453 1.487181
v -0.031273 0.140511 1.460353
v -0.033635 0.149720 1.434385
v -0.034390 0.154821 1.404805
v -0.050413 0.126474 1.485851
v -0.054286 0.142692 1.460345
v -0.076932 0.133662 1.472080
v -0.046040 0.108476 1.507327
v -0.039037 0.094070 1.529345
v -0.081837 0.117648 1.487172
v -0.064269 0.091800 1.511053
v -0.118362 0.103724 1.480904
v -0.090845 0.076375 1.499421
v -0.145409 0.081912 1.474511
v -0.112014 0.125067 1.470327
v -0.130348 0.129162 1.459412
v -0.141682 0.107058 1.470050
v -0.147263 0.130388 1.448429
v -0.097127 0.139724 1.457579
v -0.168827 0.081549 1.466242
v -0.164610 0.058761 1.465139
v -0.145314 0.059801 1.471074
v -0.118047 0.060045 1.483029
v -0.154878 0.039184 1.459616
v -0.158913 0.015219 1.451784
v -0.173057 0.007526 1.450617
v -0.157458 -0.006807 1.437590
v -0.146527 0.003428 1.443319
v -0.144865 -0.015236 1.429765
v -0.124197 -0.028707 1.426007
v -0.132323 -0.042383 1.409638
v -0.131190 -0.060034 1.388272
v -0.096872 -0.041143 1.421658
v -0.103815 -0.056018 1.404846
v -0.049853 -0.068364 1.398388
v -0.048076 -0.052304 1.415216
v -0.073105 -0.031065 1.432927
v -0.022921 -0.054637 1.412816
v -0.019860 -0.069498 1.395558
v -0.019204 -0.038439 1.424561
v -0.024317 -0.085182 1.376221
v -0.037099 -0.036378 1.428373
v -0.045644 -0.083947 1.378642
v -0.068058 -0.080854 1.380725
v -0.090745 -0.075807 1.382707
v -0.038681 -0.024213 1.431272
v -0.074372 -0.018559 1.436826
v -0.049632 -0.012875 1.441172
v -0.033631 -0.014897 1.438507
v -0.019997 -0.026430 1.429062
v -0.020714 -0.018567 1.438949
v -0.011973 -0.018384 1.438126
v -0.013808 -0.009145 1.464614
v -0.010825 -0.011760 1.479190
v -0.012584 -0.017122 1.497050
v -0.017184 -0.007917 1.480487
v -0.019316 -0.010565 1.499246
v -0.020840 -0.014869 1.448470
v -0.033685 -0.008538 1.449635
v -0.052658 -0.003442 1.454397
v -0.070735 -0.006952 1.445004
v -0.103413 -0.005305 1.441796
v -0.096151 -0.023353 1.437573
v -0.114302 -0.013621 1.439688
v -0.133624 -0.000325 1.440705
v -0.132075 0.009288 1.445196
v -0.142999 0.021966 1.450654
v -0.137800 0.041602 1.464716
v -0.111015 0.041609 1.474818
v -0.128057 0.025446 1.456418
v -0.088610 0.058706 1.496716
v -0.072110 0.071384 1.510630
v -0.055417 0.080262 1.529853
v -0.064787 0.067061 1.518575
v -0.061087 0.064468 1.529826
v -0.072539 0.056152 1.505529
v -0.085356 0.040586 1.486303
v -0.068919 0.039313 1.496282
v -0.064953 0.025934 1.485433
v -0.077685 0.024620 1.474407
v -0.091939 0.021788 1.464031
v -0.107553 0.018965 1.455909
v -0.119145 0.013134 1.448849
v -0.094016 0.004655 1.446663
v -0.080905 0.008535 1.453511
v -0.066577 0.010358 1.463200
v -0.053459 0.010756 1.474873
v -0.039924 -0.001619 1.469305
v -0.025156 -0.008206 1.468365
v -0.024598 -0.005931 1.482999
v -0.054577 0.023053 1.497416
v -0.062908 0.044556 1.511299
v -0.059434 0.045029 1.525893
v -0.055277 0.029413 1.520409
v -0.024981 -0.004854 1.502284
v -0.032607 -0.003488 1.485052
v -0.032944 -0.000414 1.505024
v -0.043060 0.005897 1.487219
v -0.044359 0.009734 1.512364
v -0.019954 0.139531 1.311914
v -0.040820 0.151129 1.342433
v -0.054311 0.142834 1.313459
v -0.063380 0.130654 1.280509
v -0.086531 0.135531 1.291502
v -0.082837 0.118841 1.257793
v -0.117027 0.126104 1.278742
v -0.113506 0.114804 1.259040
v -0.113795 0.139567 1.297438
v -0.107820 0.151506 1.320934
v -0.084600 0.147981 1.315735
v -0.102383 0.158229 1.347008
v -0.074842 0.155052 1.343371
v -0.129355 0.152806 1.328580
v -0.137885 0.139612 1.306209
v -0.121627 0.159024 1.353166
v -0.147944 0.152297 1.339294
v -0.157228 0.138879 1.318125
v -0.139595 0.157132 1.359095
v -0.142605 0.125091 1.290775
v -0.144897 0.111586 1.274822
v -0.141869 0.095809 1.254346
v -0.175393 0.123210 1.317298
v -0.169302 0.106061 1.295967
v -0.162171 0.091724 1.273107
v -0.190419 0.109257 1.326970
v -0.191596 0.089427 1.314334
v -0.196066 0.066481 1.317994
v -0.191951 0.037769 1.321695
v -0.184856 0.035878 1.306966
v -0.183345 0.059762 1.292973
v -0.186774 0.121958 1.330951
v -0.178016 0.084752 1.291534
v -0.166217 0.044683 1.255544
v -0.174136 0.031978 1.277451
v -0.159084 0.069746 1.252003
v -0.132984 0.074353 1.223068
v -0.154761 0.052374 1.234181
v -0.106884 0.098686 1.233527
v -0.157467 0.018829 1.241348
v -0.148266 0.012818 1.219260
v -0.136357 0.036965 1.194987
v -0.141861 0.006422 1.197679
v -0.131114 0.030794 1.175333
v -0.139350 0.000728 1.177785
v -0.138262 -0.003926 1.157255
v -0.132118 0.022747 1.137246
v -0.108019 0.046781 1.154958
v -0.110377 0.050913 1.174996
v -0.087403 0.063604 1.176144
v -0.083226 0.060020 1.153834
v -0.109839 0.043668 1.116372
v -0.082751 0.059270 1.118660
v -0.109715 0.044449 1.093985
v -0.083160 0.061468 1.096246
v -0.054730 0.067588 1.119694
v -0.055104 0.071229 1.096770
v -0.130480 0.017055 1.090418
v -0.131272 0.019487 1.112505
v -0.055098 0.067804 1.146938
v -0.025168 0.065648 1.120264
v -0.026430 0.073741 1.097161
v -0.024138 0.065107 1.145323
v -0.115270 0.050910 1.066101
v -0.088207 0.072477 1.067699
v -0.057357 0.083163 1.068541
v -0.028123 0.086359 1.068563
v -0.116800 0.055986 1.035426
v -0.134458 0.023489 1.035024
v -0.136050 0.028358 0.998505
v -0.116103 0.061610 1.003793
v -0.107084 0.070227 0.978872
v -0.086910 0.083230 0.976998
v -0.090230 0.086301 1.006158
v -0.050547 0.089814 0.975987
v -0.056270 0.099152 1.008339
v -0.114456 0.061110 0.967782
v -0.084791 0.076506 0.958353
v -0.027136 0.100618 1.009874
v -0.017733 0.063349 0.951442
v -0.052898 0.062412 0.942225
v -0.090612 0.080961 1.035788
v -0.058277 0.093913 1.038241
v -0.028420 0.096445 1.039459
v -0.028813 0.032944 0.929712
v -0.030364 0.031268 0.922619
v -0.053829 0.057139 0.932734
v -0.086820 0.068896 0.945823
v -0.117848 0.056119 0.955450
v -0.140788 0.024970 0.972478
v -0.133554 0.020626 1.063600
v -0.175808 0.016363 1.317572
v -0.182952 0.017389 1.332398
v -0.167122 -0.022760 1.334087
v -0.179032 -0.002050 1.343198
v -0.161704 -0.013223 1.286902
v -0.156165 -0.034188 1.297301
v -0.144945 -0.041292 1.264467
v -0.170364 0.012977 1.298379
v -0.151073 -0.017376 1.254574
v -0.162045 0.006232 1.270918
v -0.187757 -0.023562 1.345468
v -0.156538 -0.039462 1.323373
v -0.142724 -0.053448 1.292718
v -0.130661 -0.045882 1.225878
v -0.138442 -0.021249 1.222351
v -0.131211 -0.024758 1.201127
v -0.114851 -0.058082 1.202018
v -0.110743 -0.058885 1.183864
v -0.128631 -0.031767 1.171727
v -0.108407 -0.062271 1.164875
v -0.134503 -0.058822 1.266949
v -0.176239 -0.038152 1.339196
v -0.200027 -0.028652 1.365728
v -0.200177 -0.009267 1.350685
v -0.217087 -0.012590 1.364677
v -0.016862 0.092441 1.547515
v -0.016015 0.088024 1.568247
v -0.034242 0.088596 1.549654
v -0.032181 0.085023 1.569514
v -0.049719 0.077887 1.550654
v -0.045787 0.075541 1.574340
v -0.058149 0.062795 1.549323
v -0.056436 0.062327 1.568111
v -0.058741 0.045085 1.545397
v -0.059363 0.044967 1.574406
v -0.056484 0.026162 1.561094
v -0.058725 0.026077 1.582624
v -0.054030 0.012838 1.581980
v -0.060670 0.027775 1.602541
v -0.057392 0.013658 1.597124
v -0.052580 0.012899 1.565552
v -0.055282 0.003945 1.559329
v -0.059646 -0.000947 1.561155
v -0.051708 -0.006018 1.552194
v -0.057078 -0.011431 1.555108
v -0.051902 -0.025474 1.547197
v -0.044438 -0.022449 1.542296
v -0.060244 -0.014531 1.562958
v -0.063190 -0.002683 1.567330
v -0.062536 0.004045 1.569035
v -0.063882 -0.020754 1.585682
v -0.049751 0.007877 1.558138
v -0.054783 -0.029593 1.558954
v -0.041918 -0.042125 1.538024
v -0.034145 -0.037175 1.533344
v -0.028451 -0.058667 1.527470
v -0.025706 -0.046232 1.527821
v -0.018992 -0.064639 1.522503
v -0.028277 -0.064404 1.529459
v -0.020405 -0.072116 1.526344
v -0.037458 -0.054278 1.537815
v -0.009633 -0.067337 1.520001
v -0.010219 -0.077130 1.524578
v -0.020921 -0.075188 1.533809
v -0.030751 -0.073156 1.561756
v -0.019797 -0.087143 1.574037
v -0.010917 -0.084895 1.549851
v -0.040069 -0.061049 1.562238
v -0.010521 -0.080447 1.532421
v -0.047260 -0.044943 1.555009
v -0.046250 -0.068887 1.599319
v -0.054231 -0.057302 1.599081
v -0.058973 -0.036714 1.584617
v -0.063364 -0.044050 1.607641
v -0.070399 -0.006607 1.600648
v -0.069640 0.006179 1.597520
v -0.077613 0.003340 1.615911
v -0.072934 0.009014 1.604153
v -0.079710 0.019437 1.618996
v -0.075998 0.018905 1.610689
v -0.061865 0.016467 1.603657
v -0.063426 0.027286 1.612021
v -0.082021 0.018352 1.644938
v -0.082340 0.008679 1.642976
v -0.079639 0.002246 1.628390
v -0.080857 -0.000848 1.641323
v -0.078124 0.032221 1.649514
v -0.077740 0.025316 1.618923
v -0.081949 0.006169 1.680398
v -0.081633 0.023961 1.677173
v -0.079338 0.025929 1.701226
v -0.078898 0.005584 1.702065
v -0.074118 0.025641 1.725886
v -0.073218 0.002368 1.726153
v -0.058224 0.024630 1.742876
v -0.057197 -0.000559 1.740745
v -0.035967 -0.003718 1.752696
v -0.038976 0.024911 1.755400
v -0.077604 0.042876 1.693511
v -0.058077 0.050673 1.736130
v -0.038745 0.055446 1.748163
v -0.036807 0.080128 1.729087
v -0.055695 0.069838 1.723292
v -0.072900 0.045814 1.719685
v -0.068453 0.063079 1.710416
v -0.053299 0.084532 1.702698
v -0.064216 0.075162 1.696647
v -0.072190 0.060294 1.685528
v -0.064613 0.074326 1.680088
v -0.036086 0.093467 1.706796
v -0.052070 0.089020 1.679888
v -0.049578 0.087466 1.657497
v -0.062115 0.072785 1.658070
v -0.035928 0.099447 1.680651
v -0.034917 0.096346 1.656392
v -0.046085 0.082811 1.636070
v -0.030924 0.084569 1.619135
v -0.043224 0.076993 1.619001
v -0.057433 0.069592 1.637421
v -0.066260 0.050431 1.637812
v -0.070077 0.058609 1.660294
v -0.051903 0.065773 1.619839
v -0.057864 0.053088 1.620915
v -0.018670 0.098913 1.707176
v -0.018996 0.085922 1.730802
v -0.019513 0.059154 1.753125
v -0.018437 0.104628 1.680725
v -0.017591 0.101649 1.657538
v -0.016723 0.094928 1.635301
v -0.016126 0.088519 1.619130
v -0.018570 0.026138 1.761876
v -0.015829 0.086116 1.604331
v -0.030362 0.082850 1.602335
v -0.043355 0.075127 1.603683
v -0.053113 0.063005 1.599646
v -0.059479 0.046704 1.602647
v -0.061622 0.040002 1.620544
v -0.077672 0.041653 1.664561
v -0.064462 0.030581 1.620468
v -0.070878 0.033824 1.633631
v -0.015655 0.086444 1.586701
v -0.143803 0.076482 0.535475
v -0.143836 0.074027 0.548727
v -0.117910 0.078729 0.548326
v -0.091709 0.067156 0.546889
v -0.091745 0.071897 0.532938
v -0.163098 0.059809 0.529396
v -0.163979 0.055511 0.544679
v -0.076176 0.041741 0.540099
v -0.078176 0.044698 0.522863
v -0.073560 0.038471 0.554527
v -0.089569 0.064406 0.561788
v -0.116580 0.075211 0.564118
v -0.089417 0.061361 0.576993
v -0.116142 0.069573 0.579402
v -0.144093 0.068269 0.563420
v -0.142456 0.065953 0.579384
v -0.162095 0.049358 0.561053
v -0.171684 0.024590 0.538593
v -0.170872 0.020064 0.558455
v -0.161840 -0.010644 0.531591
v -0.151579 -0.044902 0.526774
v -0.152680 -0.045865 0.551585
v -0.127799 -0.055579 0.552178
v -0.129765 -0.053943 0.525072
v -0.134960 -0.036162 0.497503
v -0.112635 -0.023486 0.477166
v -0.105274 -0.052185 0.523668
v -0.093111 -0.007208 0.504400
v -0.089839 -0.017276 0.526695
v -0.154407 -0.024602 0.502343
v -0.078057 0.019174 0.514414
v -0.081687 0.026940 0.496103
v -0.096367 0.007759 0.456279
v -0.082742 0.032988 0.468608
v -0.114054 -0.012244 0.450592
v -0.138320 -0.024130 0.478255
v -0.140521 -0.012511 0.451145
v -0.157659 -0.008558 0.483449
v -0.158837 0.004415 0.456460
v -0.076870 0.008773 0.548452
v -0.166022 0.003183 0.512700
v -0.171329 0.033517 0.520876
v -0.167985 0.015963 0.494409
v -0.171103 0.027479 0.467203
v -0.179886 0.036541 0.439234
v -0.179287 0.048232 0.476616
v -0.172930 0.041106 0.502322
v -0.177888 0.068396 0.484811
v -0.166431 0.066968 0.510754
v -0.164344 0.089258 0.489234
v -0.145102 0.085474 0.517638
v -0.145516 0.100914 0.491197
v -0.148817 0.118996 0.454299
v -0.121310 0.123104 0.453698
v -0.119060 0.092518 0.516534
v -0.168007 0.108708 0.452494
v -0.097689 0.116883 0.449994
v -0.098693 0.097903 0.491257
v -0.092428 0.078888 0.516679
v -0.079070 0.049144 0.506894
v -0.081944 0.081292 0.486190
v -0.079830 0.091845 0.459001
v -0.077601 0.056665 0.477889
v -0.075725 0.061445 0.461952
v -0.179434 0.090162 0.460939
v -0.122637 0.009183 0.345828
v -0.125639 0.016372 0.306968
v -0.105181 0.028030 0.344222
v -0.107476 0.043530 0.304455
v -0.129877 0.023411 0.261936
v -0.112999 0.045839 0.262110
v -0.092288 0.048536 0.343546
v -0.083330 0.047381 0.380837
v -0.074064 0.074655 0.380376
v -0.083884 0.075927 0.344239
v -0.146881 0.008264 0.345859
v -0.157236 0.018553 0.307300
v -0.157875 0.024839 0.262002
v -0.132064 0.027204 0.220216
v -0.158519 0.027951 0.219849
v -0.172616 0.045530 0.218972
v -0.173634 0.044773 0.180655
v -0.159281 0.027246 0.181297
v -0.160860 0.023776 0.156498
v -0.176371 0.039285 0.153397
v -0.164526 0.011913 0.121836
v -0.182967 0.026491 0.110030
v -0.173670 0.045042 0.261435
v -0.179749 0.059224 0.180823
v -0.183906 0.054514 0.150819
v -0.175442 0.041388 0.307275
v -0.166896 0.023174 0.346623
v -0.184860 0.047995 0.347630
v -0.189078 0.070590 0.306939
v -0.197782 0.072342 0.348213
v -0.189374 0.046094 0.384274
v -0.202094 0.072387 0.384567
v -0.195142 0.101955 0.348673
v -0.198969 0.101218 0.382468
v -0.188104 0.099541 0.308208
v -0.186399 0.121765 0.383038
v -0.178630 0.124945 0.349727
v -0.164948 0.124302 0.309473
v -0.154806 0.137130 0.348348
v -0.132308 0.130225 0.307452
v -0.127437 0.138542 0.346963
v -0.101479 0.126116 0.345263
v -0.102829 0.110336 0.305776
v -0.085824 0.101810 0.343962
v -0.089119 0.127374 0.380080
v -0.076772 0.103958 0.379647
v -0.097084 0.073606 0.304497
v -0.111606 0.106307 0.262133
v -0.137138 0.122226 0.262836
v -0.163883 0.118061 0.263540
v -0.181385 0.096628 0.263404
v -0.184141 0.069796 0.263092
v -0.181363 0.068769 0.218669
v -0.117261 0.101233 0.218824
v -0.140872 0.117138 0.218802
v -0.162384 0.111432 0.219213
v -0.142293 0.115636 0.177502
v -0.161315 0.108116 0.175150
v -0.121246 0.098877 0.176936
v -0.112913 0.072682 0.177952
v -0.110044 0.073350 0.219348
v -0.105666 0.074209 0.261784
v -0.125860 0.106928 0.151348
v -0.143331 0.116791 0.152075
v -0.143230 0.121162 0.117440
v -0.124391 0.110663 0.102223
v -0.115690 0.086136 0.118061
v -0.119779 0.084403 0.095617
v -0.111148 0.070819 0.148220
v -0.106874 0.066771 0.116065
v -0.161581 0.112472 0.122135
v -0.163448 0.116708 0.101358
v -0.174081 0.097440 0.151821
v -0.179113 0.089573 0.176128
v -0.178908 0.091900 0.218206
v -0.181779 0.072099 0.179408
v -0.187366 0.068463 0.150311
v -0.176887 0.095723 0.121739
v -0.190157 0.082640 0.124179
v -0.192859 0.063709 0.125514
v -0.188931 0.048503 0.127351
v -0.143382 0.009166 0.121021
v -0.137515 0.021444 0.155805
v -0.122657 0.028830 0.132508
v -0.127364 0.024801 0.110627
v -0.133550 0.027129 0.179267
v -0.119557 0.037321 0.152006
v -0.112420 0.051563 0.149832
v -0.110665 0.045363 0.121498
v -0.116985 0.047132 0.219037
v -0.118312 0.046376 0.178074
v -0.117757 0.041073 0.099210
v -0.114767 0.064782 0.093084
v -0.126211 0.018034 0.085475
v -0.146320 -0.008329 0.102321
v -0.168144 -0.004939 0.105334
v -0.190499 0.012755 0.090182
v -0.192387 0.041342 0.072149
v -0.189109 0.042762 0.104912
v -0.115925 0.064833 0.065004
v -0.189577 0.061149 0.099914
v -0.186946 0.078195 0.099735
v -0.177315 0.094666 0.100931
v -0.189486 0.079675 0.063396
v -0.168924 0.122431 0.065240
v -0.142329 0.130621 0.066499
v -0.120506 0.115415 0.066321
v -0.061942 0.024875 0.659723
v -0.069767 0.029522 0.620915
v -0.084275 0.058430 0.620371
v -0.077791 0.056459 0.662262
v -0.115469 0.067368 0.597931
v -0.107588 0.069785 0.676148
v -0.137820 0.061636 0.663607
v -0.139144 0.061955 0.623457
v -0.158045 0.043133 0.626192
v -0.157309 0.039416 0.666055
v -0.162054 0.048226 0.581441
v -0.141312 0.063067 0.596670
v -0.087429 0.061037 0.595622
v -0.168907 0.018780 0.578220
v -0.161414 -0.012239 0.576735
v -0.151194 -0.042332 0.577267
v -0.127738 -0.055155 0.577694
v -0.166700 -0.015662 0.608162
v -0.155904 -0.040169 0.610299
v -0.128186 -0.054007 0.608424
v -0.160566 -0.047924 0.639787
v -0.130454 -0.063342 0.635861
v -0.072855 0.034806 0.573854
v -0.072292 0.032719 0.595379
v -0.098649 -0.073564 0.630344
v -0.098239 -0.061914 0.599727
v -0.094781 -0.053092 0.572974
v -0.099730 -0.054413 0.549562
v -0.085447 -0.023694 0.548870
v -0.069700 -0.060888 0.621501
v -0.066440 -0.073273 0.658497
v -0.095814 -0.083801 0.667019
v -0.095167 -0.090166 0.705656
v -0.064552 -0.080486 0.700294
v -0.061030 -0.084816 0.744636
v -0.092233 -0.097485 0.746835
v -0.059471 -0.087275 0.783725
v -0.088370 -0.101992 0.783183
v -0.083100 -0.104253 0.830092
v -0.056417 -0.086151 0.829439
v -0.042544 -0.059659 0.783785
v -0.039197 -0.060931 0.824059
v -0.024573 -0.032487 0.822559
v -0.030843 -0.031190 0.782880
v -0.080063 -0.104420 0.869048
v -0.052926 -0.086553 0.897176
v -0.034597 -0.062244 0.858374
v -0.030467 -0.064344 0.889242
v -0.053166 -0.085609 0.927265
v -0.030000 -0.066546 0.913517
v -0.078699 -0.102876 0.907078
v -0.078381 -0.098647 0.940110
v -0.111176 -0.092603 0.951385
v -0.115777 -0.099669 0.915478
v -0.128927 -0.078760 0.953335
v -0.016097 -0.032961 0.885037
v -0.021519 0.000861 0.857021
v -0.019453 0.002271 0.886884
v -0.016399 -0.031883 0.907228
v -0.016930 0.002772 0.907334
v -0.025484 0.000377 0.823704
v -0.031503 0.000572 0.784253
v -0.036262 -0.027785 0.742812
v -0.039963 0.004873 0.742339
v -0.043587 -0.018309 0.700999
v -0.043017 -0.058250 0.743492
v -0.045140 -0.051678 0.698466
v -0.050014 -0.040719 0.655003
v -0.053265 -0.008089 0.656169
v -0.057692 -0.030423 0.618753
v -0.062163 -0.000393 0.619476
v -0.067625 -0.019353 0.592319
v -0.068960 0.003453 0.593330
v -0.074718 0.003849 0.572417
v -0.075793 -0.046726 0.592718
v -0.081246 -0.028836 0.571821
v -0.034003 0.028149 0.888868
v -0.032052 0.029977 0.914119
v -0.034964 0.028905 0.859432
v -0.056712 0.055599 0.894041
v -0.088436 0.070655 0.932355
v -0.092262 0.071044 0.901393
v -0.130887 0.056016 0.906388
v -0.124269 0.055795 0.938487
v -0.097953 0.076248 0.836428
v -0.058825 0.059738 0.840336
v -0.156722 0.020244 0.896127
v -0.147037 0.022269 0.950255
v -0.153515 -0.019378 0.952951
v -0.140218 -0.058964 0.952457
v -0.155226 -0.065786 0.875408
v -0.176065 -0.024954 0.838181
v -0.136374 0.059259 0.871269
v -0.037810 0.030160 0.825677
v -0.140759 0.062879 0.832332
v -0.166656 0.020440 0.834486
v -0.163663 0.034018 0.797204
v -0.176393 0.009557 0.798042
v -0.176266 0.009093 0.754879
v -0.183793 -0.023316 0.755739
v -0.180170 -0.019297 0.712047
v -0.169779 0.010308 0.671587
v -0.158872 0.037564 0.710023
v -0.166501 0.015281 0.631194
v -0.171343 -0.019184 0.637841
v -0.175860 -0.026022 0.676459
v -0.162418 -0.055608 0.675746
v -0.161971 0.037043 0.755287
v -0.137609 0.063450 0.708725
v -0.071840 0.059548 0.708366
v -0.051371 0.019339 0.704633
v -0.139910 0.066769 0.753136
v -0.103241 0.076254 0.751978
v -0.140002 0.066940 0.794999
v -0.099897 0.077479 0.792519
v -0.062659 0.062502 0.789644
v -0.041236 0.031043 0.785889
v -0.066395 0.061788 0.748100
v -0.048257 0.033536 0.743027
v -0.164314 -0.178348 0.016527
v -0.161654 -0.168460 0.033624
v -0.194939 -0.163126 0.034155
v -0.197013 -0.173144 0.016677
v -0.215956 -0.124109 0.027602
v -0.218822 -0.141058 0.012845
v -0.140253 -0.163042 0.015620
v -0.144497 -0.156219 0.031403
v -0.164923 -0.176765 -0.000510
v -0.144399 -0.165086 -0.001225
v -0.196438 -0.169444 -0.000232
v -0.216143 -0.141304 -0.002178
v -0.190032 -0.139140 0.043610
v -0.157786 -0.145673 0.043105
v -0.136743 -0.140872 0.033577
v -0.214030 -0.093896 0.034652
v -0.222617 -0.087207 0.025009
v -0.227337 -0.108206 0.012575
v -0.228825 -0.083970 0.012211
v -0.229075 -0.083853 -0.002477
v -0.226571 -0.107555 -0.002319
v -0.223112 -0.067073 0.024725
v -0.208386 -0.067310 0.039546
v -0.226762 -0.048708 0.007455
v -0.229942 -0.067175 0.010083
v -0.223132 -0.048590 -0.002974
v -0.214164 -0.015164 -0.003435
v -0.212941 0.005971 0.004517
v -0.216161 -0.021190 0.030560
v -0.203760 -0.043471 0.050526
v -0.181503 -0.084947 0.052342
v -0.178090 -0.062283 0.062858
v -0.198788 -0.021188 0.063507
v -0.174917 -0.041078 0.074710
v -0.206344 0.011388 -0.003353
v -0.200022 0.043266 -0.004331
v -0.196791 0.078847 0.005964
v -0.202558 0.043815 0.039595
v -0.207193 0.013206 0.039210
v -0.172355 -0.026073 0.086013
v -0.197484 0.012225 0.071199
v -0.150984 -0.090707 0.050174
v -0.184378 -0.099680 0.049400
v -0.152182 -0.103971 0.048340
v -0.123340 -0.103399 0.031698
v -0.119395 -0.120929 0.013347
v -0.115322 -0.101983 0.011550
v -0.121529 -0.120390 -0.003149
v -0.117412 -0.101327 -0.003041
v -0.115735 -0.082928 0.009309
v -0.117743 -0.082936 -0.003138
v -0.125474 -0.048285 0.004991
v -0.127359 -0.047594 -0.003100
v -0.137188 -0.009103 0.004730
v -0.139918 -0.009745 -0.001064
v -0.133451 0.033486 0.005016
v -0.132112 -0.009080 0.033192
v -0.127965 0.029465 0.033018
v -0.134479 0.034495 -0.000139
v -0.123023 -0.085152 0.032609
v -0.127319 -0.047048 0.032996
v -0.123181 0.024344 0.059709
v -0.127751 -0.011830 0.060884
v -0.110183 0.073581 0.037001
v -0.146988 -0.032395 0.081846
v -0.147161 -0.047476 0.071475
v -0.146794 -0.067849 0.059487
v -0.133519 -0.087982 0.042911
v -0.133575 -0.058024 0.049650
v -0.135300 -0.040352 0.060428
v -0.130220 -0.026088 0.047935
v -0.178838 -0.136369 -0.005022
v -0.128241 -0.142633 -0.002066
v -0.179343 -0.090802 -0.005434
v -0.227506 -0.067348 -0.002861
v -0.174121 -0.002369 -0.004603
v -0.163491 0.040424 -0.003973
v -0.191211 0.088407 -0.003676
v -0.151609 0.082421 -0.004505
v -0.142502 0.128807 -0.002578
v -0.170723 0.123310 -0.002856
v -0.115061 0.112572 -0.001847
v -0.116218 0.072469 -0.002482
v -0.011442 -0.096351 1.687319
v -0.011251 -0.098862 1.670894
v -0.012106 -0.086849 1.708602
v -0.012810 -0.067759 1.732230
v -0.028584 -0.062818 1.730015
v -0.026439 -0.082643 1.708416
v -0.013907 -0.038929 1.749513
v -0.025199 -0.092930 1.688135
v -0.024273 -0.096340 1.670906
v -0.037090 -0.086055 1.688177
v -0.039502 -0.075551 1.707247
v -0.049908 -0.075432 1.688313
v -0.052853 -0.063534 1.705352
v -0.041603 -0.057159 1.726092
v -0.054110 -0.048606 1.720313
v -0.054931 -0.027091 1.732950
v -0.041879 -0.032876 1.740242
v -0.028619 -0.036785 1.745314
v -0.068098 -0.033917 1.710913
v -0.070937 -0.015062 1.721803
v -0.076337 -0.012597 1.699714
v -0.072785 -0.030453 1.695995
v -0.076190 -0.026717 1.681413
v -0.077623 -0.022575 1.662003
v -0.074443 -0.030484 1.643192
v -0.071556 -0.030560 1.625383
v -0.068724 -0.029393 1.609998
v -0.016694 -0.004440 1.759716
v -0.008471 -0.103289 1.607530
v -0.009377 -0.098369 1.589954
v -0.007178 -0.099286 1.630157
v -0.016024 -0.098437 1.614702
v -0.018172 -0.094197 1.595646
v -0.019460 -0.095350 1.607892
v -0.010929 -0.099529 1.653110
v -0.014537 -0.024862 1.527976
v -0.028253 -0.013410 1.535973
v -0.040949 -0.002240 1.546774
v -0.038949 0.002198 1.542766
v -0.048860 0.012936 1.552618
v -0.046351 0.011348 1.532152
v -0.029076 -0.004059 1.520128
v -0.024851 -0.012026 1.530656
v -0.013916 -0.021005 1.525412
v -0.036845 -0.078040 1.596152
v -0.108612 -0.086451 1.263982
v -0.092365 -0.099138 1.267033
v -0.113584 -0.085832 1.302172
v -0.117311 -0.091274 1.317820
v -0.677493 0.035409 0.991869
v -0.033423 -0.107115 1.311888
v -0.027672 -0.104696 1.338183
v -0.034967 -0.097952 1.355433
v -0.026019 -0.099464 1.355013
v -0.034197 -0.111979 1.297934
v -0.036685 -0.116413 1.279277
v -0.029876 -0.113061 1.255385
v -0.174042 0.127714 0.016381
v -0.142228 0.135547 0.016998
v -0.113261 0.116706 0.016342
v -0.108623 0.077228 0.017308
v -0.173195 0.126308 0.036232
v -0.114934 0.116950 0.037074
v -0.195037 0.084879 0.032220
v -0.192242 0.098671 0.016565
v -0.240969 0.136042 1.350772
v -0.230322 0.133457 1.359705
v -0.205363 0.130790 1.351813
v -0.204420 0.141141 1.368135
v -0.254561 0.132561 1.362911
v -0.196083 0.122245 1.340154
v -0.192622 0.135955 1.352305
v -0.174256 0.145726 1.357437
v -0.174922 0.136615 1.330808
v -0.155195 0.153441 1.367323
v -0.126599 -0.142961 0.013914
v -0.056764 0.072802 1.175736
v -0.027795 0.071035 1.176231
v -0.023396 0.076050 1.197824
v -0.045959 0.088949 1.214756
v -0.044170 0.078895 1.195260
v -0.023626 0.112221 1.256612
v -0.037387 0.128669 1.281814
v -0.055606 0.117997 1.255438
v -0.065617 0.078228 1.195264
v -0.072134 0.098485 1.225530
v -0.094942 0.072765 1.196088
v -0.118829 0.059543 1.193961
v -0.057870 0.152596 1.433979
v -0.081700 0.148177 1.445366
v -0.112114 0.143460 1.443428
v -0.121103 0.149120 1.423436
v -0.140167 0.148793 1.427248
v -0.103073 0.152517 1.416732
v -0.057985 0.155970 1.405277
v -0.087321 0.154708 1.409316
v -0.138125 0.154039 1.410920
v -0.193703 0.148459 1.405393
v -0.219873 0.140623 1.410511
v -0.441718 0.066517 1.271249
v -0.439131 0.052991 1.271232
v -0.182321 -0.025167 0.797620
v -0.167777 -0.059319 0.791270
v -0.167538 -0.057880 0.751565
v -0.146734 -0.089684 0.787176
v -0.147993 -0.084037 0.749749
v -0.164688 -0.057724 0.710534
v -0.147057 -0.075495 0.709051
v -0.129166 -0.074814 0.672103
v -0.126319 -0.088926 0.707207
v -0.124589 -0.098484 0.747527
v -0.122950 -0.104122 0.785605
v -0.120755 -0.105894 0.833683
v -0.118123 -0.104784 0.872598
v -0.140468 -0.088657 0.874961
v -0.143848 -0.091928 0.838121
v -0.162626 -0.064340 0.836893
v -0.317882 0.112309 1.254313
v -0.304884 0.094058 1.253740
v -0.326544 0.120801 1.265426
v -0.334373 0.122341 1.277135
v -0.343618 0.121780 1.292776
v -0.324968 0.129565 1.305630
v -0.335912 0.123689 1.314107
v -0.358100 0.114958 1.300005
v -0.361901 0.116479 1.286100
v -0.112061 -0.068834 1.385107
v -0.200946 0.072414 0.408354
v -0.196104 0.099073 0.407205
v -0.167047 0.136937 0.382372
v -0.138605 0.146132 0.381870
v -0.108699 0.141989 0.380654
v -0.118242 0.056623 0.004431
v 0.049376 -0.084161 1.646750
v 0.037099 -0.090780 1.638242
v -0.049376 -0.084161 1.646750
v -0.037099 -0.090780 1.638242

# UV Coordinates
vt 0.235521 -0.165238
vt 0.265235 -0.176558
vt 0.235198 -0.172676
vt 0.264905 -0.183991
vt 0.229908 -0.180190
vt 0.259599 -0.191514
vt 0.264731 -0.079866
vt 0.270102 -0.074831
vt 0.235880 -0.068899
vt 0.265072 -0.072510
vt 0.236193 -0.061591
vt 0.270291 -0.065042
vt 0.241401 -0.054157
vt 0.222426 -0.165222
vt 0.230099 -0.170304
vt 0.277727 -0.079839
vt 0.278302 -0.176461
vt 0.270678 -0.181575
vt 0.230530 -0.063821
vt 0.222846 -0.068762
vt 0.235198 -0.172676
vt 0.235521 -0.165240
vt 0.265235 -0.176559
vt 0.264905 -0.183991
vt 0.229908 -0.180190
vt 0.259599 -0.191514
vt 0.264731 -0.079866
vt 0.270102 -0.074831
vt 0.235880 -0.068899
vt 0.265072 -0.072510
vt 0.236193 -0.061591
vt 0.270291 -0.065042
vt 0.241401 -0.054157
vt 0.222426 -0.165223
vt 0.230099 -0.170304
vt 0.230530 -0.063821
vt 0.222846 -0.068762
vt 0.277727 -0.079839
vt 0.278302 -0.176463
vt 0.270678 -0.181575
vt 0.265072 -0.072510
vt 0.264731 -0.079884
vt 0.235880 -0.068909
vt 0.236193 -0.061591
vt 0.270291 -0.065042
vt 0.241401 -0.054157
vt 0.235521 -0.165260
vt 0.265235 -0.176569
vt 0.235198 -0.172676
vt 0.264905 -0.183991
vt 0.229908 -0.180190
vt 0.259599 -0.191514
vt 0.270678 -0.181575
vt 0.230099 -0.170304
vt 0.277727 -0.079843
vt 0.278302 -0.176468
vt 0.270102 -0.074831
vt 0.222426 -0.165226
vt 0.222846 -0.068768
vt 0.230530 -0.063821
vt 0.235521 -0.165238
vt 0.235198 -0.172676
vt 0.265235 -0.176558
vt 0.264905 -0.183991
vt 0.229908 -0.180190
vt 0.259599 -0.191514
vt 0.264731 -0.079866
vt 0.270102 -0.074831
vt 0.235880 -0.068899
vt 0.265072 -0.072510
vt 0.236193 -0.061591
vt 0.270291 -0.065042
vt 0.241401 -0.054157
vt 0.222426 -0.165222
vt 0.230099 -0.170304
vt 0.270678 -0.181575
vt 0.278302 -0.176461
vt 0.277727 -0.079839
vt 0.230530 -0.063821
vt 0.222846 -0.068762
vt 0.235521 -0.165240
vt 0.235198 -0.172676
vt 0.265235 -0.176559
vt 0.264905 -0.183991
vt 0.229908 -0.180190
vt 0.259599 -0.191514
vt 0.264731 -0.079866
vt 0.270102 -0.074831
vt 0.235880 -0.068899
vt 0.265072 -0.072510
vt 0.236193 -0.061591
vt 0.270291 -0.065042
vt 0.241401 -0.054157
vt 0.222426 -0.165223
vt 0.230099 -0.170304
vt 0.230530 -0.063821
vt 0.222846 -0.068762
vt 0.278302 -0.176463
vt 0.277727 -0.079839
vt 0.270678 -0.181575
vt 0.264731 -0.079884
vt 0.265072 -0.072510
vt 0.235880 -0.068909
vt 0.236193 -0.061591
vt 0.270291 -0.065042
vt 0.241401 -0.054157
vt 0.235521 -0.165260
vt 0.265235 -0.176569
vt 0.235198 -0.172676
vt 0.264905 -0.183991
vt 0.229908 -0.180190
vt 0.259599 -0.191514
vt 0.270678 -0.181575
vt 0.230099 -0.170304
vt 0.222846 -0.068768
vt 0.230530 -0.063821
vt 0.222426 -0.165226
vt 0.278302 -0.176468
vt 0.277727 -0.079843
vt 0.270102 -0.074831
vt 0.901057 -0.297020
vt 0.901633 -0.301430
vt 0.901990 -0.304372
vt 0.898244 -0.300701
vt 0.772470 -0.474227
vt 0.810638 -0.471730
vt 0.808092 -0.497906
vt 0.771179 -0.518654
vt 0.731694 -0.471441
vt 0.729003 -0.495581
vt 0.838951 -0.526274
vt 0.846254 -0.476485
vt 0.864143 -0.509292
vt 0.876680 -0.480539
vt 0.884188 -0.510581
vt 0.903375 -0.471586
vt 0.911952 -0.531159
vt 0.889325 -0.546642
vt 0.862574 -0.534298
vt 0.730451 -0.519521
vt 0.772173 -0.523286
vt 0.734436 -0.524656
vt 0.699374 -0.525583
vt 0.702602 -0.531188
vt 0.665656 -0.532641
vt 0.669541 -0.538366
vt 0.635639 -0.543390
vt 0.638969 -0.550834
vt 0.692978 -0.501219
vt 0.657634 -0.480357
vt 0.633735 -0.519740
vt 0.617273 -0.555555
vt 0.600747 -0.527989
vt 0.619771 -0.560259
vt 0.600747 -0.567329
vt 0.600747 -0.570865
vt 0.687583 -0.476497
vt 0.730212 -0.469052
vt 0.773463 -0.470693
vt 0.812200 -0.469051
vt 0.732569 -0.455720
vt 0.775328 -0.454776
vt 0.731109 -0.451283
vt 0.776519 -0.451283
vt 0.815736 -0.455420
vt 0.817954 -0.451283
vt 0.690371 -0.457332
vt 0.685136 -0.451283
vt 0.686791 -0.473303
vt 0.653275 -0.457508
vt 0.645801 -0.451283
vt 0.620868 -0.451283
vt 0.623380 -0.458976
vt 0.600747 -0.451283
vt 0.600747 -0.457857
vt 0.655848 -0.476405
vt 0.629645 -0.478544
vt 0.600747 -0.470980
vt 0.630325 -0.482580
vt 0.600747 -0.475541
vt 0.077666 -0.737813
vt 0.067851 -0.736722
vt 0.067851 -0.734998
vt 0.079683 -0.736204
vt 0.080333 -0.749526
vt 0.083410 -0.762718
vt 0.081861 -0.761278
vt 0.067676 -0.759899
vt 0.067675 -0.762098
vt 0.207724 -0.140503
vt 0.172019 -0.144909
vt 0.172325 -0.142917
vt 0.207724 -0.138962
vt 0.170102 -0.118102
vt 0.207681 -0.117613
vt 0.170488 -0.115784
vt 0.207685 -0.115330
vt 0.137414 -0.115834
vt 0.137097 -0.118146
vt 0.145188 -0.145150
vt 0.145539 -0.147254
vt 0.115029 -0.116476
vt 0.115352 -0.118442
vt 0.107535 -0.122913
vt 0.110634 -0.122820
vt 0.109061 -0.142516
vt 0.113381 -0.145498
vt 0.112342 -0.161695
vt 0.120123 -0.187102
vt 0.125685 -0.159837
vt 0.128227 -0.160095
vt 0.118130 -0.193376
vt 0.119680 -0.216721
vt 0.123180 -0.216945
vt 0.122440 -0.260945
vt 0.125127 -0.258358
vt 0.124259 -0.289052
vt 0.126605 -0.289484
vt 0.133026 -0.213845
vt 0.133319 -0.236542
vt 0.134262 -0.262949
vt 0.135823 -0.288882
vt 0.115373 -0.299339
vt 0.117990 -0.299380
vt 0.126251 -0.319572
vt 0.128528 -0.318379
vt 0.137448 -0.302880
vt 0.142273 -0.317145
vt 0.148120 -0.329769
vt 0.135838 -0.242976
vt 0.136153 -0.214100
vt 0.132782 -0.187731
vt 0.137690 -0.278813
vt 0.139838 -0.302448
vt 0.144646 -0.316184
vt 0.150417 -0.328418
vt 0.157124 -0.349589
vt 0.155047 -0.350541
vt 0.141394 -0.341327
vt 0.139397 -0.342737
vt 0.153121 -0.370537
vt 0.150394 -0.370603
vt 0.159950 -0.395594
vt 0.162752 -0.395268
vt 0.164028 -0.415845
vt 0.166394 -0.416231
vt 0.162596 -0.425324
vt 0.163849 -0.424338
vt 0.180560 -0.435353
vt 0.182539 -0.433908
vt 0.199461 -0.448136
vt 0.201080 -0.446824
vt 0.215653 -0.464530
vt 0.217738 -0.463234
vt 0.227590 -0.481385
vt 0.230341 -0.480755
vt 0.235987 -0.502408
vt 0.238728 -0.501719
vt 0.228725 -0.529393
vt 0.226260 -0.528916
vt 0.210221 -0.557003
vt 0.212343 -0.557201
vt 0.199375 -0.573410
vt 0.201542 -0.573963
vt 0.179464 -0.594333
vt 0.189694 -0.587574
vt 0.179989 -0.596944
vt 0.155228 -0.599246
vt 0.155824 -0.601853
vt 0.249304 -0.473957
vt 0.232371 -0.450932
vt 0.259176 -0.498159
vt 0.251282 -0.520736
vt 0.238639 -0.544859
vt 0.226467 -0.563051
vt 0.215449 -0.579477
vt 0.205426 -0.592961
vt 0.197381 -0.605306
vt 0.220134 -0.597060
vt 0.221753 -0.599543
vt 0.198522 -0.608016
vt 0.177302 -0.610377
vt 0.177996 -0.613379
vt 0.156415 -0.615059
vt 0.157261 -0.617428
vt 0.230744 -0.586556
vt 0.228878 -0.584693
vt 0.242089 -0.570071
vt 0.240205 -0.568203
vt 0.259142 -0.547206
vt 0.256903 -0.545159
vt 0.273901 -0.520479
vt 0.271397 -0.518731
vt 0.281531 -0.494279
vt 0.278227 -0.494384
vt 0.268879 -0.461840
vt 0.266320 -0.463300
vt 0.247872 -0.433750
vt 0.245731 -0.436672
vt 0.195359 -0.401579
vt 0.217865 -0.417084
vt 0.192440 -0.403259
vt 0.175341 -0.393312
vt 0.173896 -0.395192
vt 0.166963 -0.374791
vt 0.164736 -0.375986
vt 0.212717 -0.433268
vt 0.190080 -0.418805
vt 0.339284 -0.248018
vt 0.358246 -0.250305
vt 0.358302 -0.252105
vt 0.339788 -0.249910
vt 0.372014 -0.252630
vt 0.371553 -0.250642
vt 0.386843 -0.251501
vt 0.386262 -0.249413
vt 0.404681 -0.248988
vt 0.404462 -0.247286
vt 0.425414 -0.255178
vt 0.426597 -0.253563
vt 0.443513 -0.260420
vt 0.443764 -0.258481
vt 0.457786 -0.264757
vt 0.457205 -0.263162
vt 0.313858 -0.260417
vt 0.315055 -0.261993
vt 0.294623 -0.266500
vt 0.294094 -0.268044
vt 0.294094 -0.258457
vt 0.292071 -0.258889
vt 0.384316 -0.231340
vt 0.369501 -0.232045
vt 0.369083 -0.229971
vt 0.383730 -0.229399
vt 0.406005 -0.228417
vt 0.405558 -0.226303
vt 0.357989 -0.231794
vt 0.356216 -0.229689
vt 0.333925 -0.229965
vt 0.333025 -0.227964
vt 0.314457 -0.239940
vt 0.313638 -0.238117
vt 0.303074 -0.245367
vt 0.294049 -0.247423
vt 0.302253 -0.243481
vt 0.294049 -0.245609
vt 0.425068 -0.236944
vt 0.439898 -0.243285
vt 0.450734 -0.246548
vt 0.457943 -0.255008
vt 0.459488 -0.255720
vt 0.470338 -0.248888
vt 0.469063 -0.247627
vt 0.481855 -0.241890
vt 0.480983 -0.240483
vt 0.440274 -0.241551
vt 0.425983 -0.235467
vt 0.450132 -0.244688
vt 0.464041 -0.239227
vt 0.463484 -0.237564
vt 0.477453 -0.230401
vt 0.476512 -0.229180
vt 0.486559 -0.223796
vt 0.486055 -0.222591
vt 0.498455 -0.224170
vt 0.506856 -0.222973
vt 0.513389 -0.224020
vt 0.524743 -0.222209
vt 0.524520 -0.223590
vt 0.537535 -0.231073
vt 0.537770 -0.229490
vt 0.553488 -0.238776
vt 0.554855 -0.250934
vt 0.570700 -0.257157
vt 0.570700 -0.258618
vt 0.553103 -0.252101
vt 0.543462 -0.245270
vt 0.542631 -0.246797
vt 0.531790 -0.239487
vt 0.531132 -0.240799
vt 0.570700 -0.244400
vt 0.554019 -0.236827
vt 0.570700 -0.242215
vt 0.528690 -0.228278
vt 0.514852 -0.239853
vt 0.515094 -0.241407
vt 0.497551 -0.240228
vt 0.497540 -0.241776
vt 0.513755 -0.228845
vt 0.497722 -0.228845
vt 0.483923 -0.227859
vt 0.026546 -0.659792
vt 0.010081 -0.661868
vt 0.010081 -0.659927
vt 0.026031 -0.657634
vt 0.041023 -0.648469
vt 0.039953 -0.646321
vt 0.063768 -0.644421
vt 0.061985 -0.647205
vt 0.010081 -0.635885
vt 0.022393 -0.637647
vt 0.010081 -0.633443
vt 0.021899 -0.635122
vt 0.038163 -0.637691
vt 0.037607 -0.635262
vt 0.068359 -0.634644
vt 0.072102 -0.631059
vt 0.089672 -0.630484
vt 0.102733 -0.623832
vt 0.106631 -0.625466
vt 0.126715 -0.617371
vt 0.121559 -0.616259
vt 0.093163 -0.643745
vt 0.092471 -0.640956
vt 0.111307 -0.638662
vt 0.110228 -0.636324
vt 0.128390 -0.633271
vt 0.139239 -0.624558
vt 0.143841 -0.625820
vt 0.138382 -0.609096
vt 0.326500 -0.828947
vt 0.337513 -0.818365
vt 0.344591 -0.835416
vt 0.350016 -0.846766
vt 0.324541 -0.836581
vt 0.312784 -0.823379
vt 0.309029 -0.828421
vt 0.300340 -0.816214
vt 0.296599 -0.820450
vt 0.293743 -0.810279
vt 0.288689 -0.812249
vt 0.292263 -0.805477
vt 0.284040 -0.806653
vt 0.299860 -0.797385
vt 0.309993 -0.795948
vt 0.328496 -0.788203
vt 0.323758 -0.797849
vt 0.307907 -0.785433
vt 0.318583 -0.781196
vt 0.331260 -0.779356
vt 0.342804 -0.780842
vt 0.339738 -0.789530
vt 0.352161 -0.785056
vt 0.353279 -0.800731
vt 0.360859 -0.791981
vt 0.335651 -0.803605
vt 0.350775 -0.825889
vt 0.359078 -0.814610
vt 0.360372 -0.826908
vt 0.372211 -0.827112
vt 0.372280 -0.839868
vt 0.360351 -0.843367
vt 0.370969 -0.849702
vt 0.368179 -0.859254
vt 0.371256 -0.816285
vt 0.367575 -0.804211
vt 0.346856 -0.847400
vt 0.308203 -0.830292
vt 0.289681 -0.798944
vt 0.296823 -0.792562
vt 0.010017 -0.303691
vt 0.026364 -0.311672
vt 0.021679 -0.314065
vt 0.010017 -0.306698
vt 0.010017 -0.313762
vt 0.022494 -0.323716
vt 0.010017 -0.323437
vt 0.026567 -0.323492
vt 0.025119 -0.334876
vt 0.022405 -0.333036
vt 0.010017 -0.334420
vt 0.015439 -0.338488
vt 0.018459 -0.340240
vt 0.010017 -0.345705
vt 0.014005 -0.344306
vt 0.017676 -0.345781
vt 0.014273 -0.348121
vt 0.010017 -0.348768
vt 0.763150 -0.754856
vt 0.778932 -0.759434
vt 0.779375 -0.762209
vt 0.761021 -0.757406
vt 0.798005 -0.753445
vt 0.795676 -0.751365
vt 0.818846 -0.741519
vt 0.815895 -0.739122
vt 0.778316 -0.742040
vt 0.764365 -0.740200
vt 0.793804 -0.734844
vt 0.817645 -0.720420
vt 0.833977 -0.730528
vt 0.829208 -0.730309
vt 0.852190 -0.717710
vt 0.850943 -0.715480
vt 0.866207 -0.718292
vt 0.864726 -0.715760
vt 0.895787 -0.703971
vt 0.893870 -0.701392
vt 0.763966 -0.736240
vt 0.778100 -0.738488
vt 0.793213 -0.731488
vt 0.808658 -0.721941
vt 0.820678 -0.714908
vt 0.915754 -0.694677
vt 0.913000 -0.692382
vt 0.936298 -0.685308
vt 0.935159 -0.682405
vt 0.960353 -0.678179
vt 0.959559 -0.674720
vt 0.989205 -0.692170
vt 0.989205 -0.688474
vt 0.836446 -0.708065
vt 0.834830 -0.705563
vt 0.853413 -0.697968
vt 0.851836 -0.695044
vt 0.869031 -0.687747
vt 0.867440 -0.684974
vt 0.892699 -0.673736
vt 0.892413 -0.670263
vt 0.919199 -0.660855
vt 0.918672 -0.658002
vt 0.941203 -0.649885
vt 0.955177 -0.645980
vt 0.975270 -0.649619
vt 0.989205 -0.661076
vt 0.989205 -0.656111
vt 0.939292 -0.648468
vt 0.971571 -0.633324
vt 0.974767 -0.625216
vt 0.942045 -0.625464
vt 0.938828 -0.629405
vt 0.940179 -0.590738
vt 0.935530 -0.589240
vt 0.971061 -0.609252
vt 0.976009 -0.585588
vt 0.972316 -0.585012
vt 0.954395 -0.631897
vt 0.952927 -0.590551
vt 0.955186 -0.588428
vt 0.942767 -0.588671
vt 0.989205 -0.570865
vt 0.989205 -0.567329
vt 0.915859 -0.567004
vt 0.966677 -0.568744
vt 0.947975 -0.571891
vt 0.943913 -0.566519
vt 0.969691 -0.561885
vt 0.989205 -0.553199
vt 0.884513 -0.550897
vt 0.861470 -0.540330
vt 0.807258 -0.518388
vt 0.803114 -0.525076
vt 0.837395 -0.532209
vt 0.911185 -0.568383
vt 0.651345 -0.714897
vt 0.686505 -0.732670
vt 0.673221 -0.730874
vt 0.649850 -0.718597
vt 0.626522 -0.700438
vt 0.624232 -0.703822
vt 0.686476 -0.736316
vt 0.702558 -0.732361
vt 0.702469 -0.729551
vt 0.737376 -0.744649
vt 0.735070 -0.747250
vt 0.738501 -0.730320
vt 0.707629 -0.715770
vt 0.738947 -0.726868
vt 0.709307 -0.712804
vt 0.681852 -0.701073
vt 0.682283 -0.697132
vt 0.651427 -0.682744
vt 0.650296 -0.686322
vt 0.624778 -0.668049
vt 0.624370 -0.671832
vt 0.600747 -0.656111
vt 0.600747 -0.661076
vt 0.615766 -0.693884
vt 0.600747 -0.692170
vt 0.600747 -0.688474
vt 0.989205 -0.457857
vt 0.960713 -0.442891
vt 0.964451 -0.439097
vt 0.989205 -0.451283
vt 0.965475 -0.460009
vt 0.989205 -0.470980
vt 0.941235 -0.444724
vt 0.989205 -0.475541
vt 0.957368 -0.458916
vt 0.955628 -0.483792
vt 0.965299 -0.530799
vt 0.936250 -0.513092
vt 0.937216 -0.484253
vt 0.945520 -0.479743
vt 0.949876 -0.458464
vt 0.941684 -0.459218
vt 0.939710 -0.477200
vt 0.934017 -0.457478
vt 0.941373 -0.447892
vt 0.989205 -0.527989
vt 0.927049 -0.458145
vt 0.902593 -0.466850
vt 0.876429 -0.474820
vt 0.848382 -0.471342
vt 0.853969 -0.455131
vt 0.876222 -0.457185
vt 0.898900 -0.449965
vt 0.854032 -0.451283
vt 0.876631 -0.451283
vt 0.897119 -0.446969
vt 0.920785 -0.442612
vt 0.915249 -0.438817
vt 0.600747 -0.553199
vt 0.596745 -0.421911
vt 0.606519 -0.402531
vt 0.611479 -0.404857
vt 0.602400 -0.421038
vt 0.628656 -0.404383
vt 0.626777 -0.425308
vt 0.650601 -0.423700
vt 0.642413 -0.403487
vt 0.649665 -0.401763
vt 0.658238 -0.421662
vt 0.617458 -0.377704
vt 0.628453 -0.377302
vt 0.638750 -0.376245
vt 0.643061 -0.375725
vt 0.625709 -0.345371
vt 0.621007 -0.346996
vt 0.641971 -0.345695
vt 0.635605 -0.333410
vt 0.615942 -0.334838
vt 0.621803 -0.325029
vt 0.632528 -0.319586
vt 0.652002 -0.337399
vt 0.651654 -0.329455
vt 0.644542 -0.321777
vt 0.657807 -0.328319
vt 0.656829 -0.338722
vt 0.645873 -0.347468
vt 0.643864 -0.354568
vt 0.611473 -0.335030
vt 0.647425 -0.320046
vt 0.632285 -0.317685
vt 0.619129 -0.323915
vt 0.901057 -0.297020
vt 0.898244 -0.300701
vt 0.901990 -0.304372
vt 0.901633 -0.301430
vt 0.772470 -0.474227
vt 0.771179 -0.518654
vt 0.808092 -0.497906
vt 0.810638 -0.471730
vt 0.731694 -0.471441
vt 0.729003 -0.495581
vt 0.838951 -0.526274
vt 0.846254 -0.476485
vt 0.864143 -0.509292
vt 0.876680 -0.480539
vt 0.884188 -0.510581
vt 0.903375 -0.471586
vt 0.911952 -0.531159
vt 0.889325 -0.546642
vt 0.862574 -0.534298
vt 0.730212 -0.469052
vt 0.807258 -0.518388
vt 0.730451 -0.519521
vt 0.772173 -0.523286
vt 0.734436 -0.524656
vt 0.699374 -0.525583
vt 0.702602 -0.531188
vt 0.665656 -0.532641
vt 0.669541 -0.538366
vt 0.635639 -0.543390
vt 0.638969 -0.550834
vt 0.692978 -0.501219
vt 0.657634 -0.480357
vt 0.633735 -0.519740
vt 0.617273 -0.555555
vt 0.600747 -0.527989
vt 0.619771 -0.560259
vt 0.600747 -0.567329
vt 0.600747 -0.570865
vt 0.687583 -0.476497
vt 0.686791 -0.473303
vt 0.732569 -0.455720
vt 0.773463 -0.470693
vt 0.812200 -0.469051
vt 0.775328 -0.454776
vt 0.731109 -0.451283
vt 0.776519 -0.451283
vt 0.815736 -0.455420
vt 0.817954 -0.451283
vt 0.690371 -0.457332
vt 0.685136 -0.451283
vt 0.653275 -0.457508
vt 0.645801 -0.451283
vt 0.620868 -0.451283
vt 0.623380 -0.458976
vt 0.600747 -0.451283
vt 0.600747 -0.457857
vt 0.629645 -0.478544
vt 0.655848 -0.476405
vt 0.600747 -0.470980
vt 0.630325 -0.482580
vt 0.600747 -0.475541
vt 0.077666 -0.737813
vt 0.079683 -0.736204
vt 0.067851 -0.734998
vt 0.067851 -0.736722
vt 0.080333 -0.749526
vt 0.083410 -0.762718
vt 0.081861 -0.761278
vt 0.067676 -0.759899
vt 0.067675 -0.762098
vt 0.207724 -0.140503
vt 0.207724 -0.138962
vt 0.172325 -0.142917
vt 0.172019 -0.144909
vt 0.170102 -0.118102
vt 0.207681 -0.117613
vt 0.170488 -0.115784
vt 0.207685 -0.115330
vt 0.137414 -0.115834
vt 0.137097 -0.118146
vt 0.145188 -0.145150
vt 0.145539 -0.147254
vt 0.115029 -0.116476
vt 0.115352 -0.118442
vt 0.107535 -0.122913
vt 0.110634 -0.122820
vt 0.109061 -0.142516
vt 0.113381 -0.145498
vt 0.112342 -0.161695
vt 0.120123 -0.187102
vt 0.125685 -0.159837
vt 0.128227 -0.160095
vt 0.118130 -0.193376
vt 0.119680 -0.216721
vt 0.123180 -0.216945
vt 0.122440 -0.260945
vt 0.125127 -0.258358
vt 0.124259 -0.289052
vt 0.126605 -0.289484
vt 0.133026 -0.213845
vt 0.133319 -0.236542
vt 0.134262 -0.262949
vt 0.135823 -0.288882
vt 0.115373 -0.299339
vt 0.117990 -0.299380
vt 0.126251 -0.319572
vt 0.128528 -0.318379
vt 0.137448 -0.302880
vt 0.142273 -0.317145
vt 0.148120 -0.329769
vt 0.135838 -0.242976
vt 0.136153 -0.214100
vt 0.132782 -0.187731
vt 0.137690 -0.278813
vt 0.139838 -0.302448
vt 0.144646 -0.316184
vt 0.150417 -0.328418
vt 0.141394 -0.341327
vt 0.139397 -0.342737
vt 0.155047 -0.350541
vt 0.157124 -0.349589
vt 0.153121 -0.370537
vt 0.150394 -0.370603
vt 0.159950 -0.395594
vt 0.162752 -0.395268
vt 0.164028 -0.415845
vt 0.166394 -0.416231
vt 0.162596 -0.425324
vt 0.163849 -0.424338
vt 0.180560 -0.435353
vt 0.182539 -0.433908
vt 0.199461 -0.448136
vt 0.201080 -0.446824
vt 0.215653 -0.464530
vt 0.217738 -0.463234
vt 0.227590 -0.481385
vt 0.230341 -0.480755
vt 0.235987 -0.502408
vt 0.238728 -0.501719
vt 0.228725 -0.529393
vt 0.226260 -0.528916
vt 0.210221 -0.557003
vt 0.212343 -0.557201
vt 0.199375 -0.573410
vt 0.201542 -0.573963
vt 0.179464 -0.594333
vt 0.189694 -0.587574
vt 0.179989 -0.596944
vt 0.155228 -0.599246
vt 0.155824 -0.601853
vt 0.249304 -0.473957
vt 0.232371 -0.450932
vt 0.259176 -0.498159
vt 0.251282 -0.520736
vt 0.226467 -0.563051
vt 0.215449 -0.579477
vt 0.205426 -0.592961
vt 0.197381 -0.605306
vt 0.220134 -0.597060
vt 0.221753 -0.599543
vt 0.198522 -0.608016
vt 0.177302 -0.610377
vt 0.177996 -0.613379
vt 0.156415 -0.615059
vt 0.157261 -0.617428
vt 0.230744 -0.586556
vt 0.228878 -0.584693
vt 0.242089 -0.570071
vt 0.240205 -0.568203
vt 0.259142 -0.547206
vt 0.256903 -0.545159
vt 0.273901 -0.520479
vt 0.271397 -0.518731
vt 0.281531 -0.494279
vt 0.278227 -0.494384
vt 0.268879 -0.461840
vt 0.266320 -0.463300
vt 0.247872 -0.433750
vt 0.245731 -0.436672
vt 0.195359 -0.401579
vt 0.217865 -0.417084
vt 0.192440 -0.403259
vt 0.175341 -0.393312
vt 0.173896 -0.395192
vt 0.166963 -0.374791
vt 0.164736 -0.375986
vt 0.212717 -0.433268
vt 0.190080 -0.418805
vt 0.238639 -0.544859
vt 0.339284 -0.248018
vt 0.339788 -0.249910
vt 0.358302 -0.252105
vt 0.358246 -0.250305
vt 0.372014 -0.252630
vt 0.371553 -0.250642
vt 0.386843 -0.251501
vt 0.386262 -0.249413
vt 0.404681 -0.248988
vt 0.404462 -0.247286
vt 0.425414 -0.255178
vt 0.426597 -0.253563
vt 0.443513 -0.260420
vt 0.443764 -0.258481
vt 0.457786 -0.264757
vt 0.457205 -0.263162
vt 0.313858 -0.260417
vt 0.315055 -0.261993
vt 0.294623 -0.266500
vt 0.294094 -0.268044
vt 0.294094 -0.258457
vt 0.292071 -0.258889
vt 0.384316 -0.231340
vt 0.369501 -0.232045
vt 0.369083 -0.229971
vt 0.383730 -0.229399
vt 0.406005 -0.228417
vt 0.405558 -0.226303
vt 0.357989 -0.231794
vt 0.356216 -0.229689
vt 0.333925 -0.229965
vt 0.333025 -0.227964
vt 0.314457 -0.239940
vt 0.313638 -0.238117
vt 0.303074 -0.245367
vt 0.294049 -0.247423
vt 0.302253 -0.243481
vt 0.294049 -0.245609
vt 0.425068 -0.236944
vt 0.425983 -0.235467
vt 0.440274 -0.241551
vt 0.439898 -0.243285
vt 0.450734 -0.246548
vt 0.457943 -0.255008
vt 0.459488 -0.255720
vt 0.470338 -0.248888
vt 0.469063 -0.247627
vt 0.481855 -0.241890
vt 0.480983 -0.240483
vt 0.450132 -0.244688
vt 0.464041 -0.239227
vt 0.463484 -0.237564
vt 0.477453 -0.230401
vt 0.476512 -0.229180
vt 0.486559 -0.223796
vt 0.486055 -0.222591
vt 0.498455 -0.224170
vt 0.506856 -0.222973
vt 0.513389 -0.224020
vt 0.524743 -0.222209
vt 0.524520 -0.223590
vt 0.537535 -0.231073
vt 0.537770 -0.229490
vt 0.553488 -0.238776
vt 0.554855 -0.250934
vt 0.570700 -0.257157
vt 0.570700 -0.258618
vt 0.553103 -0.252101
vt 0.543462 -0.245270
vt 0.542631 -0.246797
vt 0.531790 -0.239487
vt 0.531132 -0.240799
vt 0.570700 -0.244400
vt 0.554019 -0.236827
vt 0.570700 -0.242215
vt 0.528690 -0.228278
vt 0.514852 -0.239853
vt 0.515094 -0.241407
vt 0.497551 -0.240228
vt 0.497540 -0.241776
vt 0.513755 -0.228845
vt 0.497722 -0.228845
vt 0.483923 -0.227859
vt 0.026546 -0.659792
vt 0.026031 -0.657634
vt 0.041023 -0.648469
vt 0.039953 -0.646321
vt 0.063768 -0.644421
vt 0.061985 -0.647205
vt 0.022393 -0.637647
vt 0.021899 -0.635122
vt 0.038163 -0.637691
vt 0.037607 -0.635262
vt 0.068359 -0.634644
vt 0.072102 -0.631059
vt 0.089672 -0.630484
vt 0.102733 -0.623832
vt 0.106631 -0.625466
vt 0.126715 -0.617371
vt 0.121559 -0.616259
vt 0.093163 -0.643745
vt 0.092471 -0.640956
vt 0.111307 -0.638662
vt 0.110228 -0.636324
vt 0.128390 -0.633271
vt 0.139239 -0.624558
vt 0.143841 -0.625820
vt 0.138382 -0.609096
vt 0.337513 -0.818365
vt 0.326500 -0.828947
vt 0.344591 -0.835416
vt 0.350016 -0.846766
vt 0.324541 -0.836581
vt 0.312784 -0.823379
vt 0.309029 -0.828421
vt 0.300340 -0.816214
vt 0.296599 -0.820450
vt 0.293743 -0.810279
vt 0.288689 -0.812249
vt 0.292263 -0.805477
vt 0.284040 -0.806653
vt 0.299860 -0.797385
vt 0.309993 -0.795948
vt 0.323758 -0.797849
vt 0.328496 -0.788203
vt 0.307907 -0.785433
vt 0.318583 -0.781196
vt 0.331260 -0.779356
vt 0.342804 -0.780842
vt 0.339738 -0.789530
vt 0.352161 -0.785056
vt 0.353279 -0.800731
vt 0.360859 -0.791981
vt 0.335651 -0.803605
vt 0.359078 -0.814610
vt 0.350775 -0.825889
vt 0.360372 -0.826908
vt 0.372211 -0.827112
vt 0.372280 -0.839868
vt 0.360351 -0.843367
vt 0.370969 -0.849702
vt 0.368179 -0.859254
vt 0.371256 -0.816285
vt 0.367575 -0.804211
vt 0.346856 -0.847400
vt 0.308203 -0.830292
vt 0.289681 -0.798944
vt 0.296823 -0.792562
vt 0.021679 -0.314065
vt 0.026364 -0.311672
vt 0.022494 -0.323716
vt 0.026567 -0.323492
vt 0.025119 -0.334876
vt 0.022405 -0.333036
vt 0.015439 -0.338488
vt 0.018459 -0.340240
vt 0.014005 -0.344306
vt 0.017676 -0.345781
vt 0.014273 -0.348121
vt 0.763150 -0.754856
vt 0.761021 -0.757406
vt 0.779375 -0.762209
vt 0.778932 -0.759434
vt 0.798005 -0.753445
vt 0.795676 -0.751365
vt 0.818846 -0.741519
vt 0.815895 -0.739122
vt 0.778316 -0.742040
vt 0.764365 -0.740200
vt 0.793804 -0.734844
vt 0.817645 -0.720420
vt 0.833977 -0.730528
vt 0.829208 -0.730309
vt 0.852190 -0.717710
vt 0.850943 -0.715480
vt 0.866207 -0.718292
vt 0.864726 -0.715760
vt 0.895787 -0.703971
vt 0.893870 -0.701392
vt 0.763966 -0.736240
vt 0.778100 -0.738488
vt 0.793213 -0.731488
vt 0.808658 -0.721941
vt 0.820678 -0.714908
vt 0.915754 -0.694677
vt 0.913000 -0.692382
vt 0.936298 -0.685308
vt 0.935159 -0.682405
vt 0.960353 -0.678179
vt 0.959559 -0.674720
vt 0.989205 -0.692170
vt 0.989205 -0.688474
vt 0.836446 -0.708065
vt 0.834830 -0.705563
vt 0.853413 -0.697968
vt 0.851836 -0.695044
vt 0.869031 -0.687747
vt 0.867440 -0.684974
vt 0.892699 -0.673736
vt 0.892413 -0.670263
vt 0.919199 -0.660855
vt 0.918672 -0.658002
vt 0.941203 -0.649885
vt 0.955177 -0.645980
vt 0.975270 -0.649619
vt 0.989205 -0.661076
vt 0.989205 -0.656111
vt 0.939292 -0.648468
vt 0.971571 -0.633324
vt 0.974767 -0.625216
vt 0.942045 -0.625464
vt 0.938828 -0.629405
vt 0.940179 -0.590738
vt 0.935530 -0.589240
vt 0.971061 -0.609252
vt 0.976009 -0.585588
vt 0.972316 -0.585012
vt 0.954395 -0.631897
vt 0.952927 -0.590551
vt 0.955186 -0.588428
vt 0.942767 -0.588671
vt 0.989205 -0.570865
vt 0.989205 -0.567329
vt 0.915859 -0.567004
vt 0.911185 -0.568383
vt 0.966677 -0.568744
vt 0.947975 -0.571891
vt 0.943913 -0.566519
vt 0.969691 -0.561885
vt 0.989205 -0.553199
vt 0.884513 -0.550897
vt 0.861470 -0.540330
vt 0.837395 -0.532209
vt 0.803114 -0.525076
vt 0.936250 -0.513092
vt 0.965299 -0.530799
vt 0.989205 -0.527989
vt 0.989205 -0.475541
vt 0.955628 -0.483792
vt 0.937216 -0.484253
vt 0.945520 -0.479743
vt 0.941684 -0.459218
vt 0.949876 -0.458464
vt 0.939710 -0.477200
vt 0.934017 -0.457478
vt 0.941373 -0.447892
vt 0.927049 -0.458145
vt 0.957368 -0.458916
vt 0.965475 -0.460009
vt 0.989205 -0.470980
vt 0.989205 -0.457857
vt 0.960713 -0.442891
vt 0.964451 -0.439097
vt 0.989205 -0.451283
vt 0.941235 -0.444724
vt 0.902593 -0.466850
vt 0.876429 -0.474820
vt 0.848382 -0.471342
vt 0.853969 -0.455131
vt 0.876222 -0.457185
vt 0.898900 -0.449965
vt 0.854032 -0.451283
vt 0.876631 -0.451283
vt 0.897119 -0.446969
vt 0.920785 -0.442612
vt 0.915249 -0.438817
vt 0.651345 -0.714897
vt 0.649850 -0.718597
vt 0.673221 -0.730874
vt 0.686505 -0.732670
vt 0.626522 -0.700438
vt 0.624232 -0.703822
vt 0.686476 -0.736316
vt 0.702558 -0.732361
vt 0.702469 -0.729551
vt 0.737376 -0.744649
vt 0.735070 -0.747250
vt 0.738501 -0.730320
vt 0.707629 -0.715770
vt 0.738947 -0.726868
vt 0.709307 -0.712804
vt 0.681852 -0.701073
vt 0.682283 -0.697132
vt 0.651427 -0.682744
vt 0.650296 -0.686322
vt 0.624778 -0.668049
vt 0.624370 -0.671832
vt 0.600747 -0.656111
vt 0.600747 -0.661076
vt 0.615766 -0.693884
vt 0.600747 -0.692170
vt 0.600747 -0.688474
vt 0.600747 -0.553199
vt 0.596745 -0.421911
vt 0.602400 -0.421038
vt 0.611479 -0.404857
vt 0.606519 -0.402531
vt 0.628656 -0.404383
vt 0.626777 -0.425308
vt 0.650601 -0.423700
vt 0.642413 -0.403487
vt 0.649665 -0.401763
vt 0.658238 -0.421662
vt 0.617458 -0.377704
vt 0.628453 -0.377302
vt 0.638750 -0.376245
vt 0.643061 -0.375725
vt 0.625709 -0.345371
vt 0.621007 -0.346996
vt 0.641971 -0.345695
vt 0.635605 -0.333410
vt 0.615942 -0.334838
vt 0.621803 -0.325029
vt 0.632528 -0.319586
vt 0.652002 -0.337399
vt 0.651654 -0.329455
vt 0.644542 -0.321777
vt 0.657807 -0.328319
vt 0.656829 -0.338722
vt 0.645873 -0.347468
vt 0.643864 -0.354568
vt 0.611473 -0.335030
vt 0.647425 -0.320046
vt 0.632285 -0.317685
vt 0.619129 -0.323915
vt 0.728964 -0.322133
vt 0.731903 -0.300103
vt 0.736887 -0.299910
vt 0.734966 -0.292055
vt 0.742866 -0.292236
vt 0.742502 -0.298937
vt 0.725443 -0.294463
vt 0.706116 -0.320407
vt 0.716420 -0.339335
vt 0.701947 -0.329630
vt 0.713307 -0.297214
vt 0.691812 -0.310042
vt 0.701914 -0.295268
vt 0.703931 -0.285450
vt 0.692790 -0.283787
vt 0.688917 -0.292025
vt 0.684371 -0.282322
vt 0.679018 -0.289271
vt 0.668968 -0.304416
vt 0.673769 -0.290768
vt 0.668967 -0.288249
vt 0.654348 -0.289754
vt 0.674360 -0.287050
vt 0.675920 -0.288673
vt 0.655996 -0.281206
vt 0.645944 -0.281485
vt 0.639819 -0.288334
vt 0.665870 -0.280789
vt 0.675260 -0.279667
vt 0.639722 -0.279961
vt 0.634917 -0.284565
vt 0.639471 -0.258937
vt 0.648720 -0.264135
vt 0.648071 -0.254865
vt 0.649356 -0.240094
vt 0.657212 -0.256704
vt 0.656995 -0.240296
vt 0.665811 -0.255378
vt 0.664288 -0.239768
vt 0.674924 -0.251538
vt 0.674709 -0.233644
vt 0.639176 -0.234393
vt 0.639378 -0.251264
vt 0.648480 -0.233398
vt 0.664879 -0.233495
vt 0.675025 -0.260057
vt 0.656850 -0.233646
vt 0.639039 -0.222919
vt 0.674588 -0.223664
vt 0.648516 -0.221938
vt 0.656744 -0.222521
vt 0.647724 -0.214414
vt 0.656603 -0.215146
vt 0.664734 -0.221559
vt 0.664865 -0.214139
vt 0.674449 -0.211992
vt 0.638898 -0.211191
vt 0.656553 -0.207141
vt 0.663277 -0.208397
vt 0.656869 -0.200145
vt 0.646854 -0.203973
vt 0.649679 -0.207728
vt 0.666044 -0.203699
vt 0.754636 -0.363038
vt 0.730719 -0.355254
vt 0.730795 -0.338819
vt 0.754922 -0.318036
vt 0.782659 -0.361301
vt 0.812779 -0.343955
vt 0.810426 -0.379041
vt 0.778746 -0.409188
vt 0.715978 -0.349986
vt 0.809318 -0.412503
vt 0.776879 -0.430579
vt 0.811698 -0.426954
vt 0.841843 -0.412762
vt 0.826384 -0.391680
vt 0.842822 -0.425937
vt 0.865984 -0.410195
vt 0.852098 -0.387708
vt 0.832915 -0.365787
vt 0.867178 -0.422747
vt 0.887381 -0.407004
vt 0.868227 -0.384763
vt 0.850463 -0.363555
vt 0.848892 -0.334432
vt 0.835136 -0.340579
vt 0.865646 -0.334557
vt 0.868746 -0.360380
vt 0.883910 -0.359377
vt 0.886127 -0.381849
vt 0.902735 -0.379529
vt 0.902735 -0.357553
vt 0.882176 -0.340992
vt 0.902735 -0.402980
vt 0.887543 -0.421364
vt 0.902735 -0.421911
vt 0.902735 -0.335323
vt 0.816079 -0.324967
vt 0.837108 -0.312213
vt 0.831913 -0.311250
vt 0.842898 -0.313992
vt 0.879856 -0.328640
vt 0.902735 -0.324402
vt 0.863379 -0.297661
vt 0.874218 -0.300328
vt 0.880555 -0.317158
vt 0.848970 -0.307618
vt 0.886854 -0.302751
vt 0.902735 -0.312743
vt 0.893526 -0.293946
vt 0.901141 -0.293708
vt 0.853084 -0.297473
vt 0.854665 -0.281326
vt 0.846702 -0.271236
vt 0.854804 -0.270483
vt 0.863612 -0.269324
vt 0.847646 -0.254028
vt 0.838635 -0.270023
vt 0.856733 -0.248507
vt 0.838797 -0.245758
vt 0.865589 -0.249765
vt 0.872405 -0.269523
vt 0.873902 -0.253856
vt 0.882367 -0.270738
vt 0.882269 -0.253288
vt 0.891789 -0.268636
vt 0.890087 -0.252522
vt 0.900385 -0.264938
vt 0.900385 -0.245544
vt 0.830175 -0.244128
vt 0.829715 -0.262249
vt 0.848097 -0.241937
vt 0.891919 -0.246134
vt 0.857732 -0.239378
vt 0.866140 -0.226719
vt 0.839133 -0.234648
vt 0.873052 -0.247958
vt 0.882181 -0.247931
vt 0.874190 -0.230574
vt 0.882337 -0.230650
vt 0.891551 -0.228426
vt 0.900385 -0.224932
vt 0.853721 -0.221157
vt 0.848541 -0.220305
vt 0.843411 -0.220158
vt 0.830660 -0.225068
vt 0.848963 -0.213902
vt 0.857203 -0.217272
vt 0.840590 -0.216205
vt 0.657810 -0.352099
vt 0.677490 -0.347744
vt 0.678028 -0.355672
vt 0.673090 -0.331728
vt 0.684950 -0.333767
vt 0.688480 -0.322963
vt 0.665114 -0.317290
vt 0.633909 -0.303069
vt 0.634157 -0.291592
vt 0.628342 -0.290469
vt 0.614274 -0.292931
vt 0.630586 -0.288166
vt 0.631557 -0.287868
vt 0.614475 -0.286307
vt 0.604051 -0.286656
vt 0.600611 -0.292708
vt 0.623923 -0.285013
vt 0.596745 -0.289527
vt 0.596745 -0.270562
vt 0.605257 -0.261666
vt 0.596745 -0.260356
vt 0.614072 -0.269219
vt 0.614175 -0.263232
vt 0.622324 -0.268796
vt 0.622946 -0.260607
vt 0.631207 -0.259575
vt 0.630969 -0.269991
vt 0.621882 -0.244170
vt 0.614430 -0.244225
vt 0.607113 -0.243570
vt 0.631656 -0.239929
vt 0.596745 -0.244863
vt 0.596745 -0.237823
vt 0.606318 -0.237759
vt 0.623271 -0.238261
vt 0.614736 -0.238056
vt 0.596745 -0.229417
vt 0.606937 -0.225201
vt 0.614293 -0.226094
vt 0.605222 -0.217893
vt 0.614095 -0.218927
vt 0.622501 -0.226225
vt 0.622896 -0.219165
vt 0.632042 -0.223017
vt 0.632208 -0.215737
vt 0.596745 -0.213339
vt 0.596745 -0.221101
vt 0.614278 -0.211651
vt 0.622447 -0.212276
vt 0.615055 -0.204796
vt 0.605144 -0.206608
vt 0.606534 -0.211261
vt 0.623874 -0.207510
vt 0.631846 -0.231596
vt 0.805579 -0.304211
vt 0.785505 -0.319434
vt 0.812165 -0.304872
vt 0.799318 -0.303487
vt 0.770749 -0.300932
vt 0.777962 -0.301087
vt 0.764561 -0.300188
vt 0.752574 -0.300027
vt 0.762559 -0.293276
vt 0.751587 -0.293806
vt 0.753273 -0.292157
vt 0.753273 -0.286727
vt 0.762333 -0.287692
vt 0.753273 -0.264867
vt 0.762220 -0.271133
vt 0.763003 -0.262054
vt 0.771309 -0.271441
vt 0.771663 -0.262118
vt 0.779536 -0.262164
vt 0.779644 -0.271345
vt 0.788453 -0.263458
vt 0.779872 -0.255195
vt 0.771646 -0.254937
vt 0.771282 -0.238249
vt 0.779946 -0.238940
vt 0.762192 -0.239317
vt 0.762481 -0.255380
vt 0.788453 -0.256058
vt 0.788453 -0.239776
vt 0.753273 -0.238752
vt 0.753273 -0.255741
vt 0.780048 -0.228777
vt 0.788453 -0.228778
vt 0.762333 -0.228216
vt 0.753273 -0.230946
vt 0.779287 -0.216658
vt 0.771525 -0.216288
vt 0.763621 -0.216303
vt 0.788453 -0.215951
vt 0.753273 -0.216668
vt 0.771710 -0.210662
vt 0.777514 -0.211397
vt 0.765811 -0.211157
vt 0.771624 -0.205046
vt 0.782225 -0.208017
vt 0.761341 -0.207472
vt 0.799140 -0.296513
vt 0.788504 -0.303693
vt 0.790812 -0.295568
vt 0.791807 -0.293171
vt 0.800106 -0.289104
vt 0.791893 -0.271749
vt 0.800162 -0.273005
vt 0.801095 -0.264140
vt 0.809170 -0.274059
vt 0.809957 -0.262750
vt 0.817738 -0.264803
vt 0.817791 -0.274092
vt 0.827083 -0.262870
vt 0.827083 -0.273172
vt 0.791893 -0.260548
vt 0.818348 -0.258158
vt 0.809984 -0.242234
vt 0.818817 -0.247976
vt 0.800610 -0.251731
vt 0.827083 -0.247329
vt 0.791893 -0.240661
vt 0.818690 -0.239128
vt 0.800653 -0.239935
vt 0.827083 -0.240684
vt 0.809678 -0.227288
vt 0.827083 -0.232793
vt 0.800500 -0.230864
vt 0.791893 -0.232601
vt 0.827083 -0.224672
vt 0.816887 -0.217467
vt 0.809277 -0.217361
vt 0.801970 -0.216909
vt 0.827083 -0.217587
vt 0.791893 -0.216629
vt 0.791893 -0.223913
vt 0.809296 -0.212175
vt 0.814782 -0.212835
vt 0.803630 -0.212544
vt 0.808948 -0.207161
vt 0.818718 -0.210329
vt 0.799726 -0.209531
vt 0.832730 -0.302942
vt 0.823419 -0.305096
vt 0.829173 -0.299248
vt 0.829744 -0.297020
vt 0.828916 -0.293708
vt 0.835842 -0.295168
vt 0.829368 -0.275925
vt 0.843492 -0.296133
vt 0.827083 -0.294260
vt 0.817058 -0.297608
vt 0.817711 -0.288915
vt 0.808842 -0.289397
vt 0.807686 -0.296616
vt 0.779534 -0.294182
vt 0.788453 -0.292453
vt 0.779176 -0.287638
vt 0.788453 -0.286959
vt 0.771370 -0.288289
vt 0.771049 -0.293605
vt 0.714472 -0.287062
vt 0.705874 -0.260003
vt 0.696110 -0.261210
vt 0.686944 -0.266241
vt 0.678412 -0.266794
vt 0.678507 -0.257751
vt 0.687130 -0.257313
vt 0.688973 -0.242831
vt 0.696497 -0.242974
vt 0.705808 -0.237639
vt 0.715513 -0.264779
vt 0.715271 -0.234306
vt 0.678732 -0.236607
vt 0.723765 -0.248911
vt 0.733052 -0.244479
vt 0.741326 -0.233738
vt 0.741325 -0.253660
vt 0.749590 -0.257734
vt 0.749813 -0.236545
vt 0.732473 -0.232938
vt 0.723514 -0.233974
vt 0.733096 -0.261750
vt 0.740843 -0.260601
vt 0.741244 -0.269761
vt 0.749484 -0.267694
vt 0.724309 -0.262975
vt 0.741792 -0.283927
vt 0.749322 -0.282917
vt 0.749250 -0.290239
vt 0.678250 -0.281935
vt 0.677939 -0.288821
vt 0.738823 -0.210085
vt 0.750052 -0.214147
vt 0.749990 -0.219943
vt 0.704821 -0.224020
vt 0.703525 -0.210118
vt 0.714913 -0.218013
vt 0.696472 -0.217405
vt 0.696813 -0.224251
vt 0.689068 -0.217106
vt 0.689459 -0.223621
vt 0.678980 -0.213164
vt 0.678919 -0.218962
vt 0.723350 -0.225085
vt 0.727571 -0.209195
vt 0.732918 -0.216138
vt 0.696314 -0.209156
vt 0.696274 -0.202393
vt 0.686632 -0.206453
vt 0.689259 -0.209874
vt 0.705255 -0.205307
vt 0.723384 -0.205485
vt 0.733244 -0.208990
vt 0.733482 -0.203126
vt 0.743227 -0.207066
vt 0.749918 -0.226796
vt 0.696659 -0.236263
vt 0.688885 -0.235701
vt 0.678845 -0.225932
vt 0.882741 -0.221177
vt 0.876354 -0.221045
vt 0.875269 -0.215660
vt 0.883543 -0.213694
vt 0.889524 -0.220799
vt 0.892846 -0.215688
vt 0.891530 -0.276581
vt 0.900385 -0.278524
vt 0.882441 -0.276362
vt 0.684458 -0.143697
vt 0.694123 -0.142902
vt 0.695305 -0.154749
vt 0.685839 -0.156118
vt 0.673212 -0.144816
vt 0.673976 -0.158387
vt 0.704409 -0.150678
vt 0.704409 -0.141488
vt 0.661547 -0.144141
vt 0.661541 -0.158141
vt 0.648712 -0.135924
vt 0.647653 -0.155876
vt 0.635318 -0.133859
vt 0.634046 -0.154124
vt 0.623803 -0.135262
vt 0.623275 -0.154395
vt 0.611889 -0.144527
vt 0.611856 -0.154492
vt 0.672644 -0.133182
vt 0.683157 -0.130613
vt 0.693540 -0.132201
vt 0.704409 -0.128060
vt 0.611938 -0.129232
vt 0.694163 -0.126194
vt 0.682295 -0.118031
vt 0.694438 -0.118067
vt 0.669866 -0.118920
vt 0.671470 -0.127344
vt 0.704409 -0.116215
vt 0.659054 -0.118160
vt 0.660851 -0.130128
vt 0.647414 -0.120904
vt 0.635332 -0.121841
vt 0.623525 -0.120515
vt 0.611980 -0.115913
vt 0.612038 -0.098383
vt 0.624023 -0.103393
vt 0.626555 -0.095049
vt 0.635341 -0.104222
vt 0.634883 -0.094534
vt 0.622099 -0.089838
vt 0.634712 -0.086673
vt 0.643524 -0.095250
vt 0.647546 -0.089535
vt 0.646405 -0.103938
vt 0.658280 -0.099784
vt 0.673733 -0.098071
vt 0.681439 -0.097302
vt 0.681630 -0.103126
vt 0.689145 -0.098161
vt 0.681751 -0.089541
vt 0.695076 -0.094047
vt 0.668265 -0.093509
vt 0.704409 -0.101334
vt 0.705745 -0.159226
vt 0.715478 -0.168981
vt 0.705631 -0.179270
vt 0.692771 -0.167759
vt 0.684945 -0.168097
vt 0.697450 -0.183120
vt 0.687332 -0.184206
vt 0.677040 -0.182880
vt 0.677010 -0.168498
vt 0.661473 -0.170767
vt 0.661729 -0.183544
vt 0.645261 -0.165301
vt 0.632041 -0.163086
vt 0.642362 -0.172242
vt 0.652279 -0.178125
vt 0.629197 -0.169089
vt 0.622672 -0.167804
vt 0.622086 -0.162451
vt 0.607818 -0.172320
vt 0.608018 -0.161637
vt 0.694771 -0.363233
vt 0.702791 -0.362120
vt 0.712267 -0.380694
vt 0.696553 -0.379148
vt 0.682799 -0.362088
vt 0.678853 -0.375687
vt 0.725689 -0.374483
vt 0.711156 -0.356951
vt 0.725521 -0.399966
vt 0.748820 -0.389392
vt 0.703928 -0.397804
vt 0.701665 -0.420798
vt 0.684354 -0.421692
vt 0.680734 -0.397446
vt 0.659882 -0.399740
vt 0.656579 -0.372745
vt 0.671792 -0.434915
vt 0.723770 -0.431008
vt 0.743564 -0.421662
vt 0.704945 -0.438377
vt 0.689846 -0.443382
vt 0.596745 -0.305436
vt 0.596745 -0.294944
vt 0.596745 -0.292001
vt 0.596745 -0.324402
vt 0.596745 -0.335323
vt 0.596745 -0.357553
vt 0.596745 -0.379529
vt 0.596745 -0.402980
vt 0.830005 -0.766418
vt 0.825166 -0.790640
vt 0.931806 -0.744524
vt 0.922701 -0.786617
vt 0.904669 -0.761073
vt 0.946229 -0.770142
vt 0.957104 -0.746271
vt 0.964499 -0.773588
vt 0.989205 -0.747439
vt 0.989205 -0.769126
vt 0.903132 -0.785742
vt 0.877486 -0.747295
vt 0.879011 -0.802552
vt 0.900670 -0.804521
vt 0.919659 -0.804817
vt 0.944210 -0.796519
vt 0.967292 -0.818377
vt 0.989205 -0.802307
vt 0.989205 -0.785950
vt 0.989205 -0.827502
vt 0.989205 -0.857253
vt 0.971007 -0.859854
vt 0.972251 -0.894380
vt 0.952071 -0.862932
vt 0.954680 -0.896394
vt 0.971562 -0.926198
vt 0.953274 -0.945134
vt 0.969949 -0.946881
vt 0.989205 -0.892930
vt 0.989205 -0.927221
vt 0.989205 -0.948445
vt 0.938466 -0.898744
vt 0.936204 -0.868201
vt 0.921890 -0.900754
vt 0.921485 -0.873752
vt 0.904457 -0.876912
vt 0.904822 -0.902023
vt 0.923046 -0.934984
vt 0.906232 -0.928097
vt 0.881898 -0.903801
vt 0.883073 -0.925974
vt 0.880931 -0.878593
vt 0.938252 -0.940568
vt 0.907826 -0.948819
vt 0.925625 -0.846031
vt 0.905471 -0.855964
vt 0.881673 -0.858069
vt 0.862427 -0.879837
vt 0.863764 -0.905071
vt 0.846263 -0.879747
vt 0.846227 -0.905770
vt 0.864064 -0.925832
vt 0.847267 -0.927335
vt 0.822331 -0.907562
vt 0.822507 -0.880011
vt 0.925011 -0.963791
vt 0.937308 -0.959447
vt 0.953252 -0.956776
vt 0.970718 -0.956721
vt 0.989204 -0.962524
vt 0.796446 -0.912971
vt 0.798662 -0.879975
vt 0.771942 -0.877823
vt 0.774678 -0.903262
vt 0.735682 -0.909097
vt 0.739339 -0.875155
vt 0.704374 -0.903570
vt 0.707292 -0.871502
vt 0.700604 -0.932951
vt 0.741833 -0.842048
vt 0.708816 -0.837632
vt 0.770936 -0.839704
vt 0.796681 -0.847501
vt 0.793994 -0.821244
vt 0.819254 -0.848075
vt 0.813891 -0.819940
vt 0.793333 -0.800615
vt 0.792836 -0.780308
vt 0.844771 -0.789433
vt 0.848538 -0.757790
vt 0.768081 -0.780699
vt 0.770671 -0.800010
vt 0.741279 -0.797478
vt 0.742944 -0.817290
vt 0.707424 -0.795151
vt 0.707569 -0.813267
vt 0.681315 -0.793868
vt 0.682474 -0.811871
vt 0.647430 -0.789978
vt 0.645532 -0.807625
vt 0.623671 -0.787185
vt 0.621552 -0.805216
vt 0.704501 -0.775554
vt 0.680733 -0.749276
vt 0.649160 -0.750044
vt 0.701290 -0.750978
vt 0.734872 -0.758626
vt 0.738968 -0.777896
vt 0.600747 -0.785950
vt 0.600747 -0.802307
vt 0.624730 -0.769674
vt 0.600747 -0.769126
vt 0.600747 -0.747439
vt 0.626912 -0.749501
vt 0.625340 -0.723877
vt 0.648249 -0.732432
vt 0.661719 -0.739688
vt 0.851551 -0.724150
vt 0.874800 -0.725363
vt 0.896064 -0.723948
vt 0.932602 -0.725415
vt 0.934917 -0.699808
vt 0.915931 -0.707087
vt 0.708415 -0.678104
vt 0.737033 -0.685024
vt 0.710545 -0.703628
vt 0.678476 -0.672738
vt 0.707181 -0.651734
vt 0.738272 -0.657838
vt 0.677917 -0.644996
vt 0.650924 -0.642836
vt 0.758554 -0.687823
vt 0.758047 -0.659360
vt 0.707069 -0.622791
vt 0.741471 -0.628343
vt 0.708141 -0.591178
vt 0.675717 -0.588219
vt 0.677267 -0.618195
vt 0.646064 -0.585729
vt 0.649482 -0.614483
vt 0.621736 -0.580927
vt 0.623869 -0.611401
vt 0.600747 -0.605652
vt 0.737516 -0.567859
vt 0.706254 -0.557353
vt 0.624823 -0.639025
vt 0.600747 -0.633931
vt 0.773122 -0.558227
vt 0.771904 -0.595571
vt 0.771202 -0.631912
vt 0.775305 -0.659810
vt 0.774843 -0.688326
vt 0.787729 -0.686441
vt 0.792065 -0.658544
vt 0.797901 -0.682622
vt 0.808516 -0.653624
vt 0.812535 -0.680974
vt 0.828530 -0.678301
vt 0.824732 -0.649798
vt 0.845449 -0.646716
vt 0.867535 -0.645377
vt 0.843900 -0.621854
vt 0.865686 -0.621001
vt 0.841551 -0.594094
vt 0.864320 -0.591251
vt 0.839360 -0.564533
vt 0.821734 -0.623862
vt 0.887049 -0.594674
vt 0.916744 -0.616498
vt 0.889243 -0.624531
vt 0.918400 -0.639492
vt 0.809001 -0.560215
vt 0.818279 -0.594581
vt 0.794294 -0.597499
vt 0.804141 -0.626270
vt 0.786084 -0.627695
vt 0.619321 -0.952204
vt 0.600747 -0.927221
vt 0.600747 -0.892930
vt 0.618961 -0.893995
vt 0.600747 -0.857253
vt 0.618956 -0.858250
vt 0.640286 -0.920835
vt 0.642423 -0.861228
vt 0.661470 -0.899548
vt 0.663043 -0.866407
vt 0.686392 -0.901803
vt 0.686335 -0.868531
vt 0.660895 -0.931511
vt 0.683954 -0.932344
vt 0.681284 -0.959248
vt 0.661087 -0.958279
vt 0.643836 -0.831650
vt 0.684807 -0.836718
vt 0.620322 -0.829265
vt 0.600747 -0.827502
vt 0.712425 -0.942397
vt 0.741144 -0.920926
vt 0.664749 -0.971410
vt 0.646329 -0.982579
vt 0.640558 -0.957116
vt 0.600747 -0.948445
vt 0.600747 -0.962524
vt 0.623717 -0.978907
vt 0.634289 -0.993300
vt 0.198242 -0.504941
vt 0.195118 -0.486779
vt 0.179832 -0.489083
vt 0.183495 -0.506597
vt 0.165879 -0.490802
vt 0.168438 -0.508012
vt 0.159539 -0.472568
vt 0.173479 -0.469204
vt 0.151380 -0.454931
vt 0.165321 -0.448620
vt 0.198145 -0.528836
vt 0.181440 -0.528603
vt 0.166686 -0.527360
vt 0.151731 -0.492114
vt 0.145224 -0.476506
vt 0.150358 -0.511301
vt 0.150181 -0.526111
vt 0.128016 -0.540971
vt 0.148773 -0.542949
vt 0.133388 -0.561120
vt 0.144405 -0.561130
vt 0.136441 -0.578766
vt 0.161064 -0.544692
vt 0.156337 -0.563553
vt 0.178158 -0.548239
vt 0.171909 -0.567684
vt 0.147989 -0.588136
vt 0.194185 -0.552649
vt 0.189491 -0.467352
vt 0.184979 -0.451340
vt 0.155966 -0.430164
vt 0.142132 -0.440094
vt 0.135677 -0.430539
vt 0.148596 -0.416497
vt 0.126130 -0.420030
vt 0.127441 -0.397801
vt 0.138287 -0.382210
vt 0.115155 -0.366024
vt 0.121175 -0.345488
vt 0.120701 -0.330897
vt 0.099459 -0.358986
vt 0.105522 -0.338380
vt 0.082096 -0.353834
vt 0.086467 -0.334817
vt 0.059685 -0.348796
vt 0.062416 -0.332845
vt 0.052577 -0.321360
vt 0.066066 -0.321430
vt 0.063464 -0.309047
vt 0.083517 -0.307208
vt 0.084436 -0.321521
vt 0.060575 -0.298324
vt 0.074418 -0.279831
vt 0.057499 -0.282669
vt 0.054267 -0.259129
vt 0.066521 -0.248362
vt 0.100249 -0.217126
vt 0.102989 -0.256932
vt 0.083172 -0.242886
vt 0.083192 -0.219097
vt 0.063497 -0.203413
vt 0.082852 -0.196515
vt 0.080958 -0.170308
vt 0.060739 -0.161525
vt 0.075327 -0.143203
vt 0.045461 -0.139021
vt 0.010040 -0.139498
vt 0.008929 -0.118068
vt 0.073824 -0.120952
vt 0.041894 -0.157430
vt 0.010040 -0.156573
vt 0.041422 -0.179573
vt 0.010040 -0.174379
vt 0.010040 -0.197232
vt 0.008653 -0.069308
vt 0.040005 -0.085348
vt 0.070392 -0.086316
vt 0.040699 -0.219462
vt 0.101120 -0.087695
vt 0.132501 -0.088955
vt 0.170391 -0.110312
vt 0.168330 -0.089806
vt 0.207798 -0.088762
vt 0.166484 -0.069356
vt 0.207798 -0.073414
vt 0.129215 -0.068663
vt 0.207798 -0.054774
vt 0.207798 -0.031581
vt 0.166509 -0.031581
vt 0.124928 -0.047671
vt 0.124563 -0.031581
vt 0.086277 -0.045743
vt 0.079356 -0.031581
vt 0.048947 -0.032649
vt 0.066347 -0.067376
vt 0.032719 -0.050502
vt 0.037192 -0.068224
vt 0.096214 -0.066628
vt 0.008648 -0.049222
vt 0.008648 -0.034967
vt 0.028846 -0.035973
vt 0.008648 -0.023205
vt 0.025199 -0.022805
vt 0.040433 -0.021944
vt 0.021751 -0.010503
vt 0.033411 -0.009756
vt 0.032242 -0.000993
vt 0.018760 -0.000993
vt 0.008648 -0.000993
vt 0.008648 -0.011766
vt 0.026355 -0.538406
vt 0.016327 -0.540050
vt 0.015869 -0.523167
vt 0.023421 -0.524703
vt 0.029129 -0.554683
vt 0.032128 -0.575156
vt 0.010081 -0.556003
vt 0.010081 -0.540452
vt 0.010081 -0.521906
vt 0.032867 -0.593826
vt 0.036732 -0.614882
vt 0.010081 -0.612859
vt 0.010081 -0.595260
vt 0.010081 -0.577318
vt 0.044260 -0.553884
vt 0.049475 -0.573699
vt 0.063983 -0.561043
vt 0.039070 -0.536418
vt 0.032761 -0.522580
vt 0.065086 -0.545417
vt 0.091431 -0.534831
vt 0.049476 -0.525020
vt 0.068273 -0.515107
vt 0.111885 -0.517793
vt 0.089238 -0.552972
vt 0.105145 -0.557823
vt 0.110881 -0.537704
vt 0.121003 -0.561524
vt 0.080734 -0.569156
vt 0.130988 -0.516830
vt 0.127478 -0.499295
vt 0.112022 -0.500605
vt 0.089883 -0.502149
vt 0.120881 -0.483229
vt 0.125555 -0.464322
vt 0.136495 -0.459942
vt 0.126154 -0.444053
vt 0.117040 -0.452404
vt 0.117060 -0.434061
vt 0.101255 -0.422708
vt 0.108584 -0.406852
vt 0.108916 -0.385280
vt 0.081051 -0.411909
vt 0.086957 -0.395413
vt 0.047203 -0.382374
vt 0.045556 -0.399821
vt 0.063243 -0.422028
vt 0.022952 -0.394913
vt 0.024983 -0.377629
vt 0.024416 -0.411275
vt 0.010017 -0.404577
vt 0.010017 -0.393094
vt 0.010017 -0.376023
vt 0.010017 -0.355540
vt 0.029197 -0.359743
vt 0.037342 -0.415119
vt 0.044518 -0.363508
vt 0.061160 -0.367658
vt 0.078066 -0.372425
vt 0.010017 -0.415899
vt 0.025952 -0.422242
vt 0.063732 -0.431996
vt 0.045595 -0.436441
vt 0.034346 -0.433515
vt 0.024868 -0.432066
vt 0.018505 -0.431962
vt 0.010040 -0.429821
vt 0.010040 -0.446874
vt 0.019132 -0.451290
vt 0.016496 -0.461017
vt 0.010040 -0.461306
vt 0.015848 -0.469929
vt 0.020753 -0.461672
vt 0.020120 -0.471092
vt 0.010081 -0.469192
vt 0.024577 -0.439651
vt 0.034087 -0.442656
vt 0.047004 -0.448632
vt 0.060699 -0.442599
vt 0.084711 -0.443657
vt 0.079724 -0.429649
vt 0.092857 -0.437507
vt 0.107404 -0.447962
vt 0.105693 -0.456137
vt 0.113046 -0.467506
vt 0.107426 -0.485440
vt 0.086359 -0.486964
vt 0.101298 -0.470850
vt 0.067027 -0.502886
vt 0.053999 -0.512430
vt 0.040487 -0.516072
vt 0.047811 -0.510184
vt 0.042058 -0.509618
vt 0.055051 -0.502468
vt 0.066687 -0.488558
vt 0.054128 -0.490073
vt 0.052909 -0.478680
vt 0.063051 -0.474043
vt 0.074319 -0.468952
vt 0.086422 -0.464912
vt 0.095700 -0.459181
vt 0.077605 -0.451452
vt 0.067723 -0.455917
vt 0.056602 -0.460671
vt 0.046169 -0.466085
vt 0.036632 -0.457537
vt 0.026427 -0.454432
vt 0.024916 -0.463609
vt 0.043622 -0.481968
vt 0.047131 -0.497273
vt 0.040478 -0.500911
vt 0.037633 -0.493513
vt 0.023349 -0.473217
vt 0.029418 -0.465777
vt 0.026775 -0.475845
vt 0.036557 -0.470096
vt 0.031417 -0.482947
vt 0.240232 -0.952130
vt 0.237338 -0.924376
vt 0.252684 -0.920824
vt 0.252684 -0.948935
vt 0.224305 -0.950008
vt 0.211193 -0.929934
vt 0.183828 -0.916862
vt 0.200954 -0.905167
vt 0.182404 -0.888328
vt 0.157762 -0.909857
vt 0.156969 -0.892726
vt 0.163656 -0.925669
vt 0.171329 -0.943410
vt 0.188195 -0.936339
vt 0.178244 -0.961937
vt 0.198698 -0.955740
vt 0.156221 -0.951126
vt 0.146415 -0.934438
vt 0.164473 -0.968175
vt 0.143364 -0.959923
vt 0.132870 -0.943989
vt 0.151510 -0.973582
vt 0.138829 -0.921084
vt 0.132898 -0.907424
vt 0.129128 -0.888664
vt 0.115259 -0.940662
vt 0.113547 -0.922617
vt 0.113194 -0.903592
vt 0.098870 -0.941453
vt 0.090340 -0.932655
vt 0.078350 -0.932777
vt 0.083110 -0.940822
vt 0.076436 -0.940143
vt 0.067851 -0.940188
vt 0.067851 -0.929738
vt 0.067851 -0.918305
vt 0.082858 -0.911379
vt 0.105985 -0.948432
vt 0.098914 -0.915922
vt 0.083727 -0.879840
vt 0.067851 -0.893470
vt 0.104593 -0.882648
vt 0.126167 -0.855536
vt 0.097380 -0.863247
vt 0.156870 -0.867115
vt 0.067851 -0.860091
vt 0.067851 -0.840440
vt 0.100240 -0.821463
vt 0.067851 -0.820205
vt 0.101303 -0.801584
vt 0.067851 -0.801133
vt 0.067851 -0.782434
vt 0.099687 -0.769428
vt 0.134073 -0.782833
vt 0.133146 -0.801566
vt 0.161352 -0.801885
vt 0.164564 -0.781417
vt 0.133102 -0.750273
vt 0.165915 -0.750486
vt 0.134662 -0.730918
vt 0.167127 -0.730931
vt 0.196775 -0.750335
vt 0.197584 -0.730910
vt 0.099889 -0.730882
vt 0.100430 -0.749653
vt 0.195898 -0.772482
vt 0.227427 -0.749969
vt 0.226563 -0.730877
vt 0.252684 -0.730826
vt 0.252684 -0.749323
vt 0.228162 -0.769860
vt 0.252684 -0.769161
vt 0.135849 -0.706922
vt 0.168516 -0.706942
vt 0.199010 -0.707008
vt 0.252684 -0.707545
vt 0.226445 -0.707183
vt 0.138773 -0.689536
vt 0.104468 -0.689632
vt 0.109190 -0.666343
vt 0.143979 -0.669642
vt 0.156300 -0.653537
vt 0.177360 -0.652947
vt 0.174689 -0.671015
vt 0.209119 -0.652358
vt 0.204826 -0.672287
vt 0.146664 -0.645682
vt 0.177964 -0.640133
vt 0.229166 -0.672914
vt 0.252684 -0.651098
vt 0.236436 -0.630700
vt 0.252683 -0.629762
vt 0.252684 -0.673573
vt 0.205472 -0.626794
vt 0.171157 -0.689319
vt 0.201425 -0.689418
vt 0.227471 -0.689292
vt 0.252684 -0.688800
vt 0.246870 -0.613501
vt 0.254926 -0.615835
vt 0.260104 -0.585487
vt 0.232723 -0.607299
vt 0.243675 -0.585638
vt 0.272416 -0.586651
vt 0.230196 -0.602144
vt 0.203859 -0.620918
vt 0.174653 -0.628803
vt 0.141956 -0.637093
vt 0.105775 -0.648676
vt 0.067851 -0.674472
vt 0.067851 -0.656755
vt 0.067851 -0.689623
vt 0.102126 -0.706998
vt 0.067851 -0.707214
vt 0.208528 -0.345806
vt 0.207319 -0.334762
vt 0.225079 -0.343636
vt 0.176868 -0.345154
vt 0.194920 -0.352974
vt 0.185520 -0.306803
vt 0.167205 -0.313587
vt 0.161378 -0.283818
vt 0.205498 -0.319649
vt 0.223741 -0.331809
vt 0.183351 -0.276726
vt 0.202392 -0.294911
vt 0.220996 -0.307552
vt 0.180524 -0.364210
vt 0.161286 -0.335145
vt 0.148304 -0.307251
vt 0.216600 -0.268696
vt 0.156896 -0.246674
vt 0.181058 -0.243985
vt 0.178785 -0.222423
vt 0.142214 -0.221628
vt 0.141351 -0.202776
vt 0.176174 -0.191940
vt 0.138858 -0.186212
vt 0.207724 -0.202630
vt 0.207724 -0.177697
vt 0.210739 -0.222713
vt 0.213579 -0.241989
vt 0.143799 -0.283971
vt 0.166362 -0.355941
vt 0.178629 -0.385428
vt 0.195435 -0.371864
vt 0.205145 -0.356493
vt 0.207740 -0.367637
vt 0.213808 -0.352023
vt 0.225889 -0.350800
vt 0.198899 -0.391990
vt 0.228170 -0.402428
vt 0.214721 -0.385108
vt 0.585067 -0.688749
vt 0.561940 -0.688230
vt 0.561497 -0.653308
vt 0.585067 -0.652487
vt 0.536313 -0.655057
vt 0.537785 -0.688632
vt 0.512840 -0.656964
vt 0.515697 -0.696552
vt 0.492403 -0.657282
vt 0.494289 -0.688439
vt 0.471173 -0.656360
vt 0.473492 -0.702735
vt 0.450084 -0.623078
vt 0.450301 -0.689001
vt 0.452627 -0.721565
vt 0.436833 -0.725591
vt 0.454727 -0.748060
vt 0.443535 -0.748683
vt 0.432178 -0.701955
vt 0.410939 -0.708097
vt 0.417338 -0.700808
vt 0.403241 -0.695453
vt 0.397151 -0.704818
vt 0.378295 -0.701236
vt 0.379203 -0.690678
vt 0.395038 -0.715519
vt 0.409831 -0.717155
vt 0.417999 -0.716633
vt 0.390624 -0.742625
vt 0.423319 -0.691904
vt 0.375667 -0.715546
vt 0.425273 -0.752368
vt 0.354122 -0.697239
vt 0.356467 -0.685696
vt 0.327396 -0.692391
vt 0.341199 -0.682330
vt 0.314381 -0.688423
vt 0.321252 -0.696963
vt 0.307800 -0.696223
vt 0.338256 -0.701534
vt 0.303952 -0.683865
vt 0.293504 -0.694373
vt 0.292273 -0.679374
vt 0.279518 -0.688985
vt 0.312480 -0.666147
vt 0.304876 -0.704233
vt 0.316170 -0.730094
vt 0.296330 -0.744816
vt 0.286427 -0.721968
vt 0.271343 -0.780959
vt 0.271343 -0.721163
vt 0.334428 -0.727590
vt 0.288938 -0.704535
vt 0.271343 -0.706701
vt 0.354960 -0.715897
vt 0.333027 -0.765979
vt 0.348577 -0.763750
vt 0.371193 -0.744849
vt 0.366390 -0.770194
vt 0.409274 -0.757310
vt 0.420561 -0.773453
vt 0.428174 -0.760311
vt 0.436389 -0.775712
vt 0.437071 -0.767609
vt 0.442997 -0.753398
vt 0.452747 -0.760137
vt 0.425308 -0.799358
vt 0.435120 -0.800352
vt 0.415556 -0.798558
vt 0.418905 -0.785822
vt 0.450504 -0.803710
vt 0.442025 -0.774678
vt 0.422251 -0.835600
vt 0.440260 -0.831862
vt 0.442025 -0.855156
vt 0.421433 -0.856574
vt 0.442197 -0.879140
vt 0.418327 -0.880442
vt 0.443170 -0.902178
vt 0.414354 -0.902425
vt 0.407994 -0.933432
vt 0.446801 -0.929688
vt 0.459610 -0.848105
vt 0.453771 -0.958701
vt 0.483938 -0.917015
vt 0.499427 -0.937608
vt 0.513382 -0.895527
vt 0.471326 -0.893925
vt 0.492288 -0.881771
vt 0.462609 -0.873368
vt 0.480991 -0.865776
vt 0.508896 -0.862082
vt 0.495155 -0.853698
vt 0.478928 -0.841307
vt 0.496026 -0.837242
vt 0.529286 -0.871516
vt 0.516767 -0.839392
vt 0.519931 -0.815274
vt 0.498230 -0.814077
vt 0.538240 -0.843406
vt 0.540026 -0.815807
vt 0.520556 -0.789146
vt 0.540041 -0.766292
vt 0.520069 -0.765263
vt 0.499650 -0.789729
vt 0.475338 -0.789673
vt 0.480220 -0.815459
vt 0.501307 -0.765794
vt 0.483669 -0.767349
vt 0.551467 -0.878638
vt 0.534320 -0.908839
vt 0.577800 -0.886585
vt 0.558006 -0.926717
vt 0.516892 -0.959756
vt 0.560245 -0.847290
vt 0.585067 -0.850857
vt 0.562421 -0.819256
vt 0.585067 -0.821407
vt 0.562351 -0.790687
vt 0.585067 -0.771326
vt 0.561899 -0.767755
vt 0.462732 -0.988370
vt 0.561791 -0.746088
vt 0.585067 -0.749355
vt 0.539893 -0.741414
vt 0.518746 -0.742801
vt 0.498031 -0.737092
vt 0.476586 -0.743690
vt 0.467462 -0.767668
vt 0.459767 -0.819444
vt 0.456199 -0.768902
vt 0.455881 -0.785186
vt 0.561954 -0.719053
vt 0.585067 -0.720897
vt 0.495105 -0.330791
vt 0.494706 -0.320226
vt 0.518164 -0.329880
vt 0.543472 -0.320593
vt 0.543793 -0.331867
vt 0.471918 -0.318973
vt 0.471822 -0.331257
vt 0.570700 -0.332528
vt 0.570700 -0.320622
vt 0.570700 -0.342119
vt 0.544289 -0.343430
vt 0.518820 -0.342612
vt 0.543957 -0.355070
vt 0.518949 -0.355468
vt 0.494005 -0.343174
vt 0.495656 -0.355890
vt 0.471522 -0.344761
vt 0.445721 -0.333413
vt 0.447013 -0.348212
vt 0.417752 -0.336384
vt 0.394326 -0.340685
vt 0.398556 -0.355178
vt 0.381914 -0.358170
vt 0.380355 -0.342032
vt 0.381960 -0.321729
vt 0.362413 -0.305737
vt 0.365741 -0.341969
vt 0.339008 -0.319681
vt 0.340800 -0.336567
vt 0.398738 -0.321363
vt 0.315015 -0.320399
vt 0.313444 -0.305794
vt 0.338504 -0.283610
vt 0.314537 -0.286414
vt 0.360459 -0.283769
vt 0.383142 -0.305598
vt 0.382536 -0.283175
vt 0.403323 -0.304352
vt 0.403496 -0.282137
vt 0.317064 -0.344976
vt 0.294049 -0.320622
vt 0.294049 -0.332528
vt 0.294049 -0.342119
vt 0.422610 -0.320617
vt 0.447690 -0.318832
vt 0.426209 -0.304927
vt 0.426072 -0.283275
vt 0.426071 -0.261956
vt 0.445153 -0.283542
vt 0.447844 -0.303623
vt 0.462224 -0.284104
vt 0.471108 -0.303365
vt 0.481319 -0.283396
vt 0.495280 -0.304801
vt 0.497710 -0.283356
vt 0.498114 -0.258504
vt 0.516047 -0.258448
vt 0.517415 -0.303381
vt 0.483985 -0.258057
vt 0.532055 -0.257793
vt 0.533322 -0.285650
vt 0.542084 -0.307074
vt 0.570700 -0.305983
vt 0.551231 -0.286437
vt 0.551282 -0.267617
vt 0.570700 -0.287689
vt 0.570700 -0.275890
vt 0.570700 -0.268515
vt 0.470842 -0.264915
vt 0.294094 -0.275198
vt 0.294049 -0.287689
vt 0.294049 -0.305983
vt 0.353746 -0.177259
vt 0.356008 -0.204680
vt 0.335186 -0.202537
vt 0.323782 -0.172221
vt 0.352685 -0.144157
vt 0.323854 -0.142191
vt 0.315905 -0.200873
vt 0.314088 -0.225893
vt 0.294049 -0.223260
vt 0.294049 -0.199170
vt 0.375688 -0.204384
vt 0.382192 -0.177252
vt 0.381372 -0.144170
vt 0.351283 -0.112300
vt 0.380963 -0.111157
vt 0.406022 -0.110333
vt 0.406522 -0.079055
vt 0.380332 -0.079120
vt 0.380080 -0.057212
vt 0.404566 -0.056065
vt 0.378877 -0.025153
vt 0.404076 -0.021426
vt 0.407197 -0.143266
vt 0.424280 -0.079967
vt 0.422676 -0.055663
vt 0.407772 -0.176040
vt 0.395464 -0.203115
vt 0.419053 -0.201896
vt 0.435467 -0.175493
vt 0.439246 -0.201280
vt 0.423092 -0.223600
vt 0.442489 -0.221324
vt 0.460177 -0.201076
vt 0.460873 -0.219031
vt 0.459552 -0.176654
vt 0.475476 -0.218735
vt 0.479312 -0.201510
vt 0.486886 -0.177464
vt 0.496748 -0.200855
vt 0.513242 -0.176412
vt 0.514655 -0.200357
vt 0.533628 -0.199463
vt 0.541421 -0.174549
vt 0.552759 -0.197698
vt 0.537518 -0.218611
vt 0.552931 -0.218352
vt 0.570700 -0.195325
vt 0.570700 -0.218026
vt 0.570700 -0.171275
vt 0.539798 -0.143593
vt 0.511479 -0.145502
vt 0.486076 -0.146203
vt 0.459909 -0.145648
vt 0.433732 -0.144777
vt 0.433175 -0.110727
vt 0.540130 -0.113818
vt 0.509720 -0.113682
vt 0.485803 -0.113418
vt 0.509927 -0.082452
vt 0.487280 -0.079472
vt 0.539905 -0.083632
vt 0.570700 -0.086252
vt 0.570700 -0.113270
vt 0.570700 -0.138688
vt 0.570700 -0.063085
vt 0.530646 -0.063592
vt 0.509582 -0.062756
vt 0.510515 -0.037598
vt 0.531728 -0.028588
vt 0.553328 -0.041773
vt 0.554587 -0.026091
vt 0.570700 -0.042593
vt 0.490879 -0.040410
vt 0.491595 -0.026439
vt 0.470974 -0.060646
vt 0.458865 -0.078378
vt 0.458379 -0.111443
vt 0.438995 -0.079654
vt 0.437464 -0.056502
vt 0.469378 -0.039610
vt 0.452504 -0.039963
vt 0.435627 -0.038696
vt 0.421302 -0.037698
vt 0.353668 -0.058065
vt 0.355786 -0.025597
vt 0.332540 -0.042951
vt 0.332159 -0.024991
vt 0.350250 -0.079160
vt 0.328114 -0.059490
vt 0.312333 -0.060879
vt 0.312660 -0.040417
vt 0.294049 -0.063085
vt 0.294049 -0.042593
vt 0.294049 -0.086252
vt 0.323529 -0.112022
vt 0.294049 -0.113270
vt 0.294049 -0.138688
vt 0.294049 -0.173495
vt 0.322617 -0.081560
vt 0.313585 -0.022824
vt 0.294049 -0.025727
vt 0.327024 -0.005353
vt 0.356513 -0.005353
vt 0.376658 -0.005353
vt 0.402817 -0.005353
vt 0.425642 -0.005353
vt 0.420352 -0.022210
vt 0.294049 -0.005353
vt 0.436889 -0.022595
vt 0.451606 -0.024506
vt 0.468394 -0.026287
vt 0.452901 -0.005353
vt 0.490086 -0.005353
vt 0.513247 -0.005353
vt 0.534734 -0.005353
vt 0.570700 -0.005353
vt 0.570700 -0.025727
vt 0.570700 -0.417186
vt 0.544291 -0.418710
vt 0.544196 -0.388404
vt 0.570700 -0.390334
vt 0.518673 -0.370269
vt 0.519384 -0.427609
vt 0.497973 -0.419372
vt 0.497822 -0.390223
vt 0.476950 -0.393820
vt 0.476994 -0.422263
vt 0.473963 -0.360191
vt 0.496293 -0.369668
vt 0.543446 -0.369323
vt 0.449935 -0.362536
vt 0.426152 -0.366919
vt 0.403541 -0.371650
vt 0.384856 -0.374605
vt 0.430039 -0.389398
vt 0.411239 -0.394238
vt 0.389389 -0.395347
vt 0.413167 -0.414876
vt 0.391405 -0.414440
vt 0.370337 -0.413462
vt 0.367206 -0.392354
vt 0.361041 -0.372989
vt 0.363604 -0.357498
vt 0.340934 -0.352236
vt 0.351095 -0.407735
vt 0.352986 -0.430741
vt 0.370708 -0.436215
vt 0.371663 -0.458835
vt 0.353482 -0.455044
vt 0.352468 -0.480572
vt 0.371441 -0.482646
vt 0.352115 -0.502917
vt 0.370093 -0.502848
vt 0.369132 -0.529119
vt 0.351203 -0.529636
vt 0.333297 -0.501816
vt 0.333370 -0.526499
vt 0.314280 -0.524970
vt 0.314555 -0.499475
vt 0.369989 -0.551499
vt 0.353796 -0.570700
vt 0.333671 -0.548166
vt 0.334462 -0.567742
vt 0.356567 -0.589945
vt 0.335765 -0.582688
vt 0.359378 -0.607952
vt 0.336614 -0.589337
vt 0.372579 -0.573970
vt 0.375818 -0.594528
vt 0.396399 -0.597274
vt 0.393952 -0.575307
vt 0.407542 -0.596274
vt 0.314419 -0.566440
vt 0.294049 -0.568013
vt 0.294049 -0.546723
vt 0.314136 -0.581267
vt 0.294049 -0.581267
vt 0.313798 -0.585609
vt 0.294049 -0.585609
vt 0.378625 -0.610128
vt 0.399797 -0.612608
vt 0.294049 -0.522881
vt 0.294049 -0.496629
vt 0.315154 -0.474642
vt 0.294049 -0.469916
vt 0.314841 -0.448570
vt 0.333937 -0.477904
vt 0.333923 -0.451304
vt 0.332706 -0.424885
vt 0.314002 -0.420264
vt 0.331899 -0.401430
vt 0.313551 -0.395383
vt 0.294049 -0.417186
vt 0.294049 -0.390334
vt 0.329651 -0.381582
vt 0.314375 -0.376399
vt 0.294049 -0.369339
vt 0.294049 -0.354457
vt 0.317116 -0.361876
vt 0.348527 -0.387025
vt 0.341041 -0.368597
vt 0.570700 -0.579691
vt 0.549424 -0.579995
vt 0.552374 -0.563853
vt 0.570700 -0.566197
vt 0.553616 -0.544916
vt 0.570700 -0.546096
vt 0.531606 -0.562509
vt 0.528317 -0.585222
vt 0.508735 -0.578704
vt 0.510279 -0.561929
vt 0.488944 -0.561738
vt 0.489994 -0.578926
vt 0.512729 -0.524907
vt 0.534225 -0.529912
vt 0.466516 -0.556074
vt 0.469736 -0.585802
vt 0.447585 -0.589859
vt 0.451688 -0.607095
vt 0.423625 -0.593755
vt 0.425379 -0.612514
vt 0.473250 -0.597329
vt 0.492073 -0.587599
vt 0.508525 -0.585353
vt 0.548931 -0.585478
vt 0.570700 -0.585609
vt 0.419503 -0.548407
vt 0.441400 -0.525327
vt 0.489336 -0.542313
vt 0.554105 -0.523082
vt 0.570700 -0.522881
vt 0.490305 -0.520868
vt 0.464982 -0.522233
vt 0.472307 -0.501830
vt 0.458296 -0.502746
vt 0.457767 -0.479355
vt 0.440554 -0.481527
vt 0.440102 -0.456348
vt 0.455964 -0.428534
vt 0.476099 -0.451191
vt 0.455765 -0.400701
vt 0.432709 -0.409982
vt 0.433365 -0.435333
vt 0.413980 -0.437731
vt 0.474618 -0.478578
vt 0.496975 -0.449632
vt 0.540650 -0.449284
vt 0.570700 -0.444822
vt 0.494863 -0.476972
vt 0.515708 -0.476534
vt 0.493230 -0.500451
vt 0.514713 -0.499982
vt 0.535614 -0.499511
vt 0.555191 -0.497895
vt 0.570700 -0.496629
vt 0.537762 -0.474609
vt 0.570700 -0.469916
vt 0.556362 -0.471056
vt 0.931945 -0.024281
vt 0.948507 -0.032125
vt 0.942423 -0.043407
vt 0.926580 -0.036058
vt 0.955960 -0.068525
vt 0.963644 -0.053328
vt 0.913641 -0.026232
vt 0.914673 -0.038088
vt 0.936176 -0.011661
vt 0.914947 -0.012953
vt 0.956568 -0.022409
vt 0.973353 -0.046788
vt 0.936379 -0.059258
vt 0.919130 -0.050145
vt 0.905430 -0.045622
vt 0.951921 -0.093997
vt 0.961974 -0.098700
vt 0.970829 -0.077687
vt 0.973185 -0.100841
vt 0.984661 -0.100058
vt 0.982478 -0.072336
vt 0.963342 -0.116938
vt 0.946129 -0.117704
vt 0.976097 -0.116576
vt 0.978911 -0.133455
vt 0.988374 -0.135194
vt 0.988120 -0.163420
vt 0.980936 -0.179181
vt 0.959738 -0.157288
vt 0.937988 -0.140169
vt 0.921648 -0.101448
vt 0.913135 -0.123279
vt 0.928952 -0.161359
vt 0.905111 -0.144729
vt 0.988120 -0.184464
vt 0.988120 -0.208717
vt 0.981071 -0.233644
vt 0.955847 -0.210231
vt 0.954012 -0.186508
vt 0.912626 -0.193871
vt 0.898758 -0.160764
vt 0.927905 -0.190016
vt 0.889546 -0.183245
vt 0.930560 -0.213133
vt 0.898138 -0.089582
vt 0.887204 -0.110566
vt 0.882759 -0.084415
vt 0.868982 -0.109798
vt 0.903374 -0.078892
vt 0.926563 -0.088805
vt 0.880736 -0.066603
vt 0.866704 -0.057002
vt 0.881024 -0.045282
vt 0.873061 -0.034792
vt 0.856856 -0.050277
vt 0.853616 -0.068181
vt 0.844373 -0.062052
vt 0.830725 -0.090550
vt 0.824411 -0.086773
vt 0.806505 -0.118259
vt 0.802400 -0.114644
vt 0.783335 -0.146173
vt 0.826134 -0.134288
vt 0.803503 -0.159784
vt 0.779458 -0.143956
vt 0.871084 -0.079341
vt 0.849424 -0.107294
vt 0.823440 -0.172052
vt 0.846103 -0.149220
vt 0.803855 -0.200570
vt 0.843114 -0.182576
vt 0.780900 -0.192681
vt 0.873589 -0.176669
vt 0.877882 -0.149629
vt 0.881698 -0.132691
vt 0.865298 -0.129491
vt 0.846814 -0.131413
vt 0.819389 -0.074599
vt 0.806960 -0.088391
vt 0.790576 -0.057142
vt 0.819099 -0.049173
vt 0.800709 -0.029344
vt 0.787012 -0.097023
vt 0.755768 -0.049133
vt 0.768808 -0.098425
vt 0.776575 -0.015673
vt 0.758810 -0.009775
vt 0.745880 -0.008223
vt 0.753498 -0.098407
vt 0.739448 -0.095081
vt 0.730761 -0.008433
vt 0.703615 -0.009718
vt 0.687061 -0.038313
vt 0.713944 -0.081807
vt 0.686914 -0.065936
vt 0.652415 -0.039250
vt 0.681938 -0.011256
vt 0.656414 -0.010744
vt 0.620304 -0.009849
vt 0.618184 -0.041232
vt 0.581053 -0.040335
vt 0.590061 -0.019634
vt 0.588809 -0.064150
vt 0.619752 -0.070098
vt 0.652054 -0.062707
vt 0.986650 -0.117284
vt 0.283455 -0.852937
vt 0.271343 -0.854579
vt 0.271343 -0.840085
vt 0.282822 -0.837947
vt 0.271343 -0.874585
vt 0.286412 -0.874348
vt 0.271343 -0.918128
vt 0.296127 -0.909837
vt 0.328190 -0.973512
vt 0.321676 -0.900243
vt 0.304328 -0.872072
vt 0.298311 -0.851777
vt 0.296191 -0.836434
vt 0.312580 -0.850617
vt 0.321525 -0.869013
vt 0.339551 -0.890928
vt 0.341559 -0.865363
vt 0.356826 -0.881015
vt 0.381755 -0.895710
vt 0.370055 -0.911302
vt 0.356780 -0.928855
vt 0.342831 -0.950467
vt 0.378440 -0.867985
vt 0.399481 -0.877457
vt 0.402434 -0.855252
vt 0.383424 -0.852751
vt 0.329841 -0.849364
vt 0.282504 -0.821471
vt 0.271343 -0.822694
vt 0.271343 -0.804509
vt 0.278992 -0.800721
vt 0.271343 -0.795714
vt 0.271343 -0.787308
vt 0.279469 -0.780315
vt 0.288294 -0.785539
vt 0.281370 -0.762392
vt 0.291982 -0.766989
vt 0.293004 -0.778736
vt 0.318547 -0.764419
vt 0.404361 -0.964607
vt 0.400165 -0.994962
vt 0.383541 -0.770340
vt 0.383358 -0.785849
vt 0.384291 -0.802930
vt 0.388192 -0.838486
vt 0.392834 -0.819964
vt 0.363993 -0.657615
vt 0.385668 -0.666022
vt 0.406058 -0.678049
vt 0.410793 -0.669374
vt 0.429300 -0.680767
vt 0.427871 -0.650258
vt 0.400358 -0.642274
vt 0.385818 -0.657842
vt 0.424499 -0.623078
vt 0.469095 -0.623078
vt 0.490558 -0.623078
vt 0.507238 -0.623078
vt 0.531216 -0.623078
vt 0.557299 -0.623078
vt 0.574373 -0.623078
vt 0.584571 -0.623078
vt 0.353811 -0.648453
vt 0.368610 -0.652560
vt 0.397972 -0.623078
vt 0.407961 -0.623078
vt 0.385119 -0.623078
vt 0.374119 -0.623078
vt 0.358140 -0.623078
vt 0.358140 -0.638599
vt 0.358140 -0.646922
vt 0.107490 -0.278306
vt 0.089778 -0.279213
vt 0.095091 -0.295914
vt 0.106709 -0.310914
vt 0.104328 -0.324433
vt 0.840718 -0.304834
vt 0.037057 -0.343412
vt 0.030235 -0.342069
vt 0.031999 -0.330099
vt 0.037381 -0.311489
vt 0.038080 -0.300423
vt 0.039025 -0.285400
vt 0.010040 -0.286452
vt 0.010040 -0.265633
vt 0.035960 -0.265030
vt 0.988120 -0.267811
vt 0.988120 -0.286406
vt 0.974650 -0.286316
vt 0.974929 -0.267849
vt 0.975655 -0.305892
vt 0.988120 -0.307116
vt 0.974349 -0.330031
vt 0.988121 -0.332339
vt 0.962414 -0.268311
vt 0.942678 -0.287762
vt 0.942678 -0.270301
vt 0.962415 -0.305312
vt 0.961062 -0.331558
vt 0.942678 -0.304022
vt 0.942678 -0.334409
vt 0.963656 -0.239008
vt 0.942678 -0.239786
vt 0.974390 -0.247015
vt 0.988120 -0.240989
vt 0.897609 -0.032221
vt 0.894367 -0.018522
vt 0.884507 -0.947449
vt 0.885932 -0.962159
vt 0.910140 -0.973782
vt 0.897480 -0.989429
vt 0.865628 -0.946470
vt 0.848995 -0.946681
vt 0.867652 -0.957774
vt 0.822917 -0.929729
vt 0.881843 -0.966230
vt 0.891960 -0.991861
vt 0.093536 -0.941867
vt 0.098764 -0.953979
vt 0.092066 -0.951770
vt 0.093641 -0.967917
vt 0.105784 -0.968664
vt 0.098460 -0.984385
vt 0.123093 -0.973692
vt 0.119819 -0.952913
vt 0.140056 -0.980365
vt 0.134055 -0.996537
vt 0.116117 -0.993771
vt 0.157459 -0.988969
vt 0.170244 -0.985644
vt 0.184452 -0.981813
vt 0.210649 -0.973812
vt 0.230171 -0.967534
vt 0.145930 -0.991882
vt 0.097478 -0.989377
vt 0.195090 -0.801645
vt 0.224731 -0.801291
vt 0.252684 -0.801024
vt 0.252684 -0.820401
vt 0.229844 -0.820799
vt 0.252684 -0.840251
vt 0.209214 -0.841714
vt 0.252684 -0.781276
vt 0.209186 -0.820844
vt 0.231975 -0.878277
vt 0.252684 -0.876874
vt 0.252684 -0.898656
vt 0.221916 -0.902669
vt 0.204690 -0.882910
vt 0.187731 -0.821325
vt 0.186552 -0.855486
vt 0.157709 -0.822185
vt 0.129948 -0.821946
vt 0.570700 -0.354457
vt 0.570700 -0.369339
vt 0.054406 -0.593070
vt 0.071030 -0.581951
vt 0.094737 -0.577394
vt 0.106344 -0.591972
vt 0.121439 -0.585484
vt 0.092392 -0.601176
vt 0.056288 -0.614576
vt 0.079928 -0.609526
vt 0.123538 -0.600230
vt 0.170443 -0.586718
vt 0.186981 -0.571130
vt 0.776852 -0.716114
vt 0.761865 -0.716332
vt 0.440612 -0.503691
vt 0.421747 -0.502564
vt 0.420742 -0.481506
vt 0.402859 -0.502695
vt 0.403947 -0.482807
vt 0.416824 -0.458318
vt 0.402903 -0.459247
vt 0.391017 -0.437835
vt 0.389187 -0.459773
vt 0.389194 -0.482955
vt 0.388546 -0.503278
vt 0.389248 -0.529055
vt 0.390621 -0.550473
vt 0.405214 -0.549880
vt 0.403315 -0.529718
vt 0.420180 -0.527053
vt 0.294049 -0.444822
vt 0.917043 -0.823035
vt 0.942503 -0.830923
vt 0.897005 -0.824077
vt 0.879918 -0.825373
vt 0.858451 -0.828595
vt 0.862142 -0.854780
vt 0.846389 -0.851160
vt 0.838679 -0.820585
vt 0.849107 -0.806600
vt 0.094155 -0.378202
vt 0.446131 -0.234397
vt 0.462565 -0.231863
vt 0.489875 -0.218306
vt 0.506825 -0.218666
vt 0.523755 -0.218498
vt 0.757042 -0.169714
vt 0.769981 -0.164245
vt 0.766318 -0.185094
vt 0.989205 -0.633931
vt 0.989205 -0.605652
vt 0.846738 -0.436856
vt 0.867029 -0.439347
vt 0.889062 -0.431526
vt 0.731903 -0.300103
vt 0.728964 -0.322133
vt 0.736887 -0.299910
vt 0.734966 -0.292055
vt 0.742866 -0.292236
vt 0.742502 -0.298937
vt 0.725443 -0.294463
vt 0.706116 -0.320407
vt 0.716420 -0.339335
vt 0.701947 -0.329630
vt 0.713307 -0.297214
vt 0.691812 -0.310042
vt 0.701914 -0.295268
vt 0.703931 -0.285450
vt 0.692790 -0.283787
vt 0.688917 -0.292025
vt 0.684371 -0.282322
vt 0.679018 -0.289271
vt 0.668968 -0.304416
vt 0.673769 -0.290768
vt 0.668967 -0.288249
vt 0.654348 -0.289754
vt 0.674360 -0.287050
vt 0.675920 -0.288673
vt 0.655996 -0.281206
vt 0.645944 -0.281485
vt 0.639819 -0.288334
vt 0.665870 -0.280789
vt 0.675260 -0.279667
vt 0.639722 -0.279961
vt 0.634917 -0.284565
vt 0.639471 -0.258937
vt 0.648720 -0.264135
vt 0.648071 -0.254865
vt 0.649356 -0.240094
vt 0.657212 -0.256704
vt 0.656995 -0.240296
vt 0.665811 -0.255378
vt 0.664288 -0.239768
vt 0.674924 -0.251538
vt 0.674709 -0.233644
vt 0.639176 -0.234393
vt 0.639378 -0.251264
vt 0.648480 -0.233398
vt 0.664879 -0.233495
vt 0.675025 -0.260057
vt 0.656850 -0.233646
vt 0.639039 -0.222919
vt 0.674588 -0.223664
vt 0.648516 -0.221938
vt 0.656744 -0.222521
vt 0.647724 -0.214414
vt 0.656603 -0.215146
vt 0.664734 -0.221559
vt 0.664865 -0.214139
vt 0.674449 -0.211992
vt 0.638898 -0.211191
vt 0.656553 -0.207141
vt 0.663277 -0.208397
vt 0.656869 -0.200145
vt 0.646854 -0.203973
vt 0.649679 -0.207728
vt 0.666044 -0.203699
vt 0.754636 -0.363038
vt 0.754922 -0.318036
vt 0.730795 -0.338819
vt 0.730719 -0.355254
vt 0.782659 -0.361301
vt 0.810426 -0.379041
vt 0.812779 -0.343955
vt 0.778746 -0.409188
vt 0.715978 -0.349986
vt 0.809318 -0.412503
vt 0.776879 -0.430579
vt 0.811698 -0.426954
vt 0.841843 -0.412762
vt 0.826384 -0.391680
vt 0.842822 -0.425937
vt 0.865984 -0.410195
vt 0.852098 -0.387708
vt 0.832915 -0.365787
vt 0.867178 -0.422747
vt 0.887381 -0.407004
vt 0.868227 -0.384763
vt 0.850463 -0.363555
vt 0.848892 -0.334432
vt 0.835136 -0.340579
vt 0.865646 -0.334557
vt 0.868746 -0.360380
vt 0.883910 -0.359377
vt 0.886127 -0.381849
vt 0.902735 -0.379529
vt 0.902735 -0.357553
vt 0.882176 -0.340992
vt 0.902735 -0.402980
vt 0.887543 -0.421364
vt 0.902735 -0.421911
vt 0.902735 -0.335323
vt 0.816079 -0.324967
vt 0.837108 -0.312213
vt 0.831913 -0.311250
vt 0.842898 -0.313992
vt 0.879856 -0.328640
vt 0.902735 -0.324402
vt 0.863379 -0.297661
vt 0.874218 -0.300328
vt 0.880555 -0.317158
vt 0.848970 -0.307618
vt 0.886854 -0.302751
vt 0.902735 -0.312743
vt 0.893526 -0.293946
vt 0.901141 -0.293708
vt 0.853084 -0.297473
vt 0.854665 -0.281326
vt 0.846702 -0.271236
vt 0.854804 -0.270483
vt 0.863612 -0.269324
vt 0.847646 -0.254028
vt 0.838635 -0.270023
vt 0.856733 -0.248507
vt 0.838797 -0.245758
vt 0.865589 -0.249765
vt 0.872405 -0.269523
vt 0.873902 -0.253856
vt 0.882367 -0.270738
vt 0.882269 -0.253288
vt 0.891789 -0.268636
vt 0.890087 -0.252522
vt 0.900385 -0.264938
vt 0.900385 -0.245544
vt 0.830175 -0.244128
vt 0.829715 -0.262249
vt 0.848097 -0.241937
vt 0.891919 -0.246134
vt 0.857732 -0.239378
vt 0.866140 -0.226719
vt 0.839133 -0.234648
vt 0.873052 -0.247958
vt 0.882181 -0.247931
vt 0.874190 -0.230574
vt 0.882337 -0.230650
vt 0.891551 -0.228426
vt 0.900385 -0.224932
vt 0.853721 -0.221157
vt 0.848541 -0.220305
vt 0.843411 -0.220158
vt 0.830660 -0.225068
vt 0.848963 -0.213902
vt 0.857203 -0.217272
vt 0.840590 -0.216205
vt 0.677490 -0.347744
vt 0.657810 -0.352099
vt 0.678028 -0.355672
vt 0.673090 -0.331728
vt 0.684950 -0.333767
vt 0.688480 -0.322963
vt 0.665114 -0.317290
vt 0.633909 -0.303069
vt 0.634157 -0.291592
vt 0.628342 -0.290469
vt 0.614274 -0.292931
vt 0.630586 -0.288166
vt 0.631557 -0.287868
vt 0.614475 -0.286307
vt 0.604051 -0.286656
vt 0.600611 -0.292708
vt 0.623923 -0.285013
vt 0.596745 -0.289527
vt 0.596745 -0.270562
vt 0.605257 -0.261666
vt 0.596745 -0.260356
vt 0.614072 -0.269219
vt 0.614175 -0.263232
vt 0.622324 -0.268796
vt 0.622946 -0.260607
vt 0.631207 -0.259575
vt 0.630969 -0.269991
vt 0.621882 -0.244170
vt 0.614430 -0.244225
vt 0.607113 -0.243570
vt 0.631656 -0.239929
vt 0.596745 -0.244863
vt 0.596745 -0.237823
vt 0.606318 -0.237759
vt 0.623271 -0.238261
vt 0.614736 -0.238056
vt 0.596745 -0.229417
vt 0.606937 -0.225201
vt 0.614293 -0.226094
vt 0.605222 -0.217893
vt 0.614095 -0.218927
vt 0.622501 -0.226225
vt 0.622896 -0.219165
vt 0.632042 -0.223017
vt 0.632208 -0.215737
vt 0.596745 -0.213339
vt 0.596745 -0.221101
vt 0.614278 -0.211651
vt 0.622447 -0.212276
vt 0.615055 -0.204796
vt 0.605144 -0.206608
vt 0.606534 -0.211261
vt 0.623874 -0.207510
vt 0.631846 -0.231596
vt 0.805579 -0.304211
vt 0.785505 -0.319434
vt 0.812165 -0.304872
vt 0.799318 -0.303487
vt 0.770749 -0.300932
vt 0.777962 -0.301087
vt 0.764561 -0.300188
vt 0.752574 -0.300027
vt 0.762559 -0.293276
vt 0.751587 -0.293806
vt 0.753273 -0.292157
vt 0.753273 -0.286727
vt 0.762333 -0.287692
vt 0.753273 -0.264867
vt 0.762220 -0.271133
vt 0.763003 -0.262054
vt 0.771309 -0.271441
vt 0.771663 -0.262118
vt 0.779536 -0.262164
vt 0.779644 -0.271345
vt 0.788453 -0.263458
vt 0.779872 -0.255195
vt 0.771646 -0.254937
vt 0.771282 -0.238249
vt 0.779946 -0.238940
vt 0.762192 -0.239317
vt 0.762481 -0.255380
vt 0.788453 -0.256058
vt 0.788453 -0.239776
vt 0.753273 -0.238752
vt 0.753273 -0.255741
vt 0.780048 -0.228777
vt 0.788453 -0.228778
vt 0.762333 -0.228216
vt 0.753273 -0.230946
vt 0.779287 -0.216658
vt 0.771525 -0.216288
vt 0.763621 -0.216303
vt 0.788453 -0.215951
vt 0.753273 -0.216668
vt 0.771710 -0.210662
vt 0.777514 -0.211397
vt 0.765811 -0.211157
vt 0.771624 -0.205046
vt 0.782225 -0.208017
vt 0.761341 -0.207472
vt 0.799140 -0.296513
vt 0.791807 -0.293171
vt 0.790812 -0.295568
vt 0.788504 -0.303693
vt 0.800106 -0.289104
vt 0.791893 -0.271749
vt 0.800162 -0.273005
vt 0.801095 -0.264140
vt 0.809170 -0.274059
vt 0.809957 -0.262750
vt 0.817738 -0.264803
vt 0.817791 -0.274092
vt 0.827083 -0.262870
vt 0.827083 -0.273172
vt 0.791893 -0.260548
vt 0.818348 -0.258158
vt 0.809984 -0.242234
vt 0.818817 -0.247976
vt 0.800610 -0.251731
vt 0.827083 -0.247329
vt 0.791893 -0.240661
vt 0.818690 -0.239128
vt 0.800653 -0.239935
vt 0.827083 -0.240684
vt 0.809678 -0.227288
vt 0.827083 -0.232793
vt 0.800500 -0.230864
vt 0.791893 -0.232601
vt 0.827083 -0.224672
vt 0.816887 -0.217467
vt 0.809277 -0.217361
vt 0.801970 -0.216909
vt 0.827083 -0.217587
vt 0.791893 -0.216629
vt 0.791893 -0.223913
vt 0.809296 -0.212175
vt 0.814782 -0.212835
vt 0.803630 -0.212544
vt 0.808948 -0.207161
vt 0.818718 -0.210329
vt 0.799726 -0.209531
vt 0.832730 -0.302942
vt 0.829744 -0.297020
vt 0.829173 -0.299248
vt 0.823419 -0.305096
vt 0.828916 -0.293708
vt 0.835842 -0.295168
vt 0.829368 -0.275925
vt 0.843492 -0.296133
vt 0.827083 -0.294260
vt 0.817058 -0.297608
vt 0.817711 -0.288915
vt 0.808842 -0.289397
vt 0.807686 -0.296616
vt 0.779534 -0.294182
vt 0.788453 -0.292453
vt 0.779176 -0.287638
vt 0.788453 -0.286959
vt 0.771370 -0.288289
vt 0.771049 -0.293605
vt 0.714472 -0.287062
vt 0.705874 -0.260003
vt 0.696110 -0.261210
vt 0.686944 -0.266241
vt 0.678412 -0.266794
vt 0.678507 -0.257751
vt 0.687130 -0.257313
vt 0.688973 -0.242831
vt 0.696497 -0.242974
vt 0.705808 -0.237639
vt 0.715513 -0.264779
vt 0.715271 -0.234306
vt 0.678732 -0.236607
vt 0.723765 -0.248911
vt 0.741326 -0.233738
vt 0.733052 -0.244479
vt 0.741325 -0.253660
vt 0.749590 -0.257734
vt 0.749813 -0.236545
vt 0.732473 -0.232938
vt 0.723514 -0.233974
vt 0.733096 -0.261750
vt 0.740843 -0.260601
vt 0.741244 -0.269761
vt 0.749484 -0.267694
vt 0.724309 -0.262975
vt 0.741792 -0.283927
vt 0.749322 -0.282917
vt 0.749250 -0.290239
vt 0.678250 -0.281935
vt 0.677939 -0.288821
vt 0.750052 -0.214147
vt 0.738823 -0.210085
vt 0.749990 -0.219943
vt 0.703525 -0.210118
vt 0.704821 -0.224020
vt 0.714913 -0.218013
vt 0.696472 -0.217405
vt 0.696813 -0.224251
vt 0.689068 -0.217106
vt 0.689459 -0.223621
vt 0.678980 -0.213164
vt 0.678919 -0.218962
vt 0.733244 -0.208990
vt 0.732918 -0.216138
vt 0.733482 -0.203126
vt 0.743227 -0.207066
vt 0.723384 -0.205485
vt 0.727571 -0.209195
vt 0.723350 -0.225085
vt 0.696314 -0.209156
vt 0.689259 -0.209874
vt 0.686632 -0.206453
vt 0.696274 -0.202393
vt 0.705255 -0.205307
vt 0.749918 -0.226796
vt 0.688885 -0.235701
vt 0.696659 -0.236263
vt 0.678845 -0.225932
vt 0.882741 -0.221177
vt 0.883543 -0.213694
vt 0.875269 -0.215660
vt 0.876354 -0.221045
vt 0.889524 -0.220799
vt 0.892846 -0.215688
vt 0.891530 -0.276581
vt 0.900385 -0.278524
vt 0.882441 -0.276362
vt 0.684458 -0.143697
vt 0.685839 -0.156118
vt 0.695305 -0.154749
vt 0.694123 -0.142902
vt 0.673212 -0.144816
vt 0.673976 -0.158387
vt 0.704409 -0.150678
vt 0.704409 -0.141488
vt 0.661547 -0.144141
vt 0.661541 -0.158141
vt 0.648712 -0.135924
vt 0.647653 -0.155876
vt 0.635318 -0.133859
vt 0.634046 -0.154124
vt 0.623803 -0.135262
vt 0.623275 -0.154395
vt 0.611889 -0.144527
vt 0.611856 -0.154492
vt 0.693540 -0.132201
vt 0.704409 -0.128060
vt 0.611938 -0.129232
vt 0.660851 -0.130128
vt 0.694163 -0.126194
vt 0.683157 -0.130613
vt 0.672644 -0.133182
vt 0.682295 -0.118031
vt 0.694438 -0.118067
vt 0.669866 -0.118920
vt 0.671470 -0.127344
vt 0.704409 -0.116215
vt 0.659054 -0.118160
vt 0.647414 -0.120904
vt 0.635332 -0.121841
vt 0.623525 -0.120515
vt 0.611980 -0.115913
vt 0.612038 -0.098383
vt 0.624023 -0.103393
vt 0.626555 -0.095049
vt 0.635341 -0.104222
vt 0.634883 -0.094534
vt 0.622099 -0.089838
vt 0.634712 -0.086673
vt 0.643524 -0.095250
vt 0.647546 -0.089535
vt 0.646405 -0.103938
vt 0.658280 -0.099784
vt 0.673733 -0.098071
vt 0.681439 -0.097302
vt 0.681630 -0.103126
vt 0.689145 -0.098161
vt 0.681751 -0.089541
vt 0.695076 -0.094047
vt 0.668265 -0.093509
vt 0.704409 -0.101334
vt 0.705745 -0.159226
vt 0.692771 -0.167759
vt 0.705631 -0.179270
vt 0.715478 -0.168981
vt 0.684945 -0.168097
vt 0.697450 -0.183120
vt 0.687332 -0.184206
vt 0.677040 -0.182880
vt 0.677010 -0.168498
vt 0.661473 -0.170767
vt 0.661729 -0.183544
vt 0.645261 -0.165301
vt 0.632041 -0.163086
vt 0.642362 -0.172242
vt 0.652279 -0.178125
vt 0.629197 -0.169089
vt 0.622672 -0.167804
vt 0.622086 -0.162451
vt 0.607818 -0.172320
vt 0.608018 -0.161637
vt 0.694771 -0.363233
vt 0.696553 -0.379148
vt 0.712267 -0.380694
vt 0.702791 -0.362120
vt 0.682799 -0.362088
vt 0.678853 -0.375687
vt 0.725689 -0.374483
vt 0.711156 -0.356951
vt 0.725521 -0.399966
vt 0.748820 -0.389392
vt 0.703928 -0.397804
vt 0.701665 -0.420798
vt 0.684354 -0.421692
vt 0.680734 -0.397446
vt 0.659882 -0.399740
vt 0.656579 -0.372745
vt 0.671792 -0.434915
vt 0.723770 -0.431008
vt 0.743564 -0.421662
vt 0.704945 -0.438377
vt 0.689846 -0.443382
vt 0.596745 -0.305436
vt 0.596745 -0.294944
vt 0.596745 -0.292001
vt 0.596745 -0.324402
vt 0.596745 -0.335323
vt 0.596745 -0.357553
vt 0.596745 -0.379529
vt 0.596745 -0.402980
vt 0.825166 -0.790640
vt 0.830005 -0.766418
vt 0.922701 -0.786617
vt 0.931806 -0.744524
vt 0.904669 -0.761073
vt 0.946229 -0.770142
vt 0.957104 -0.746271
vt 0.964499 -0.773588
vt 0.989205 -0.747439
vt 0.989205 -0.769126
vt 0.903132 -0.785742
vt 0.877486 -0.747295
vt 0.879011 -0.802552
vt 0.900670 -0.804521
vt 0.919659 -0.804817
vt 0.944210 -0.796519
vt 0.967292 -0.818377
vt 0.989205 -0.802307
vt 0.989205 -0.785950
vt 0.989205 -0.827502
vt 0.989205 -0.857253
vt 0.971007 -0.859854
vt 0.972251 -0.894380
vt 0.952071 -0.862932
vt 0.954680 -0.896394
vt 0.971562 -0.926198
vt 0.953274 -0.945134
vt 0.969949 -0.946881
vt 0.989205 -0.892930
vt 0.989205 -0.927221
vt 0.989205 -0.948445
vt 0.938466 -0.898744
vt 0.936204 -0.868201
vt 0.921890 -0.900754
vt 0.921485 -0.873752
vt 0.904457 -0.876912
vt 0.904822 -0.902023
vt 0.923046 -0.934984
vt 0.906232 -0.928097
vt 0.881898 -0.903801
vt 0.883073 -0.925974
vt 0.880931 -0.878593
vt 0.938252 -0.940568
vt 0.907826 -0.948819
vt 0.925625 -0.846031
vt 0.905471 -0.855964
vt 0.881673 -0.858069
vt 0.862427 -0.879837
vt 0.863764 -0.905071
vt 0.846263 -0.879747
vt 0.846227 -0.905770
vt 0.864064 -0.925832
vt 0.847267 -0.927335
vt 0.822331 -0.907562
vt 0.822507 -0.880011
vt 0.925011 -0.963791
vt 0.937308 -0.959447
vt 0.953252 -0.956776
vt 0.970718 -0.956721
vt 0.989204 -0.962524
vt 0.796446 -0.912971
vt 0.798662 -0.879975
vt 0.771942 -0.877823
vt 0.774678 -0.903262
vt 0.735682 -0.909097
vt 0.739339 -0.875155
vt 0.704374 -0.903570
vt 0.707292 -0.871502
vt 0.700604 -0.932951
vt 0.741833 -0.842048
vt 0.708816 -0.837632
vt 0.770936 -0.839704
vt 0.796681 -0.847501
vt 0.793994 -0.821244
vt 0.819254 -0.848075
vt 0.813891 -0.819940
vt 0.793333 -0.800615
vt 0.792836 -0.780308
vt 0.844771 -0.789433
vt 0.848538 -0.757790
vt 0.768081 -0.780699
vt 0.770671 -0.800010
vt 0.741279 -0.797478
vt 0.742944 -0.817290
vt 0.707424 -0.795151
vt 0.707569 -0.813267
vt 0.681315 -0.793868
vt 0.682474 -0.811871
vt 0.647430 -0.789978
vt 0.645532 -0.807625
vt 0.623671 -0.787185
vt 0.621552 -0.805216
vt 0.704501 -0.775554
vt 0.680733 -0.749276
vt 0.649160 -0.750044
vt 0.701290 -0.750978
vt 0.734872 -0.758626
vt 0.738968 -0.777896
vt 0.600747 -0.785950
vt 0.600747 -0.802307
vt 0.624730 -0.769674
vt 0.600747 -0.769126
vt 0.600747 -0.747439
vt 0.626912 -0.749501
vt 0.625340 -0.723877
vt 0.648249 -0.732432
vt 0.661719 -0.739688
vt 0.851551 -0.724150
vt 0.874800 -0.725363
vt 0.896064 -0.723948
vt 0.932602 -0.725415
vt 0.934917 -0.699808
vt 0.915931 -0.707087
vt 0.708415 -0.678104
vt 0.710545 -0.703628
vt 0.737033 -0.685024
vt 0.678476 -0.672738
vt 0.707181 -0.651734
vt 0.738272 -0.657838
vt 0.677917 -0.644996
vt 0.650924 -0.642836
vt 0.758554 -0.687823
vt 0.758047 -0.659360
vt 0.707069 -0.622791
vt 0.741471 -0.628343
vt 0.708141 -0.591178
vt 0.675717 -0.588219
vt 0.677267 -0.618195
vt 0.646064 -0.585729
vt 0.649482 -0.614483
vt 0.621736 -0.580927
vt 0.623869 -0.611401
vt 0.600747 -0.605652
vt 0.737516 -0.567859
vt 0.706254 -0.557353
vt 0.624823 -0.639025
vt 0.600747 -0.633931
vt 0.773122 -0.558227
vt 0.771904 -0.595571
vt 0.771202 -0.631912
vt 0.775305 -0.659810
vt 0.774843 -0.688326
vt 0.787729 -0.686441
vt 0.792065 -0.658544
vt 0.797901 -0.682622
vt 0.808516 -0.653624
vt 0.812535 -0.680974
vt 0.828530 -0.678301
vt 0.824732 -0.649798
vt 0.845449 -0.646716
vt 0.867535 -0.645377
vt 0.843900 -0.621854
vt 0.865686 -0.621001
vt 0.841551 -0.594094
vt 0.864320 -0.591251
vt 0.839360 -0.564533
vt 0.821734 -0.623862
vt 0.887049 -0.594674
vt 0.916744 -0.616498
vt 0.889243 -0.624531
vt 0.918400 -0.639492
vt 0.809001 -0.560215
vt 0.818279 -0.594581
vt 0.794294 -0.597499
vt 0.804141 -0.626270
vt 0.786084 -0.627695
vt 0.619321 -0.952204
vt 0.618961 -0.893995
vt 0.600747 -0.892930
vt 0.600747 -0.927221
vt 0.600747 -0.857253
vt 0.618956 -0.858250
vt 0.640286 -0.920835
vt 0.642423 -0.861228
vt 0.661470 -0.899548
vt 0.663043 -0.866407
vt 0.686392 -0.901803
vt 0.686335 -0.868531
vt 0.660895 -0.931511
vt 0.683954 -0.932344
vt 0.681284 -0.959248
vt 0.661087 -0.958279
vt 0.643836 -0.831650
vt 0.684807 -0.836718
vt 0.620322 -0.829265
vt 0.600747 -0.827502
vt 0.712425 -0.942397
vt 0.741144 -0.920926
vt 0.664749 -0.971410
vt 0.646329 -0.982579
vt 0.640558 -0.957116
vt 0.600747 -0.948445
vt 0.600747 -0.962524
vt 0.623717 -0.978907
vt 0.634289 -0.993300
vt 0.195118 -0.486779
vt 0.198242 -0.504941
vt 0.179832 -0.489083
vt 0.183495 -0.506597
vt 0.165879 -0.490802
vt 0.168438 -0.508012
vt 0.159539 -0.472568
vt 0.173479 -0.469204
vt 0.151380 -0.454931
vt 0.165321 -0.448620
vt 0.198145 -0.528836
vt 0.181440 -0.528603
vt 0.166686 -0.527360
vt 0.151731 -0.492114
vt 0.145224 -0.476506
vt 0.150358 -0.511301
vt 0.150181 -0.526111
vt 0.128016 -0.540971
vt 0.148773 -0.542949
vt 0.133388 -0.561120
vt 0.144405 -0.561130
vt 0.136441 -0.578766
vt 0.161064 -0.544692
vt 0.156337 -0.563553
vt 0.178158 -0.548239
vt 0.171909 -0.567684
vt 0.147989 -0.588136
vt 0.194185 -0.552649
vt 0.189491 -0.467352
vt 0.184979 -0.451340
vt 0.155966 -0.430164
vt 0.142132 -0.440094
vt 0.135677 -0.430539
vt 0.148596 -0.416497
vt 0.126130 -0.420030
vt 0.127441 -0.397801
vt 0.138287 -0.382210
vt 0.115155 -0.366024
vt 0.121175 -0.345488
vt 0.120701 -0.330897
vt 0.099459 -0.358986
vt 0.105522 -0.338380
vt 0.082096 -0.353834
vt 0.086467 -0.334817
vt 0.059685 -0.348796
vt 0.062416 -0.332845
vt 0.066066 -0.321430
vt 0.052577 -0.321360
vt 0.063464 -0.309047
vt 0.083517 -0.307208
vt 0.084436 -0.321521
vt 0.060575 -0.298324
vt 0.074418 -0.279831
vt 0.057499 -0.282669
vt 0.054267 -0.259129
vt 0.066521 -0.248362
vt 0.102989 -0.256932
vt 0.100249 -0.217126
vt 0.083172 -0.242886
vt 0.083192 -0.219097
vt 0.063497 -0.203413
vt 0.082852 -0.196515
vt 0.080958 -0.170308
vt 0.060739 -0.161525
vt 0.075327 -0.143203
vt 0.045461 -0.139021
vt 0.073824 -0.120952
vt 0.041894 -0.157430
vt 0.041422 -0.179573
vt 0.040005 -0.085348
vt 0.070392 -0.086316
vt 0.040050 -0.220535
vt 0.101120 -0.087695
vt 0.132501 -0.088955
vt 0.170391 -0.110312
vt 0.168330 -0.089806
vt 0.207798 -0.088762
vt 0.166484 -0.069356
vt 0.207798 -0.073414
vt 0.129215 -0.068663
vt 0.207798 -0.054774
vt 0.207798 -0.031581
vt 0.166509 -0.031581
vt 0.124928 -0.047671
vt 0.124563 -0.031581
vt 0.086277 -0.045743
vt 0.079356 -0.031581
vt 0.048947 -0.032649
vt 0.066347 -0.067376
vt 0.032719 -0.050502
vt 0.037192 -0.068224
vt 0.096214 -0.066628
vt 0.028846 -0.035973
vt 0.025199 -0.022805
vt 0.040433 -0.021944
vt 0.021751 -0.010503
vt 0.033411 -0.009756
vt 0.032242 -0.000993
vt 0.018760 -0.000993
vt 0.026355 -0.538406
vt 0.023421 -0.524703
vt 0.015869 -0.523167
vt 0.016252 -0.539022
vt 0.029129 -0.554683
vt 0.033040 -0.575079
vt 0.036065 -0.593671
vt 0.037720 -0.614903
vt 0.044260 -0.553884
vt 0.049475 -0.573699
vt 0.063983 -0.561043
vt 0.039070 -0.536418
vt 0.032761 -0.522580
vt 0.065086 -0.545417
vt 0.091431 -0.534831
vt 0.049476 -0.525020
vt 0.111885 -0.517793
vt 0.068273 -0.515107
vt 0.089238 -0.552972
vt 0.105145 -0.557823
vt 0.110881 -0.537704
vt 0.121003 -0.561524
vt 0.080734 -0.569156
vt 0.130988 -0.516830
vt 0.127478 -0.499295
vt 0.112022 -0.500605
vt 0.089883 -0.502149
vt 0.120881 -0.483229
vt 0.125555 -0.464322
vt 0.136495 -0.459942
vt 0.126154 -0.444053
vt 0.117040 -0.452404
vt 0.117060 -0.434061
vt 0.101255 -0.422708
vt 0.108584 -0.406852
vt 0.108916 -0.385280
vt 0.081051 -0.411909
vt 0.086957 -0.395413
vt 0.047203 -0.382374
vt 0.045556 -0.399821
vt 0.063243 -0.422028
vt 0.027217 -0.395554
vt 0.024983 -0.377629
vt 0.024416 -0.411275
vt 0.028545 -0.359585
vt 0.037342 -0.415119
vt 0.044518 -0.363508
vt 0.061160 -0.367658
vt 0.078066 -0.372425
vt 0.038016 -0.424795
vt 0.063732 -0.431996
vt 0.045595 -0.436441
vt 0.034346 -0.433515
vt 0.024485 -0.421910
vt 0.024868 -0.432066
vt 0.018505 -0.431962
vt 0.019132 -0.451290
vt 0.016496 -0.461017
vt 0.015848 -0.469929
vt 0.020753 -0.461672
vt 0.020120 -0.471092
vt 0.024577 -0.439651
vt 0.034087 -0.442656
vt 0.047004 -0.448632
vt 0.060699 -0.442599
vt 0.084711 -0.443657
vt 0.079724 -0.429649
vt 0.092857 -0.437507
vt 0.107404 -0.447962
vt 0.105693 -0.456137
vt 0.113046 -0.467506
vt 0.107426 -0.485440
vt 0.086359 -0.486964
vt 0.101298 -0.470850
vt 0.067027 -0.502886
vt 0.053999 -0.512430
vt 0.040487 -0.516072
vt 0.047811 -0.510184
vt 0.042058 -0.509618
vt 0.055051 -0.502468
vt 0.066687 -0.488558
vt 0.054128 -0.490073
vt 0.052909 -0.478680
vt 0.063051 -0.474043
vt 0.074319 -0.468952
vt 0.086422 -0.464912
vt 0.095700 -0.459181
vt 0.077605 -0.451452
vt 0.067723 -0.455917
vt 0.056602 -0.460671
vt 0.046169 -0.466085
vt 0.036632 -0.457537
vt 0.026427 -0.454432
vt 0.024916 -0.463609
vt 0.043622 -0.481968
vt 0.047131 -0.497273
vt 0.040478 -0.500911
vt 0.037633 -0.493513
vt 0.023349 -0.473217
vt 0.029418 -0.465777
vt 0.026775 -0.475845
vt 0.036557 -0.470096
vt 0.031417 -0.482947
vt 0.240232 -0.952130
vt 0.237338 -0.924376
vt 0.224305 -0.950008
vt 0.211193 -0.929934
vt 0.200954 -0.905167
vt 0.183828 -0.916862
vt 0.182404 -0.888328
vt 0.157762 -0.909857
vt 0.156969 -0.892726
vt 0.163656 -0.925669
vt 0.171329 -0.943410
vt 0.188195 -0.936339
vt 0.178244 -0.961937
vt 0.198698 -0.955740
vt 0.156221 -0.951126
vt 0.146415 -0.934438
vt 0.164473 -0.968175
vt 0.143364 -0.959923
vt 0.132870 -0.943989
vt 0.151510 -0.973582
vt 0.138829 -0.921084
vt 0.132898 -0.907424
vt 0.129128 -0.888664
vt 0.115259 -0.940662
vt 0.113547 -0.922617
vt 0.113194 -0.903592
vt 0.098870 -0.941453
vt 0.090340 -0.932655
vt 0.078350 -0.932777
vt 0.083110 -0.940822
vt 0.076436 -0.940143
vt 0.067851 -0.940188
vt 0.067851 -0.929738
vt 0.067851 -0.918305
vt 0.082858 -0.911379
vt 0.105985 -0.948432
vt 0.098914 -0.915922
vt 0.083727 -0.879840
vt 0.067851 -0.893470
vt 0.104593 -0.882648
vt 0.126167 -0.855536
vt 0.097380 -0.863247
vt 0.156870 -0.867115
vt 0.067851 -0.860091
vt 0.067851 -0.840440
vt 0.100240 -0.821463
vt 0.067851 -0.820205
vt 0.101303 -0.801584
vt 0.067851 -0.801133
vt 0.067851 -0.782434
vt 0.099687 -0.769428
vt 0.134073 -0.782833
vt 0.133146 -0.801566
vt 0.161352 -0.801885
vt 0.164564 -0.781417
vt 0.133102 -0.750273
vt 0.165915 -0.750486
vt 0.134662 -0.730918
vt 0.167127 -0.730931
vt 0.196775 -0.750335
vt 0.197584 -0.730910
vt 0.099889 -0.730882
vt 0.100430 -0.749653
vt 0.195898 -0.772482
vt 0.227427 -0.749969
vt 0.226563 -0.730877
vt 0.228162 -0.769860
vt 0.135849 -0.706922
vt 0.168516 -0.706942
vt 0.199010 -0.707008
vt 0.226445 -0.707183
vt 0.138773 -0.689536
vt 0.104468 -0.689632
vt 0.109190 -0.666343
vt 0.143979 -0.669642
vt 0.156300 -0.653537
vt 0.177360 -0.652947
vt 0.174689 -0.671015
vt 0.208810 -0.652354
vt 0.204826 -0.672287
vt 0.146664 -0.645682
vt 0.177964 -0.640133
vt 0.229166 -0.672914
vt 0.236436 -0.630700
vt 0.205472 -0.626794
vt 0.171157 -0.689319
vt 0.201425 -0.689418
vt 0.227471 -0.689292
vt 0.232723 -0.607299
vt 0.260104 -0.585487
vt 0.243675 -0.585638
vt 0.230196 -0.602144
vt 0.203859 -0.620918
vt 0.174653 -0.628803
vt 0.141956 -0.637093
vt 0.105775 -0.648676
vt 0.067851 -0.674472
vt 0.067851 -0.656755
vt 0.067851 -0.689623
vt 0.102126 -0.706998
vt 0.067851 -0.707214
vt 0.207319 -0.334762
vt 0.208528 -0.345806
vt 0.225079 -0.343636
vt 0.176868 -0.345154
vt 0.194920 -0.352974
vt 0.185520 -0.306803
vt 0.167205 -0.313587
vt 0.161378 -0.283818
vt 0.205498 -0.319649
vt 0.223741 -0.331809
vt 0.183351 -0.276726
vt 0.202392 -0.294911
vt 0.220996 -0.307552
vt 0.180524 -0.364210
vt 0.161286 -0.335145
vt 0.148304 -0.307251
vt 0.216600 -0.268696
vt 0.156896 -0.246674
vt 0.181058 -0.243985
vt 0.178785 -0.222423
vt 0.142214 -0.221628
vt 0.141351 -0.202776
vt 0.176174 -0.191940
vt 0.138858 -0.186212
vt 0.207724 -0.202630
vt 0.207724 -0.177697
vt 0.210739 -0.222713
vt 0.213579 -0.241989
vt 0.143799 -0.283971
vt 0.166362 -0.355941
vt 0.178629 -0.385428
vt 0.195435 -0.371864
vt 0.205145 -0.356493
vt 0.207740 -0.367637
vt 0.213808 -0.352023
vt 0.225889 -0.350800
vt 0.198899 -0.391990
vt 0.228170 -0.402428
vt 0.214721 -0.385108
vt 0.561497 -0.653308
vt 0.561940 -0.688230
vt 0.536313 -0.655057
vt 0.537785 -0.688632
vt 0.512840 -0.656964
vt 0.515697 -0.696552
vt 0.492403 -0.657282
vt 0.494289 -0.688439
vt 0.471173 -0.656360
vt 0.473492 -0.702735
vt 0.450084 -0.623078
vt 0.450301 -0.689001
vt 0.452627 -0.721565
vt 0.436833 -0.725591
vt 0.454727 -0.748060
vt 0.443535 -0.748683
vt 0.432178 -0.701955
vt 0.417338 -0.700808
vt 0.410939 -0.708097
vt 0.403241 -0.695453
vt 0.397151 -0.704818
vt 0.378295 -0.701236
vt 0.379203 -0.690678
vt 0.395038 -0.715519
vt 0.409831 -0.717155
vt 0.417999 -0.716633
vt 0.390624 -0.742625
vt 0.423319 -0.691904
vt 0.375667 -0.715546
vt 0.354122 -0.697239
vt 0.356467 -0.685696
vt 0.327396 -0.692391
vt 0.341199 -0.682330
vt 0.314381 -0.688423
vt 0.321252 -0.696963
vt 0.307800 -0.696223
vt 0.338256 -0.701534
vt 0.303952 -0.683865
vt 0.293504 -0.694373
vt 0.304876 -0.704233
vt 0.316170 -0.730094
vt 0.296330 -0.744816
vt 0.286427 -0.721968
vt 0.334428 -0.727590
vt 0.288938 -0.704535
vt 0.354960 -0.715897
vt 0.333027 -0.765979
vt 0.348577 -0.763750
vt 0.371193 -0.744849
vt 0.366390 -0.770194
vt 0.409274 -0.757310
vt 0.425273 -0.752368
vt 0.420561 -0.773453
vt 0.428174 -0.760311
vt 0.436389 -0.775712
vt 0.437071 -0.767609
vt 0.442997 -0.753398
vt 0.452747 -0.760137
vt 0.425308 -0.799358
vt 0.435120 -0.800352
vt 0.418905 -0.785822
vt 0.415556 -0.798558
vt 0.450504 -0.803710
vt 0.442025 -0.774678
vt 0.422251 -0.835600
vt 0.440260 -0.831862
vt 0.442025 -0.855156
vt 0.421433 -0.856574
vt 0.442197 -0.879140
vt 0.418327 -0.880442
vt 0.443170 -0.902178
vt 0.414354 -0.902425
vt 0.407994 -0.933432
vt 0.446801 -0.929688
vt 0.459610 -0.848105
vt 0.471326 -0.893925
vt 0.483938 -0.917015
vt 0.513382 -0.895527
vt 0.492288 -0.881771
vt 0.462609 -0.873368
vt 0.480991 -0.865776
vt 0.508896 -0.862082
vt 0.495155 -0.853698
vt 0.478928 -0.841307
vt 0.496026 -0.837242
vt 0.529286 -0.871516
vt 0.516767 -0.839392
vt 0.519931 -0.815274
vt 0.498230 -0.814077
vt 0.538240 -0.843406
vt 0.540026 -0.815807
vt 0.520556 -0.789146
vt 0.540041 -0.766292
vt 0.520069 -0.765263
vt 0.499650 -0.789729
vt 0.475338 -0.789673
vt 0.480220 -0.815459
vt 0.501307 -0.765794
vt 0.483669 -0.767349
vt 0.551467 -0.878638
vt 0.534320 -0.908839
vt 0.499427 -0.937608
vt 0.560245 -0.847290
vt 0.562421 -0.819256
vt 0.562351 -0.790687
vt 0.561899 -0.767755
vt 0.453771 -0.958701
vt 0.561791 -0.746088
vt 0.539893 -0.741414
vt 0.518746 -0.742801
vt 0.498031 -0.737092
vt 0.476586 -0.743690
vt 0.467462 -0.767668
vt 0.459767 -0.819444
vt 0.456199 -0.768902
vt 0.455881 -0.785186
vt 0.561954 -0.719053
vt 0.494706 -0.320226
vt 0.495105 -0.330791
vt 0.518164 -0.329880
vt 0.543472 -0.320593
vt 0.543793 -0.331867
vt 0.471918 -0.318973
vt 0.471822 -0.331257
vt 0.570700 -0.332528
vt 0.570700 -0.320622
vt 0.570700 -0.342119
vt 0.544289 -0.343430
vt 0.518820 -0.342612
vt 0.543957 -0.355070
vt 0.518949 -0.355468
vt 0.494005 -0.343174
vt 0.495656 -0.355890
vt 0.471522 -0.344761
vt 0.445721 -0.333413
vt 0.447013 -0.348212
vt 0.417752 -0.336384
vt 0.394326 -0.340685
vt 0.398556 -0.355178
vt 0.381914 -0.358170
vt 0.380355 -0.342032
vt 0.381960 -0.321729
vt 0.362413 -0.305737
vt 0.365741 -0.341969
vt 0.339008 -0.319681
vt 0.340800 -0.336567
vt 0.398738 -0.321363
vt 0.315015 -0.320399
vt 0.313444 -0.305794
vt 0.338504 -0.283610
vt 0.314537 -0.286414
vt 0.360459 -0.283769
vt 0.383142 -0.305598
vt 0.382536 -0.283175
vt 0.403323 -0.304352
vt 0.403496 -0.282137
vt 0.317064 -0.344976
vt 0.294049 -0.320622
vt 0.294049 -0.332528
vt 0.294049 -0.342119
vt 0.422610 -0.320617
vt 0.447690 -0.318832
vt 0.426209 -0.304927
vt 0.426072 -0.283275
vt 0.426071 -0.261956
vt 0.445153 -0.283542
vt 0.447844 -0.303623
vt 0.462224 -0.284104
vt 0.471108 -0.303365
vt 0.481319 -0.283396
vt 0.495280 -0.304801
vt 0.497710 -0.283356
vt 0.498114 -0.258504
vt 0.516047 -0.258448
vt 0.517415 -0.303381
vt 0.483985 -0.258057
vt 0.532055 -0.257793
vt 0.533322 -0.285650
vt 0.542084 -0.307074
vt 0.570700 -0.305983
vt 0.551231 -0.286437
vt 0.551282 -0.267617
vt 0.570700 -0.287689
vt 0.570700 -0.275890
vt 0.570700 -0.268515
vt 0.470842 -0.264915
vt 0.294094 -0.275198
vt 0.294049 -0.287689
vt 0.294049 -0.305983
vt 0.356008 -0.204680
vt 0.353746 -0.177259
vt 0.335186 -0.202537
vt 0.323782 -0.172221
vt 0.352685 -0.144157
vt 0.323854 -0.142191
vt 0.315905 -0.200873
vt 0.314088 -0.225893
vt 0.294049 -0.223260
vt 0.294049 -0.199170
vt 0.375688 -0.204384
vt 0.382192 -0.177252
vt 0.381372 -0.144170
vt 0.351283 -0.112300
vt 0.380963 -0.111157
vt 0.406022 -0.110333
vt 0.406522 -0.079055
vt 0.380332 -0.079120
vt 0.380080 -0.057212
vt 0.404566 -0.056065
vt 0.378877 -0.025153
vt 0.404076 -0.021426
vt 0.407197 -0.143266
vt 0.424280 -0.079967
vt 0.422676 -0.055663
vt 0.407772 -0.176040
vt 0.395464 -0.203115
vt 0.419053 -0.201896
vt 0.435467 -0.175493
vt 0.439246 -0.201280
vt 0.423092 -0.223600
vt 0.442489 -0.221324
vt 0.460177 -0.201076
vt 0.460873 -0.219031
vt 0.459552 -0.176654
vt 0.475476 -0.218735
vt 0.479312 -0.201510
vt 0.486886 -0.177464
vt 0.496748 -0.200855
vt 0.513242 -0.176412
vt 0.514655 -0.200357
vt 0.533628 -0.199463
vt 0.541421 -0.174549
vt 0.552759 -0.197698
vt 0.537518 -0.218611
vt 0.552931 -0.218352
vt 0.570700 -0.195325
vt 0.570700 -0.218026
vt 0.570700 -0.171275
vt 0.539798 -0.143593
vt 0.511479 -0.145502
vt 0.486076 -0.146203
vt 0.459909 -0.145648
vt 0.433732 -0.144777
vt 0.433175 -0.110727
vt 0.540130 -0.113818
vt 0.509720 -0.113682
vt 0.485803 -0.113418
vt 0.509927 -0.082452
vt 0.487280 -0.079472
vt 0.539905 -0.083632
vt 0.570700 -0.086252
vt 0.570700 -0.113270
vt 0.570700 -0.138688
vt 0.570700 -0.063085
vt 0.530646 -0.063592
vt 0.509582 -0.062756
vt 0.510515 -0.037598
vt 0.531728 -0.028588
vt 0.553328 -0.041773
vt 0.554587 -0.026091
vt 0.570700 -0.042593
vt 0.490879 -0.040410
vt 0.491595 -0.026439
vt 0.470974 -0.060646
vt 0.458865 -0.078378
vt 0.458379 -0.111443
vt 0.438995 -0.079654
vt 0.437464 -0.056502
vt 0.469378 -0.039610
vt 0.452504 -0.039963
vt 0.435627 -0.038696
vt 0.421302 -0.037698
vt 0.355786 -0.025597
vt 0.353668 -0.058065
vt 0.332540 -0.042951
vt 0.332159 -0.024991
vt 0.350250 -0.079160
vt 0.328114 -0.059490
vt 0.312333 -0.060879
vt 0.312660 -0.040417
vt 0.294049 -0.063085
vt 0.294049 -0.042593
vt 0.294049 -0.086252
vt 0.323529 -0.112022
vt 0.294049 -0.113270
vt 0.294049 -0.138688
vt 0.294049 -0.173495
vt 0.322617 -0.081560
vt 0.313585 -0.022824
vt 0.294049 -0.025727
vt 0.327024 -0.005353
vt 0.356513 -0.005353
vt 0.376658 -0.005353
vt 0.402817 -0.005353
vt 0.425642 -0.005353
vt 0.420352 -0.022210
vt 0.294049 -0.005353
vt 0.436889 -0.022595
vt 0.451606 -0.024506
vt 0.468394 -0.026287
vt 0.452901 -0.005353
vt 0.490086 -0.005353
vt 0.513247 -0.005353
vt 0.534734 -0.005353
vt 0.570700 -0.005353
vt 0.570700 -0.025727
vt 0.570700 -0.417186
vt 0.570700 -0.390334
vt 0.544196 -0.388404
vt 0.544291 -0.418710
vt 0.518673 -0.370269
vt 0.519384 -0.427609
vt 0.497973 -0.419372
vt 0.497822 -0.390223
vt 0.476950 -0.393820
vt 0.476994 -0.422263
vt 0.473963 -0.360191
vt 0.496293 -0.369668
vt 0.543446 -0.369323
vt 0.449935 -0.362536
vt 0.426152 -0.366919
vt 0.403541 -0.371650
vt 0.384856 -0.374605
vt 0.430039 -0.389398
vt 0.411239 -0.394238
vt 0.389389 -0.395347
vt 0.413167 -0.414876
vt 0.391405 -0.414440
vt 0.570700 -0.354457
vt 0.570700 -0.369339
vt 0.370337 -0.413462
vt 0.367206 -0.392354
vt 0.361041 -0.372989
vt 0.363604 -0.357498
vt 0.340934 -0.352236
vt 0.351095 -0.407735
vt 0.352986 -0.430741
vt 0.370708 -0.436215
vt 0.371663 -0.458835
vt 0.353482 -0.455044
vt 0.352468 -0.480572
vt 0.371441 -0.482646
vt 0.352115 -0.502917
vt 0.370093 -0.502848
vt 0.369132 -0.529119
vt 0.351203 -0.529636
vt 0.333297 -0.501816
vt 0.333370 -0.526499
vt 0.314280 -0.524970
vt 0.314555 -0.499475
vt 0.369989 -0.551499
vt 0.353796 -0.570700
vt 0.333671 -0.548166
vt 0.334462 -0.567742
vt 0.356567 -0.589945
vt 0.335765 -0.582688
vt 0.359378 -0.607952
vt 0.336614 -0.589337
vt 0.372579 -0.573970
vt 0.375818 -0.594528
vt 0.396399 -0.597274
vt 0.393952 -0.575307
vt 0.407542 -0.596274
vt 0.314419 -0.566440
vt 0.294049 -0.568013
vt 0.294049 -0.546723
vt 0.314136 -0.581267
vt 0.294049 -0.581267
vt 0.313798 -0.585609
vt 0.294049 -0.585609
vt 0.378625 -0.610128
vt 0.399797 -0.612608
vt 0.294049 -0.522881
vt 0.294049 -0.496629
vt 0.315154 -0.474642
vt 0.294049 -0.469916
vt 0.314841 -0.448570
vt 0.333937 -0.477904
vt 0.333923 -0.451304
vt 0.332706 -0.424885
vt 0.314002 -0.420264
vt 0.331899 -0.401430
vt 0.313551 -0.395383
vt 0.294049 -0.417186
vt 0.294049 -0.390334
vt 0.329651 -0.381582
vt 0.314375 -0.376399
vt 0.294049 -0.369339
vt 0.294049 -0.354457
vt 0.317116 -0.361876
vt 0.348527 -0.387025
vt 0.341041 -0.368597
vt 0.570700 -0.579691
vt 0.570700 -0.566197
vt 0.552374 -0.563853
vt 0.549424 -0.579995
vt 0.553616 -0.544916
vt 0.570700 -0.546096
vt 0.531606 -0.562509
vt 0.528317 -0.585222
vt 0.508735 -0.578704
vt 0.510279 -0.561929
vt 0.488944 -0.561738
vt 0.489994 -0.578926
vt 0.512729 -0.524907
vt 0.534225 -0.529912
vt 0.466516 -0.556074
vt 0.469736 -0.585802
vt 0.447585 -0.589859
vt 0.451688 -0.607095
vt 0.423625 -0.593755
vt 0.425379 -0.612514
vt 0.473250 -0.597329
vt 0.492073 -0.587599
vt 0.508525 -0.585353
vt 0.548931 -0.585478
vt 0.570700 -0.585609
vt 0.419503 -0.548407
vt 0.441400 -0.525327
vt 0.489336 -0.542313
vt 0.554105 -0.523082
vt 0.570700 -0.522881
vt 0.490305 -0.520868
vt 0.464982 -0.522233
vt 0.472307 -0.501830
vt 0.458296 -0.502746
vt 0.457767 -0.479355
vt 0.440554 -0.481527
vt 0.440102 -0.456348
vt 0.455964 -0.428534
vt 0.476099 -0.451191
vt 0.455765 -0.400701
vt 0.432709 -0.409982
vt 0.433365 -0.435333
vt 0.413980 -0.437731
vt 0.474618 -0.478578
vt 0.496975 -0.449632
vt 0.540650 -0.449284
vt 0.570700 -0.444822
vt 0.494863 -0.476972
vt 0.515708 -0.476534
vt 0.493230 -0.500451
vt 0.514713 -0.499982
vt 0.535614 -0.499511
vt 0.555191 -0.497895
vt 0.570700 -0.496629
vt 0.537762 -0.474609
vt 0.570700 -0.469916
vt 0.556362 -0.471056
vt 0.931945 -0.024281
vt 0.926580 -0.036058
vt 0.942423 -0.043407
vt 0.948507 -0.032125
vt 0.955960 -0.068525
vt 0.963644 -0.053328
vt 0.913641 -0.026232
vt 0.914673 -0.038088
vt 0.936176 -0.011661
vt 0.914947 -0.012953
vt 0.956568 -0.022409
vt 0.973353 -0.046788
vt 0.936379 -0.059258
vt 0.919130 -0.050145
vt 0.905430 -0.045622
vt 0.951921 -0.093997
vt 0.961974 -0.098700
vt 0.970829 -0.077687
vt 0.973185 -0.100841
vt 0.984661 -0.100058
vt 0.982478 -0.072336
vt 0.963342 -0.116938
vt 0.946129 -0.117704
vt 0.978911 -0.133455
vt 0.976097 -0.116576
vt 0.988374 -0.135194
vt 0.988120 -0.163420
vt 0.980936 -0.179181
vt 0.959738 -0.157288
vt 0.937988 -0.140169
vt 0.921648 -0.101448
vt 0.913135 -0.123279
vt 0.928952 -0.161359
vt 0.905111 -0.144729
vt 0.988120 -0.184464
vt 0.988120 -0.208717
vt 0.981071 -0.233644
vt 0.955847 -0.210231
vt 0.954012 -0.186508
vt 0.912626 -0.193871
vt 0.898758 -0.160764
vt 0.927905 -0.190016
vt 0.889546 -0.183245
vt 0.930560 -0.213133
vt 0.898138 -0.089582
vt 0.926563 -0.088805
vt 0.903374 -0.078892
vt 0.881024 -0.045282
vt 0.866704 -0.057002
vt 0.880736 -0.066603
vt 0.873061 -0.034792
vt 0.856856 -0.050277
vt 0.853616 -0.068181
vt 0.844373 -0.062052
vt 0.830725 -0.090550
vt 0.824411 -0.086773
vt 0.806505 -0.118259
vt 0.802400 -0.114644
vt 0.783335 -0.146173
vt 0.826134 -0.134288
vt 0.803503 -0.159784
vt 0.779458 -0.143956
vt 0.871084 -0.079341
vt 0.849424 -0.107294
vt 0.823440 -0.172052
vt 0.846103 -0.149220
vt 0.803855 -0.200570
vt 0.843114 -0.182576
vt 0.780900 -0.192681
vt 0.873589 -0.176669
vt 0.877882 -0.149629
vt 0.881698 -0.132691
vt 0.887204 -0.110566
vt 0.882759 -0.084415
vt 0.868982 -0.109798
vt 0.865298 -0.129491
vt 0.846814 -0.131413
vt 0.819389 -0.074599
vt 0.819099 -0.049173
vt 0.790576 -0.057142
vt 0.806960 -0.088391
vt 0.800709 -0.029344
vt 0.787012 -0.097023
vt 0.755768 -0.049133
vt 0.768808 -0.098425
vt 0.776575 -0.015673
vt 0.758810 -0.009775
vt 0.745880 -0.008223
vt 0.739448 -0.095081
vt 0.753498 -0.098407
vt 0.730761 -0.008433
vt 0.703615 -0.009718
vt 0.687061 -0.038313
vt 0.713944 -0.081807
vt 0.686914 -0.065936
vt 0.652415 -0.039250
vt 0.681938 -0.011256
vt 0.656414 -0.010744
vt 0.620304 -0.009849
vt 0.618184 -0.041232
vt 0.581053 -0.040335
vt 0.590061 -0.019634
vt 0.588809 -0.064150
vt 0.619752 -0.070098
vt 0.652054 -0.062707
vt 0.986650 -0.117284
vt 0.283455 -0.852937
vt 0.282822 -0.837947
vt 0.286412 -0.874348
vt 0.296127 -0.909837
vt 0.321676 -0.900243
vt 0.304328 -0.872072
vt 0.342831 -0.950467
vt 0.298311 -0.851777
vt 0.296191 -0.836434
vt 0.312580 -0.850617
vt 0.321525 -0.869013
vt 0.329841 -0.849364
vt 0.341559 -0.865363
vt 0.339551 -0.890928
vt 0.356826 -0.881015
vt 0.381755 -0.895710
vt 0.370055 -0.911302
vt 0.356780 -0.928855
vt 0.378440 -0.867985
vt 0.399481 -0.877457
vt 0.402434 -0.855252
vt 0.383424 -0.852751
vt 0.388192 -0.838486
vt 0.392834 -0.819964
vt 0.384291 -0.802930
vt 0.383358 -0.785849
vt 0.383541 -0.770340
vt 0.404361 -0.964607
vt 0.279469 -0.780315
vt 0.281370 -0.762392
vt 0.278992 -0.800721
vt 0.288294 -0.785539
vt 0.291982 -0.766989
vt 0.293004 -0.778736
vt 0.282504 -0.821471
vt 0.363993 -0.657615
vt 0.385668 -0.666022
vt 0.406058 -0.678049
vt 0.410793 -0.669374
vt 0.429300 -0.680767
vt 0.427871 -0.650258
vt 0.400358 -0.642274
vt 0.385818 -0.657842
vt 0.424499 -0.623078
vt 0.469095 -0.623078
vt 0.490558 -0.623078
vt 0.507238 -0.623078
vt 0.531216 -0.623078
vt 0.557299 -0.623078
vt 0.574373 -0.623078
vt 0.368610 -0.652560
vt 0.397972 -0.623078
vt 0.407961 -0.623078
vt 0.385119 -0.623078
vt 0.374119 -0.623078
vt 0.318547 -0.764419
vt 0.107490 -0.278306
vt 0.089778 -0.279213
vt 0.095091 -0.295914
vt 0.106709 -0.310914
vt 0.104328 -0.324433
vt 0.840718 -0.304834
vt 0.030235 -0.342069
vt 0.037057 -0.343412
vt 0.031999 -0.330099
vt 0.037381 -0.311489
vt 0.038080 -0.300423
vt 0.040434 -0.285270
vt 0.035960 -0.265030
vt 0.988120 -0.267811
vt 0.974929 -0.267849
vt 0.974650 -0.286316
vt 0.988120 -0.286406
vt 0.975655 -0.305892
vt 0.988120 -0.307116
vt 0.974349 -0.330031
vt 0.988121 -0.332339
vt 0.962414 -0.268311
vt 0.942678 -0.287762
vt 0.942678 -0.270301
vt 0.962415 -0.305312
vt 0.961062 -0.331558
vt 0.942678 -0.304022
vt 0.942678 -0.334409
vt 0.963656 -0.239008
vt 0.942678 -0.239786
vt 0.974390 -0.247015
vt 0.988120 -0.240989
vt 0.884507 -0.947449
vt 0.885932 -0.962159
vt 0.910140 -0.973782
vt 0.897480 -0.989429
vt 0.865628 -0.946470
vt 0.848995 -0.946681
vt 0.867652 -0.957774
vt 0.822917 -0.929729
vt 0.881843 -0.966230
vt 0.891960 -0.991861
vt 0.093536 -0.941867
vt 0.098764 -0.953979
vt 0.092066 -0.951770
vt 0.093641 -0.967917
vt 0.105784 -0.968664
vt 0.098460 -0.984385
vt 0.123093 -0.973692
vt 0.119819 -0.952913
vt 0.140056 -0.980365
vt 0.134055 -0.996537
vt 0.116117 -0.993771
vt 0.157459 -0.988969
vt 0.170244 -0.985644
vt 0.184452 -0.981813
vt 0.210649 -0.973812
vt 0.230171 -0.967534
vt 0.145930 -0.991882
vt 0.097478 -0.989377
vt 0.897609 -0.032221
vt 0.894367 -0.018522
vt 0.195090 -0.801645
vt 0.224731 -0.801291
vt 0.229844 -0.820799
vt 0.209214 -0.841714
vt 0.209186 -0.820844
vt 0.231975 -0.878277
vt 0.221916 -0.902669
vt 0.204690 -0.882910
vt 0.187731 -0.821325
vt 0.186552 -0.855486
vt 0.157709 -0.822185
vt 0.129948 -0.821946
vt 0.054406 -0.593070
vt 0.071030 -0.581951
vt 0.094737 -0.577394
vt 0.106344 -0.591972
vt 0.121439 -0.585484
vt 0.092392 -0.601176
vt 0.056288 -0.614576
vt 0.079928 -0.609526
vt 0.123538 -0.600230
vt 0.170443 -0.586718
vt 0.186981 -0.571130
vt 0.776852 -0.716114
vt 0.761865 -0.716332
vt 0.440612 -0.503691
vt 0.421747 -0.502564
vt 0.420742 -0.481506
vt 0.402859 -0.502695
vt 0.403947 -0.482807
vt 0.416824 -0.458318
vt 0.402903 -0.459247
vt 0.391017 -0.437835
vt 0.389187 -0.459773
vt 0.389194 -0.482955
vt 0.388546 -0.503278
vt 0.389248 -0.529055
vt 0.390621 -0.550473
vt 0.405214 -0.549880
vt 0.403315 -0.529718
vt 0.420180 -0.527053
vt 0.294049 -0.444822
vt 0.917043 -0.823035
vt 0.942503 -0.830923
vt 0.897005 -0.824077
vt 0.879918 -0.825373
vt 0.858451 -0.828595
vt 0.862142 -0.854780
vt 0.846389 -0.851160
vt 0.838679 -0.820585
vt 0.849107 -0.806600
vt 0.094155 -0.378202
vt 0.446131 -0.234397
vt 0.462565 -0.231863
vt 0.489875 -0.218306
vt 0.506825 -0.218666
vt 0.523755 -0.218498
vt 0.757042 -0.169714
vt 0.769981 -0.164245
vt 0.766318 -0.185094
vt 0.989205 -0.633931
vt 0.989205 -0.605652
vt 0.846738 -0.436856
vt 0.867029 -0.439347
vt 0.889062 -0.431526
vt 0.324241 -0.812378
vt 0.311008 -0.805985
vt 0.324241 -0.812378
vt 0.311008 -0.805985

# Faces
g Object_2
usemtl CoC_iOS_HER_PPA_SEN_B
# MOO:NODEID:6465747118
f 2/1 1/2 3/3 
f 3/3 1/2 4/4 
f 5/5 3/3 4/4 
f 6/6 5/5 4/4 
f 7/7 1/2 2/1 
f 8/8 1/2 7/7 
f 9/9 7/7 2/1 
f 8/10 7/7 9/9 
f 10/11 8/10 9/9 
f 11/12 8/10 10/11 
f 12/13 11/12 10/11 
f 5/14 2/1 3/15 
f 11/16 6/17 8/8 
f 6/17 4/18 1/2 
f 6/17 1/2 8/8 
f 5/14 10/19 2/1 
f 10/19 9/9 2/1 
f 12/20 10/19 5/14 
f 15/21 13/22 14/23 
f 16/24 15/21 14/23 
f 17/25 15/21 16/24 
f 18/26 17/25 16/24 
f 14/23 13/22 19/27 
f 20/28 14/23 19/27 
f 13/22 21/29 19/27 
f 20/30 19/27 21/29 
f 22/31 20/30 21/29 
f 23/32 20/30 22/31 
f 24/33 23/32 22/31 
f 17/34 13/22 15/35 
f 17/34 22/36 13/22 
f 22/36 21/29 13/22 
f 24/37 22/36 17/34 
f 23/38 18/39 20/28 
f 18/39 14/23 20/28 
f 18/39 16/40 14/23 
f 27/41 25/42 26/43 
f 28/44 27/41 26/43 
f 29/45 27/41 28/44 
f 30/46 29/45 28/44 
f 26/43 25/42 31/47 
f 25/42 32/48 31/47 
f 33/49 31/47 32/48 
f 34/50 33/49 32/48 
f 35/51 33/49 34/50 
f 36/52 35/51 34/50 
f 34/53 32/48 25/42 
f 33/54 26/43 31/47 
f 29/55 34/53 25/42 
f 36/56 34/53 29/55 
f 29/55 25/42 27/57 
f 35/58 30/59 33/54 
f 30/59 26/43 33/54 
f 30/59 28/60 26/43 
f 37/61 39/62 38/63 
f 39/62 40/64 38/63 
f 39/62 41/65 40/64 
f 41/65 42/66 40/64 
f 38/63 43/67 37/61 
f 38/63 44/68 43/67 
f 43/67 45/69 37/61 
f 43/67 44/70 45/69 
f 44/70 46/71 45/69 
f 44/70 47/72 46/71 
f 47/72 48/73 46/71 
f 37/61 41/74 39/75 
f 40/76 42/77 38/63 
f 42/77 47/78 44/68 
f 38/63 42/77 44/68 
f 46/79 41/74 37/61 
f 45/69 46/79 37/61 
f 46/79 48/80 41/74 
f 49/81 51/82 50/83 
f 51/82 52/84 50/83 
f 51/82 53/85 52/84 
f 53/85 54/86 52/84 
f 49/81 50/83 55/87 
f 50/83 56/88 55/87 
f 57/89 49/81 55/87 
f 55/87 56/90 57/89 
f 56/90 58/91 57/89 
f 56/90 59/92 58/91 
f 59/92 60/93 58/91 
f 49/81 53/94 51/95 
f 58/96 53/94 49/81 
f 57/89 58/96 49/81 
f 58/96 60/97 53/94 
f 54/98 59/99 56/88 
f 50/83 54/98 56/88 
f 52/100 54/98 50/83 
f 61/101 63/102 62/103 
f 63/102 64/104 62/103 
f 63/102 65/105 64/104 
f 65/105 66/106 64/104 
f 61/101 62/103 67/107 
f 68/108 61/101 67/107 
f 67/107 69/109 68/108 
f 69/109 70/110 68/108 
f 69/109 71/111 70/110 
f 71/111 72/112 70/110 
f 68/108 70/113 61/101 
f 62/103 69/114 67/107 
f 62/103 66/115 69/114 
f 64/116 66/115 62/103 
f 66/115 71/117 69/114 
f 70/113 72/118 65/119 
f 70/113 65/119 61/101 
f 61/101 65/119 63/120 
f 73/121 74/122 75/123 
f 76/124 73/121 75/123 
f 77/125 78/126 79/127 
f 80/128 77/125 79/127 
f 81/129 77/125 80/128 
f 82/130 81/129 80/128 
f 79/127 78/126 83/131 
f 78/126 84/132 83/131 
f 85/133 83/131 84/132 
f 85/133 84/132 86/134 
f 86/134 87/135 85/133 
f 87/135 86/134 88/136 
f 89/137 87/135 88/136 
f 89/137 91/138 87/135 
f 92/139 85/133 87/135 
f 91/138 92/139 87/135 
f 80/128 93/140 82/130 
f 93/140 80/128 94/141 
f 95/142 93/140 94/141 
f 93/140 95/142 96/143 
f 95/142 97/144 96/143 
f 96/143 97/144 98/145 
f 97/144 99/146 98/145 
f 98/145 99/146 100/147 
f 99/146 101/148 100/147 
f 96/143 98/145 102/149 
f 98/145 103/150 102/149 
f 98/145 104/151 103/150 
f 104/151 98/145 100/147 
f 106/152 100/147 101/148 
f 104/151 100/147 106/152 
f 105/153 104/151 106/152 
f 107/154 106/152 101/148 
f 106/152 107/154 108/155 
f 107/154 109/156 108/155 
f 102/149 82/130 96/143 
f 82/130 93/140 96/143 
f 102/149 110/157 82/130 
f 110/157 81/129 82/130 
f 111/158 81/129 110/157 
f 81/129 111/158 77/125 
f 111/158 112/159 77/125 
f 78/126 77/125 112/159 
f 113/160 78/126 112/159 
f 112/159 111/158 114/161 
f 115/162 112/159 114/161 
f 112/159 115/162 113/160 
f 114/161 116/163 115/162 
f 116/163 117/164 115/162 
f 115/162 117/164 118/165 
f 115/162 118/165 113/160 
f 117/164 119/166 118/165 
f 116/163 114/161 120/167 
f 121/168 116/163 120/167 
f 114/161 111/158 122/169 
f 120/167 114/161 122/169 
f 122/169 111/158 110/157 
f 121/168 120/167 123/170 
f 120/167 122/169 123/170 
f 124/171 121/168 123/170 
f 124/171 123/170 125/172 
f 123/170 126/173 125/172 
f 127/174 125/172 126/173 
f 128/175 127/174 126/173 
f 122/169 129/176 123/170 
f 123/170 129/176 130/177 
f 126/173 123/170 130/177 
f 126/173 130/177 128/175 
f 130/177 131/178 128/175 
f 122/169 110/157 129/176 
f 110/157 103/150 129/176 
f 129/176 103/150 130/177 
f 103/150 110/157 102/149 
f 103/150 132/179 130/177 
f 130/177 132/179 131/178 
f 132/179 133/180 131/178 
f 103/150 104/151 132/179 
f 132/179 104/151 105/153 
f 133/180 132/179 105/153 
f 134/181 135/182 136/183 
f 137/184 134/181 136/183 
f 138/185 134/181 137/184 
f 139/186 138/185 137/184 
f 138/185 139/186 140/187 
f 140/187 139/186 141/188 
f 139/186 142/189 141/188 
f 141/188 138/185 140/187 
f 134/181 138/185 141/188 
f 135/182 134/181 141/188 
f 142/190 143/191 144/192 
f 141/193 142/190 144/192 
f 144/192 145/194 141/193 
f 145/194 135/195 141/193 
f 135/195 145/194 146/196 
f 136/197 135/195 146/196 
f 146/196 145/194 147/198 
f 145/194 148/199 147/198 
f 145/194 144/192 148/199 
f 144/192 149/200 148/199 
f 149/200 144/192 143/191 
f 150/201 149/200 143/191 
f 147/198 148/199 151/202 
f 148/199 152/203 151/202 
f 151/202 152/203 153/204 
f 152/203 154/205 153/204 
f 148/199 154/205 152/203 
f 153/204 154/205 155/206 
f 154/205 156/207 155/206 
f 154/205 148/199 156/207 
f 148/199 149/200 156/207 
f 157/208 155/206 156/207 
f 158/209 157/208 156/207 
f 156/207 159/210 158/209 
f 159/210 149/200 150/201 
f 159/210 156/207 149/200 
f 160/211 159/210 150/201 
f 157/208 158/209 161/212 
f 162/213 161/212 158/209 
f 163/214 162/213 158/209 
f 162/213 163/214 164/215 
f 163/214 165/216 164/215 
f 166/217 164/215 165/216 
f 167/218 166/217 165/216 
f 159/210 168/219 158/209 
f 158/209 168/219 163/214 
f 168/219 169/220 163/214 
f 163/214 169/220 165/216 
f 169/220 170/221 165/216 
f 165/216 170/221 167/218 
f 170/221 171/222 167/218 
f 172/223 166/217 167/218 
f 173/224 172/223 167/218 
f 167/218 171/222 173/224 
f 172/223 173/224 174/225 
f 173/224 175/226 174/225 
f 171/222 176/227 173/224 
f 177/228 175/226 173/224 
f 176/227 177/228 173/224 
f 178/229 175/226 177/228 
f 169/220 179/230 170/221 
f 180/231 179/230 169/220 
f 168/219 180/231 169/220 
f 181/232 180/231 168/219 
f 159/210 181/232 168/219 
f 160/211 181/232 159/210 
f 171/222 182/233 176/227 
f 182/233 170/221 179/230 
f 171/222 170/221 182/233 
f 182/233 183/234 176/227 
f 177/228 176/227 183/234 
f 184/235 177/228 183/234 
f 177/228 184/235 178/229 
f 184/235 185/236 178/229 
f 178/229 185/236 186/237 
f 187/238 178/229 186/237 
f 178/229 187/238 188/239 
f 175/226 178/229 188/239 
f 174/225 175/226 188/239 
f 189/240 174/225 188/239 
f 189/240 188/239 190/241 
f 190/241 188/239 187/238 
f 191/242 189/240 190/241 
f 191/242 190/241 192/243 
f 190/241 193/244 192/243 
f 194/245 192/243 193/244 
f 195/246 194/245 193/244 
f 194/245 195/246 196/247 
f 195/246 197/248 196/247 
f 196/247 197/248 198/249 
f 197/248 199/250 198/249 
f 199/250 197/248 195/246 
f 200/251 198/249 199/250 
f 201/252 200/251 199/250 
f 200/251 201/252 202/253 
f 201/252 203/254 202/253 
f 204/255 202/253 203/254 
f 205/256 204/255 203/254 
f 206/257 204/255 205/256 
f 207/258 206/257 205/256 
f 206/257 207/258 208/259 
f 209/260 206/257 208/259 
f 210/261 209/260 208/259 
f 211/262 210/261 208/259 
f 212/263 210/261 211/262 
f 213/264 212/263 211/262 
f 212/263 213/264 214/265 
f 213/264 215/266 214/265 
f 215/266 216/267 214/265 
f 214/265 216/267 217/268 
f 216/267 218/269 217/268 
f 207/258 205/256 219/270 
f 220/271 219/270 205/256 
f 221/272 207/258 219/270 
f 222/273 207/258 221/272 
f 211/262 208/259 223/274 
f 223/274 208/259 222/273 
f 213/264 211/262 224/275 
f 224/275 211/262 223/274 
f 225/276 213/264 224/275 
f 215/266 213/264 225/276 
f 226/277 215/266 225/276 
f 215/266 226/277 227/278 
f 216/267 215/266 227/278 
f 228/279 227/278 226/277 
f 227/278 228/279 229/280 
f 230/281 227/278 229/280 
f 227/278 230/281 231/282 
f 230/281 232/283 231/282 
f 233/284 231/282 232/283 
f 234/285 233/284 232/283 
f 229/280 228/279 235/286 
f 228/279 236/287 235/286 
f 236/287 228/279 226/277 
f 225/276 236/287 226/277 
f 235/286 236/287 237/288 
f 236/287 238/289 237/288 
f 238/289 236/287 225/276 
f 224/275 238/289 225/276 
f 239/290 237/288 238/289 
f 240/291 239/290 238/289 
f 239/290 240/291 241/292 
f 240/291 242/293 241/292 
f 241/292 242/293 243/294 
f 242/293 244/295 243/294 
f 245/296 243/294 244/295 
f 246/297 245/296 244/295 
f 247/298 245/296 246/297 
f 248/299 247/298 246/297 
f 247/298 248/299 249/300 
f 248/299 250/301 249/300 
f 250/301 251/302 249/300 
f 249/300 251/302 252/303 
f 251/302 253/304 252/303 
f 252/303 253/304 254/305 
f 253/304 255/306 254/305 
f 244/295 242/293 222/273 
f 221/272 244/295 222/273 
f 246/297 244/295 221/272 
f 250/301 248/299 220/271 
f 256/307 250/301 220/271 
f 251/302 250/301 256/307 
f 256/307 220/271 203/254 
f 201/252 256/307 203/254 
f 257/308 256/307 201/252 
f 257/308 251/302 256/307 
f 253/304 251/302 257/308 
f 199/250 257/308 201/252 
f 257/308 199/250 195/246 
f 195/246 253/304 257/308 
f 203/254 220/271 205/256 
f 195/246 193/244 253/304 
f 253/304 193/244 255/306 
f 193/244 190/241 255/306 
f 255/306 190/241 187/238 
f 255/306 187/238 254/305 
f 187/238 186/237 254/305 
f 222/273 208/259 207/258 
f 223/274 222/273 242/293 
f 240/291 223/274 242/293 
f 223/274 240/291 224/275 
f 240/291 238/289 224/275 
f 258/309 259/310 260/311 
f 261/312 258/309 260/311 
f 260/311 259/310 262/313 
f 259/310 263/314 262/313 
f 264/315 262/313 263/314 
f 265/316 264/315 263/314 
f 264/315 265/316 266/317 
f 265/316 267/318 266/317 
f 266/317 267/318 268/319 
f 267/318 269/320 268/319 
f 270/321 268/319 269/320 
f 271/322 270/321 269/320 
f 270/321 271/322 272/323 
f 271/322 273/324 272/323 
f 274/325 258/309 261/312 
f 275/326 274/325 261/312 
f 274/325 275/326 276/327 
f 275/326 277/328 276/327 
f 278/329 276/327 277/328 
f 278/329 274/325 276/327 
f 279/330 278/329 277/328 
f 265/316 280/331 267/318 
f 280/331 265/316 263/314 
f 281/332 280/331 263/314 
f 280/331 281/332 282/333 
f 283/334 280/331 282/333 
f 284/335 280/331 283/334 
f 285/336 284/335 283/334 
f 280/331 284/335 267/318 
f 281/332 263/314 286/337 
f 263/314 259/310 286/337 
f 287/338 282/333 281/332 
f 286/337 287/338 281/332 
f 286/337 259/310 288/339 
f 259/310 258/309 288/339 
f 286/337 288/339 289/340 
f 287/338 286/337 289/340 
f 258/309 290/341 288/339 
f 288/339 290/341 291/342 
f 289/340 288/339 291/342 
f 258/309 274/325 290/341 
f 292/343 290/341 274/325 
f 278/329 292/343 274/325 
f 292/343 278/329 293/344 
f 294/345 291/342 290/341 
f 292/343 294/345 290/341 
f 292/343 293/344 295/346 
f 294/345 292/343 295/346 
f 296/347 269/320 267/318 
f 271/322 269/320 296/347 
f 297/348 271/322 296/347 
f 271/322 297/348 298/349 
f 273/324 271/322 298/349 
f 273/324 298/349 299/350 
f 299/350 300/351 273/324 
f 300/351 272/323 273/324 
f 301/352 300/351 299/350 
f 302/353 301/352 299/350 
f 299/350 298/349 302/353 
f 303/354 301/352 302/353 
f 304/355 303/354 302/353 
f 297/348 296/347 305/356 
f 296/347 306/357 305/356 
f 296/347 284/335 306/357 
f 284/335 296/347 267/318 
f 284/335 285/336 306/357 
f 297/348 305/356 307/358 
f 298/349 297/348 307/358 
f 308/359 298/349 307/358 
f 298/349 308/359 302/353 
f 309/360 308/359 307/358 
f 302/353 308/359 310/361 
f 304/355 302/353 310/361 
f 308/359 309/360 310/361 
f 309/360 311/362 310/361 
f 312/363 310/361 311/362 
f 313/364 312/363 311/362 
f 312/363 313/364 314/365 
f 313/364 315/366 314/365 
f 314/365 315/366 316/367 
f 315/366 317/368 316/367 
f 317/368 318/369 316/367 
f 319/370 318/369 317/368 
f 320/371 319/370 317/368 
f 321/372 319/370 320/371 
f 319/370 321/372 322/373 
f 322/373 321/372 278/374 
f 278/374 279/375 322/373 
f 279/375 323/376 322/373 
f 322/373 323/376 324/377 
f 324/377 319/370 322/373 
f 323/376 325/378 324/377 
f 326/379 324/377 325/378 
f 326/379 319/370 324/377 
f 327/380 326/379 325/378 
f 321/372 293/381 278/374 
f 293/381 321/372 328/382 
f 328/382 321/372 320/371 
f 295/383 293/381 328/382 
f 318/369 319/370 329/384 
f 326/379 329/384 319/370 
f 330/385 326/379 327/380 
f 331/386 330/385 327/380 
f 332/387 330/385 331/386 
f 333/388 332/387 331/386 
f 304/355 332/387 333/388 
f 303/354 304/355 333/388 
f 334/389 329/384 326/379 
f 330/385 334/389 326/379 
f 330/385 332/387 335/390 
f 334/389 330/385 335/390 
f 336/391 335/390 332/387 
f 304/355 336/391 332/387 
f 304/355 310/361 336/391 
f 336/391 310/361 312/363 
f 336/391 312/363 335/390 
f 312/363 314/365 335/390 
f 335/390 314/365 316/367 
f 334/389 335/390 316/367 
f 334/389 316/367 329/384 
f 316/367 318/369 329/384 
f 337/392 338/393 339/394 
f 340/395 337/392 339/394 
f 337/392 340/395 341/396 
f 340/395 342/397 341/396 
f 341/396 342/397 343/398 
f 344/399 341/396 343/398 
f 339/394 345/400 340/395 
f 345/400 346/401 340/395 
f 346/401 345/400 347/402 
f 348/403 346/401 347/402 
f 349/404 346/401 348/403 
f 349/404 342/397 340/395 
f 346/401 349/404 340/395 
f 342/397 349/404 343/398 
f 350/405 349/404 348/403 
f 351/406 349/404 350/405 
f 349/404 351/406 343/398 
f 352/407 351/406 350/405 
f 351/406 352/407 353/408 
f 352/407 354/409 353/408 
f 355/410 353/408 354/409 
f 356/411 355/410 354/409 
f 357/412 356/411 354/409 
f 358/413 344/399 343/398 
f 359/414 358/413 343/398 
f 359/414 343/398 351/406 
f 353/408 359/414 351/406 
f 358/413 359/414 360/415 
f 359/414 361/416 360/415 
f 353/408 355/410 361/416 
f 359/414 353/408 361/416 
f 360/415 361/416 362/417 
f 361/416 363/418 362/417 
f 363/418 361/416 355/410 
f 356/411 363/418 355/410 
f 364/419 362/417 363/418 
f 364/419 363/418 234/285 
f 363/418 233/284 234/285 
f 233/284 363/418 356/411 
f 365/420 356/411 357/412 
f 218/269 356/411 365/420 
f 218/269 233/284 356/411 
f 233/284 218/269 216/267 
f 231/282 233/284 216/267 
f 227/278 231/282 216/267 
f 217/268 218/269 365/420 
f 219/270 246/297 221/272 
f 248/299 246/297 219/270 
f 220/271 248/299 219/270 
f 366/421 367/422 368/423 
f 366/421 368/423 373/424 
f 374/425 366/421 373/424 
f 369/426 366/421 374/425 
f 375/427 369/426 374/425 
f 370/428 369/426 375/427 
f 376/429 370/428 375/427 
f 371/430 370/428 376/429 
f 377/431 371/430 376/429 
f 372/432 371/430 377/431 
f 378/433 372/432 377/431 
f 372/432 380/434 379/435 
f 382/436 381/437 379/435 
f 382/436 379/435 383/438 
f 384/439 382/436 383/438 
f 382/436 384/439 385/440 
f 385/440 386/441 382/436 
f 386/441 387/442 382/436 
f 387/442 386/441 388/443 
f 389/444 387/442 388/443 
f 390/445 389/444 388/443 
f 381/437 382/436 391/446 
f 387/442 391/446 382/436 
f 391/446 387/442 389/444 
f 393/447 392/448 394/449 
f 395/450 394/449 392/448 
f 395/450 396/451 394/449 
f 396/451 397/452 394/449 
f 394/449 397/452 393/447 
f 396/451 398/453 397/452 
f 398/453 399/454 397/452 
f 399/454 373/424 397/452 
f 397/452 373/424 368/423 
f 397/452 368/423 393/447 
f 400/455 395/450 392/448 
f 401/456 400/455 392/448 
f 389/444 401/456 392/448 
f 393/447 368/423 367/422 
f 401/456 389/444 390/445 
f 374/425 373/424 402/457 
f 374/425 403/458 375/427 
f 376/429 375/427 403/458 
f 378/433 404/459 372/432 
f 380/434 372/432 404/459 
f 380/434 404/459 405/460 
f 380/434 405/460 379/435 
f 405/460 383/438 379/435 
f 402/457 373/424 399/454 
f 406/461 407/462 408/463 
f 409/464 406/461 408/463 
f 409/464 408/463 410/465 
f 408/463 407/462 411/466 
f 412/467 408/463 411/466 
f 412/467 410/465 408/463 
f 407/462 413/468 411/466 
f 411/466 413/468 414/469 
f 415/470 411/466 414/469 
f 411/466 415/470 416/471 
f 412/467 411/466 416/471 
f 416/471 415/470 417/472 
f 417/472 415/470 414/469 
f 418/473 417/472 414/469 
f 416/471 417/472 419/474 
f 417/472 420/475 419/474 
f 417/472 418/473 420/475 
f 418/473 421/476 420/475 
f 421/476 422/477 420/475 
f 420/475 422/477 419/474 
f 422/477 423/478 419/474 
f 424/479 425/480 426/481 
f 427/482 424/479 426/481 
f 426/481 425/480 428/483 
f 425/480 429/484 428/483 
f 430/485 428/483 429/484 
f 431/486 430/485 429/484 
f 432/487 425/480 424/479 
f 433/488 432/487 424/479 
f 434/489 429/484 425/480 
f 432/487 434/489 425/480 
f 429/484 434/489 431/486 
f 434/489 435/490 431/486 
f 436/491 430/485 431/486 
f 437/492 436/491 431/486 
f 436/491 437/492 438/493 
f 437/492 439/494 438/493 
f 438/493 439/494 440/495 
f 439/494 441/496 440/495 
f 440/495 441/496 442/497 
f 441/496 443/498 442/497 
f 433/488 444/499 432/487 
f 444/499 445/500 432/487 
f 432/487 445/500 434/489 
f 445/500 446/501 434/489 
f 435/490 434/489 446/501 
f 447/502 435/490 446/501 
f 447/502 448/503 435/490 
f 437/492 431/486 435/490 
f 442/497 443/498 449/504 
f 443/498 450/505 449/504 
f 449/504 450/505 451/506 
f 450/505 452/507 451/506 
f 451/506 452/507 453/508 
f 452/507 454/509 453/508 
f 453/508 454/509 455/510 
f 454/509 456/511 455/510 
f 435/490 448/503 457/512 
f 448/503 458/513 457/512 
f 457/512 458/513 459/514 
f 458/513 460/515 459/514 
f 459/514 460/515 461/516 
f 460/515 462/517 461/516 
f 463/518 461/516 462/517 
f 464/519 463/518 462/517 
f 439/494 457/512 459/514 
f 437/492 457/512 439/494 
f 437/492 435/490 457/512 
f 439/494 459/514 441/496 
f 441/496 459/514 461/516 
f 441/496 461/516 443/498 
f 443/498 461/516 463/518 
f 463/518 464/519 465/520 
f 443/498 463/518 465/520 
f 464/519 466/521 465/520 
f 450/505 443/498 465/520 
f 450/505 465/520 452/507 
f 467/522 452/507 465/520 
f 467/522 465/520 466/521 
f 467/522 454/509 452/507 
f 467/522 468/523 454/509 
f 468/523 469/524 454/509 
f 454/509 469/524 470/525 
f 471/526 470/525 469/524 
f 456/511 454/509 470/525 
f 472/527 467/522 466/521 
f 469/524 474/528 473/529 
f 475/530 467/522 472/527 
f 468/523 467/522 475/530 
f 476/531 475/530 472/527 
f 475/530 476/531 477/532 
f 476/531 478/533 477/532 
f 474/528 479/534 473/529 
f 480/535 473/529 479/534 
f 481/536 480/535 479/534 
f 474/528 482/537 479/534 
f 482/537 468/523 475/530 
f 469/524 468/523 482/537 
f 474/528 469/524 482/537 
f 475/530 477/532 483/538 
f 482/537 475/530 483/538 
f 483/538 481/536 479/534 
f 482/537 483/538 479/534 
f 483/538 484/539 481/536 
f 485/540 484/539 483/538 
f 477/532 485/540 483/538 
f 109/541 480/535 481/536 
f 481/536 108/542 109/541 
f 477/532 478/533 486/543 
f 477/532 486/543 485/540 
f 481/536 484/539 487/544 
f 487/544 484/539 488/545 
f 488/545 484/539 485/540 
f 487/544 488/545 489/546 
f 488/545 485/540 489/546 
f 489/546 485/540 486/543 
f 490/547 487/544 489/546 
f 481/536 487/544 490/547 
f 481/536 490/547 108/542 
f 490/547 491/548 108/542 
f 486/543 89/137 489/546 
f 89/137 486/543 91/138 
f 91/138 492/549 92/139 
f 492/549 493/550 92/139 
f 92/139 493/550 83/131 
f 85/133 92/139 83/131 
f 494/551 79/127 83/131 
f 79/127 494/551 80/128 
f 80/128 494/551 495/552 
f 94/141 80/128 495/552 
f 496/553 495/552 494/551 
f 83/131 496/553 494/551 
f 493/550 496/553 83/131 
f 492/549 91/138 497/554 
f 91/138 486/543 497/554 
f 478/533 497/554 486/543 
f 498/555 499/556 500/557 
f 501/558 498/555 500/557 
f 502/559 498/555 501/558 
f 503/560 502/559 501/558 
f 504/561 500/557 499/556 
f 504/561 499/556 505/562 
f 499/556 506/563 505/562 
f 505/562 506/563 507/564 
f 508/565 505/562 507/564 
f 508/565 507/564 427/482 
f 507/564 424/479 427/482 
f 424/479 507/564 509/566 
f 433/488 424/479 509/566 
f 507/564 506/563 510/567 
f 509/566 507/564 510/567 
f 506/563 499/556 510/567 
f 509/566 511/568 433/488 
f 511/568 444/499 433/488 
f 509/566 510/567 512/569 
f 511/568 509/566 512/569 
f 510/567 499/556 513/570 
f 513/570 499/556 498/555 
f 510/567 513/570 514/571 
f 512/569 510/567 514/571 
f 514/571 513/570 515/572 
f 513/570 516/573 515/572 
f 516/573 513/570 498/555 
f 516/573 498/555 502/559 
f 517/574 515/572 516/573 
f 518/575 517/574 516/573 
f 518/575 516/573 502/559 
f 517/574 518/575 471/576 
f 518/575 470/577 471/576 
f 518/575 502/559 519/578 
f 470/577 518/575 519/578 
f 503/560 519/578 502/559 
f 519/578 503/560 455/579 
f 455/579 456/580 519/578 
f 470/577 519/578 456/580 
f 128/581 520/582 521/583 
f 127/584 128/581 521/583 
f 520/582 128/581 522/585 
f 128/581 131/586 522/585 
f 523/587 520/582 522/585 
f 131/586 133/588 522/585 
f 133/588 524/589 522/585 
f 525/590 524/589 133/588 
f 526/591 525/590 133/588 
f 525/590 526/591 90/592 
f 527/593 525/590 90/592 
f 525/590 527/593 528/594 
f 528/594 524/589 525/590 
f 528/594 529/595 524/589 
f 528/594 530/596 529/595 
f 530/596 528/594 531/597 
f 531/597 528/594 527/593 
f 532/598 530/596 531/597 
f 530/596 532/598 533/599 
f 529/595 530/596 533/599 
f 527/593 90/592 89/137 
f 88/136 527/593 89/137 
f 105/600 526/591 133/588 
f 526/591 105/600 491/548 
f 526/591 491/548 490/547 
f 526/591 490/547 489/546 
f 90/592 526/591 489/546 
f 89/137 90/592 489/546 
f 532/598 531/597 534/601 
f 532/598 534/601 533/599 
f 527/593 88/136 534/601 
f 534/601 88/136 535/602 
f 535/602 88/136 536/603 
f 88/136 86/134 536/603 
f 536/603 86/134 537/604 
f 86/134 84/132 537/604 
f 537/604 84/132 113/160 
f 84/132 78/126 113/160 
f 537/604 538/605 536/603 
f 537/604 113/160 538/605 
f 538/605 539/606 536/603 
f 535/602 536/603 539/606 
f 540/607 535/602 539/606 
f 534/601 535/602 540/607 
f 113/160 118/165 538/605 
f 538/605 118/165 541/608 
f 539/606 538/605 541/608 
f 118/165 119/166 541/608 
f 542/609 539/606 541/608 
f 539/606 542/609 543/610 
f 540/607 539/606 543/610 
f 544/611 540/607 543/610 
f 545/612 544/611 543/610 
f 544/611 534/601 540/607 
f 534/601 544/611 523/587 
f 534/601 523/587 533/599 
f 523/587 522/585 533/599 
f 522/585 524/589 533/599 
f 533/599 524/589 529/595 
f 527/593 534/601 531/597 
f 491/613 105/153 106/152 
f 106/152 108/155 491/613 
f 545/614 546/615 547/616 
f 544/617 545/614 547/616 
f 547/616 548/618 544/617 
f 548/618 523/619 544/617 
f 523/619 548/618 520/620 
f 548/618 549/621 520/620 
f 520/620 549/621 550/622 
f 521/623 520/620 550/622 
f 547/616 546/615 551/624 
f 547/616 551/624 552/625 
f 548/618 547/616 552/625 
f 548/618 552/625 553/626 
f 549/621 548/618 553/626 
f 549/621 553/626 554/627 
f 550/622 549/621 554/627 
f 551/624 555/628 552/625 
f 556/629 555/628 551/624 
f 552/625 555/628 557/630 
f 552/625 557/630 553/626 
f 557/630 555/628 558/631 
f 555/628 559/632 558/631 
f 559/632 560/633 558/631 
f 560/633 561/634 558/631 
f 562/635 557/630 558/631 
f 558/631 563/636 562/635 
f 564/637 563/636 558/631 
f 558/631 561/634 564/637 
f 562/635 563/636 565/638 
f 566/639 562/635 565/638 
f 562/635 566/639 557/630 
f 555/628 556/629 559/632 
f 566/639 567/640 557/630 
f 567/640 568/641 557/630 
f 557/630 568/641 553/626 
f 568/641 554/627 553/626 
f 556/629 569/642 559/632 
f 559/632 569/642 560/633 
f 563/636 564/637 570/643 
f 565/638 563/636 570/643 
f 571/644 570/643 564/637 
f 561/634 571/644 564/637 
f 572/645 571/644 561/634 
f 560/633 572/645 561/634 
f 569/642 572/645 560/633 
f 573/646 574/647 575/648 
f 576/649 573/646 575/648 
f 577/650 578/651 579/652 
f 580/653 577/650 579/652 
f 577/650 581/654 578/651 
f 581/654 582/655 578/651 
f 580/653 579/652 583/656 
f 584/657 580/653 583/656 
f 583/656 585/658 584/657 
f 584/657 585/658 586/659 
f 587/660 586/659 585/658 
f 586/659 587/660 588/661 
f 587/660 589/662 588/661 
f 591/663 589/662 587/660 
f 592/664 591/663 587/660 
f 585/658 592/664 587/660 
f 593/665 581/654 577/650 
f 592/664 585/658 583/656 
f 579/652 594/666 583/656 
f 594/666 579/652 578/651 
f 595/667 578/651 582/655 
f 578/651 595/667 596/668 
f 595/667 597/669 596/668 
f 597/669 595/667 598/670 
f 599/671 597/669 598/670 
f 599/671 598/670 600/672 
f 601/673 599/671 600/672 
f 601/673 600/672 602/674 
f 603/675 601/673 602/674 
f 595/667 582/655 598/670 
f 600/672 598/670 604/676 
f 582/655 604/676 598/670 
f 605/677 600/672 604/676 
f 606/678 600/672 605/677 
f 600/672 606/678 602/674 
f 602/674 608/679 603/675 
f 606/678 607/680 608/679 
f 602/674 606/678 608/679 
f 608/679 609/681 603/675 
f 609/681 608/679 610/682 
f 611/683 609/681 610/682 
f 612/684 605/677 604/676 
f 612/684 604/676 582/655 
f 581/654 612/684 582/655 
f 581/654 593/665 612/684 
f 593/665 613/685 612/684 
f 593/665 614/686 613/685 
f 593/665 615/687 614/686 
f 615/687 593/665 577/650 
f 577/650 580/653 615/687 
f 580/653 616/688 615/687 
f 615/687 617/689 614/686 
f 617/689 615/687 616/688 
f 618/690 614/686 617/689 
f 619/691 618/690 617/689 
f 619/691 617/689 620/692 
f 620/692 617/689 616/688 
f 621/693 619/691 620/692 
f 614/686 618/690 622/694 
f 614/686 622/694 613/685 
f 618/690 623/695 622/694 
f 622/694 623/695 624/696 
f 613/685 622/694 624/696 
f 623/695 625/697 624/696 
f 624/696 625/697 626/698 
f 627/699 624/696 626/698 
f 626/698 628/700 627/699 
f 628/700 629/701 627/699 
f 624/696 627/699 630/702 
f 630/702 627/699 629/701 
f 631/703 624/696 630/702 
f 631/703 613/685 624/696 
f 632/704 630/702 629/701 
f 612/684 613/685 631/703 
f 605/677 612/684 631/703 
f 605/677 631/703 630/702 
f 633/705 605/677 630/702 
f 633/705 630/702 632/704 
f 634/706 633/705 632/704 
f 606/678 605/677 633/705 
f 633/705 634/706 607/680 
f 606/678 633/705 607/680 
f 635/707 636/708 637/709 
f 638/710 635/707 637/709 
f 635/707 639/711 636/708 
f 639/711 640/712 636/708 
f 640/712 639/711 641/713 
f 640/712 641/713 642/714 
f 643/715 640/712 642/714 
f 639/711 642/714 641/713 
f 635/707 638/710 642/714 
f 639/711 635/707 642/714 
f 643/716 642/717 644/718 
f 645/719 643/716 644/718 
f 646/720 644/718 642/717 
f 638/721 646/720 642/717 
f 646/720 638/721 647/722 
f 638/721 637/723 647/722 
f 646/720 647/722 648/724 
f 649/725 646/720 648/724 
f 644/718 646/720 649/725 
f 650/726 644/718 649/725 
f 644/718 650/726 645/719 
f 650/726 651/727 645/719 
f 649/725 648/724 652/728 
f 653/729 649/725 652/728 
f 653/729 652/728 654/730 
f 655/731 653/729 654/730 
f 655/731 649/725 653/729 
f 655/731 654/730 656/732 
f 657/733 655/731 656/732 
f 649/725 655/731 657/733 
f 650/726 649/725 657/733 
f 656/732 658/734 657/733 
f 658/734 659/735 657/733 
f 660/736 657/733 659/735 
f 650/726 660/736 651/727 
f 657/733 660/736 650/726 
f 660/736 661/737 651/727 
f 659/735 658/734 662/738 
f 662/738 663/739 659/735 
f 663/739 664/740 659/735 
f 664/740 663/739 665/741 
f 666/742 664/740 665/741 
f 665/741 667/743 666/742 
f 667/743 668/744 666/742 
f 669/745 660/736 659/735 
f 669/745 659/735 664/740 
f 670/746 669/745 664/740 
f 670/746 664/740 666/742 
f 671/747 670/746 666/742 
f 671/747 666/742 668/744 
f 672/748 671/747 668/744 
f 667/743 673/749 668/744 
f 673/749 674/750 668/744 
f 672/748 668/744 674/750 
f 674/750 673/749 675/751 
f 676/752 674/750 675/751 
f 677/753 672/748 674/750 
f 678/754 677/753 674/750 
f 676/752 678/754 674/750 
f 676/752 679/755 678/754 
f 680/756 670/746 671/747 
f 681/757 669/745 670/746 
f 680/756 681/757 670/746 
f 681/757 682/758 669/745 
f 671/747 683/759 680/756 
f 671/747 672/748 683/759 
f 683/759 672/748 677/753 
f 684/760 683/759 677/753 
f 677/753 678/754 684/760 
f 678/754 685/761 684/760 
f 685/761 678/754 679/755 
f 686/762 685/761 679/755 
f 676/752 675/751 687/763 
f 679/755 676/752 687/763 
f 675/751 688/764 687/763 
f 689/765 679/755 687/763 
f 679/755 689/765 690/766 
f 686/762 679/755 690/766 
f 687/763 688/764 691/767 
f 687/763 691/767 689/765 
f 688/764 692/768 691/767 
f 691/767 692/768 693/769 
f 694/770 691/767 693/769 
f 693/769 695/771 694/770 
f 695/771 696/772 694/770 
f 696/772 695/771 697/773 
f 698/774 696/772 697/773 
f 698/774 697/773 699/775 
f 700/776 698/774 699/775 
f 698/774 700/776 696/772 
f 699/775 701/777 700/776 
f 701/777 702/778 700/776 
f 702/778 701/777 703/779 
f 704/780 702/778 703/779 
f 703/779 705/781 704/780 
f 705/781 706/782 704/780 
f 705/781 707/783 706/782 
f 707/783 708/784 706/782 
f 708/784 707/783 709/785 
f 707/783 710/786 709/785 
f 710/786 711/787 709/785 
f 711/787 712/788 709/785 
f 711/787 713/789 712/788 
f 713/789 714/790 712/788 
f 714/790 713/789 715/791 
f 716/792 714/790 715/791 
f 717/793 716/792 715/791 
f 717/793 715/791 718/794 
f 719/795 717/793 718/794 
f 706/782 708/784 720/796 
f 720/796 721/797 706/782 
f 708/784 722/798 720/796 
f 708/784 723/799 722/798 
f 712/788 714/790 724/800 
f 714/790 725/801 724/800 
f 714/790 716/792 725/801 
f 716/792 726/802 725/801 
f 716/792 717/793 727/803 
f 726/802 716/792 727/803 
f 727/803 728/804 726/802 
f 728/804 727/803 729/805 
f 727/803 730/806 729/805 
f 730/806 727/803 731/807 
f 731/807 727/803 717/793 
f 732/808 730/806 731/807 
f 731/807 733/809 732/808 
f 733/809 734/810 732/808 
f 728/804 729/805 735/811 
f 736/812 728/804 735/811 
f 736/812 725/801 726/802 
f 728/804 736/812 726/802 
f 736/812 735/811 737/813 
f 738/814 736/812 737/813 
f 738/814 724/800 725/801 
f 736/812 738/814 725/801 
f 737/813 739/815 738/814 
f 739/815 740/816 738/814 
f 740/816 739/815 741/817 
f 742/818 740/816 741/817 
f 742/818 741/817 743/819 
f 744/820 742/818 743/819 
f 743/819 745/821 744/820 
f 745/821 746/822 744/820 
f 745/821 747/823 746/822 
f 747/823 748/824 746/822 
f 748/824 747/823 749/825 
f 750/826 748/824 749/825 
f 751/827 750/826 749/825 
f 751/827 749/825 752/828 
f 753/829 751/827 752/828 
f 753/829 752/828 754/830 
f 755/831 753/829 754/830 
f 742/818 744/820 723/799 
f 744/820 722/798 723/799 
f 744/820 746/822 722/798 
f 748/824 750/826 721/797 
f 750/826 756/832 721/797 
f 750/826 751/827 756/832 
f 721/797 756/832 704/780 
f 756/832 702/778 704/780 
f 756/832 757/833 702/778 
f 751/827 757/833 756/832 
f 751/827 753/829 757/833 
f 757/833 700/776 702/778 
f 700/776 757/833 696/772 
f 753/829 696/772 757/833 
f 721/797 704/780 706/782 
f 694/770 696/772 753/829 
f 694/770 753/829 755/831 
f 691/767 694/770 755/831 
f 691/767 755/831 689/765 
f 689/765 755/831 754/830 
f 690/766 689/765 754/830 
f 709/785 758/834 723/799 
f 709/785 712/788 758/834 
f 712/788 724/800 758/834 
f 740/816 758/834 724/800 
f 758/834 740/816 742/818 
f 723/799 758/834 742/818 
f 709/785 723/799 708/784 
f 738/814 740/816 724/800 
f 759/835 760/836 761/837 
f 762/838 759/835 761/837 
f 762/838 761/837 763/839 
f 764/840 762/838 763/839 
f 763/839 765/841 764/840 
f 765/841 766/842 764/840 
f 766/842 765/841 767/843 
f 768/844 766/842 767/843 
f 768/844 767/843 769/845 
f 770/846 768/844 769/845 
f 769/845 771/847 770/846 
f 771/847 772/848 770/846 
f 772/848 771/847 773/849 
f 774/850 772/848 773/849 
f 759/835 775/851 760/836 
f 775/851 776/852 760/836 
f 776/852 775/851 777/853 
f 778/854 776/852 777/853 
f 777/853 779/855 778/854 
f 775/851 779/855 777/853 
f 779/855 780/856 778/854 
f 781/857 766/842 768/844 
f 766/842 781/857 764/840 
f 781/857 782/858 764/840 
f 782/858 781/857 783/859 
f 781/857 784/860 783/859 
f 781/857 785/861 784/860 
f 785/861 786/862 784/860 
f 785/861 781/857 768/844 
f 764/840 782/858 787/863 
f 762/838 764/840 787/863 
f 788/864 787/863 782/858 
f 783/859 788/864 782/858 
f 762/838 787/863 789/865 
f 759/835 762/838 789/865 
f 787/863 788/864 790/866 
f 789/865 787/863 790/866 
f 791/867 759/835 789/865 
f 789/865 790/866 792/868 
f 791/867 789/865 792/868 
f 775/851 759/835 791/867 
f 791/867 793/869 775/851 
f 793/869 779/855 775/851 
f 779/855 793/869 794/870 
f 795/871 793/869 791/867 
f 792/868 795/871 791/867 
f 793/869 795/871 796/872 
f 794/870 793/869 796/872 
f 797/873 785/861 768/844 
f 785/861 797/873 798/874 
f 786/862 785/861 798/874 
f 798/874 797/873 799/875 
f 797/873 800/876 799/875 
f 772/848 800/876 797/873 
f 770/846 772/848 797/873 
f 800/876 772/848 801/877 
f 772/848 774/850 801/877 
f 801/877 774/850 802/878 
f 803/879 802/878 774/850 
f 773/849 803/879 774/850 
f 803/879 804/880 802/878 
f 804/880 805/881 802/878 
f 801/877 802/878 805/881 
f 804/880 806/882 805/881 
f 806/882 807/883 805/881 
f 770/846 797/873 768/844 
f 800/876 801/877 808/884 
f 799/875 800/876 808/884 
f 801/877 809/885 808/884 
f 809/885 801/877 805/881 
f 809/885 810/886 808/884 
f 805/881 807/883 811/887 
f 809/885 805/881 811/887 
f 810/886 809/885 811/887 
f 812/888 810/886 811/887 
f 811/887 813/889 812/888 
f 813/889 814/890 812/888 
f 814/890 813/889 815/891 
f 816/892 814/890 815/891 
f 816/892 815/891 817/893 
f 818/894 816/892 817/893 
f 819/895 818/894 817/893 
f 819/895 820/896 818/894 
f 820/896 821/897 818/894 
f 820/896 822/898 821/897 
f 822/898 820/896 823/899 
f 822/898 823/899 779/900 
f 780/901 779/900 823/899 
f 824/902 780/901 823/899 
f 824/902 823/899 825/903 
f 820/896 825/903 823/899 
f 826/904 824/902 825/903 
f 825/903 827/905 826/904 
f 820/896 827/905 825/903 
f 827/905 828/906 826/904 
f 794/907 822/898 779/900 
f 822/898 794/907 829/908 
f 822/898 829/908 821/897 
f 794/907 796/909 829/908 
f 820/896 819/895 830/910 
f 830/910 827/905 820/896 
f 827/905 831/911 828/906 
f 831/911 832/912 828/906 
f 831/911 833/913 832/912 
f 833/913 834/914 832/912 
f 833/913 807/883 834/914 
f 807/883 806/882 834/914 
f 835/915 831/911 827/905 
f 830/910 835/915 827/905 
f 831/911 835/915 836/916 
f 833/913 831/911 836/916 
f 837/917 807/883 833/913 
f 836/916 837/917 833/913 
f 811/887 807/883 837/917 
f 811/887 837/917 813/889 
f 813/889 837/917 836/916 
f 815/891 813/889 836/916 
f 836/916 835/915 817/893 
f 815/891 836/916 817/893 
f 817/893 835/915 830/910 
f 819/895 817/893 830/910 
f 682/758 660/736 669/745 
f 682/758 661/737 660/736 
f 838/918 839/919 339/394 
f 338/393 838/918 339/394 
f 839/919 838/918 840/920 
f 841/921 839/919 840/920 
f 841/921 840/920 842/922 
f 840/920 843/923 842/922 
f 345/400 339/394 839/919 
f 844/924 345/400 839/919 
f 345/400 844/924 347/402 
f 844/924 845/925 347/402 
f 844/924 846/926 845/925 
f 846/926 844/924 839/919 
f 841/921 846/926 839/919 
f 846/926 841/921 842/922 
f 846/926 847/927 845/925 
f 846/926 848/928 847/927 
f 848/928 846/926 842/922 
f 848/928 849/929 847/927 
f 849/929 848/928 850/930 
f 851/931 849/929 850/930 
f 850/930 852/932 851/931 
f 852/932 853/933 851/931 
f 853/933 854/934 851/931 
f 843/923 855/935 842/922 
f 855/935 856/936 842/922 
f 856/936 850/930 848/928 
f 842/922 856/936 848/928 
f 856/936 855/935 857/937 
f 858/938 856/936 857/937 
f 850/930 856/936 858/938 
f 852/932 850/930 858/938 
f 858/938 857/937 859/939 
f 860/940 858/938 859/939 
f 860/940 853/933 852/932 
f 858/938 860/940 852/932 
f 859/939 861/941 860/940 
f 860/940 861/941 734/810 
f 733/809 860/940 734/810 
f 860/940 733/809 853/933 
f 733/809 719/795 853/933 
f 719/795 733/809 717/793 
f 733/809 731/807 717/793 
f 853/933 719/795 862/942 
f 719/795 718/794 862/942 
f 853/933 862/942 854/934 
f 746/822 720/796 722/798 
f 746/822 748/824 720/796 
f 748/824 721/797 720/796 
f 865/943 863/944 864/945 
f 864/945 863/944 870/946 
f 863/944 871/947 870/946 
f 863/944 866/948 871/947 
f 866/948 872/949 871/947 
f 866/948 867/950 872/949 
f 867/950 873/951 872/949 
f 867/950 868/952 873/951 
f 868/952 874/953 873/951 
f 868/952 869/954 874/953 
f 869/954 875/955 874/953 
f 877/956 869/954 876/957 
f 878/958 879/959 876/957 
f 876/957 879/959 880/960 
f 879/959 881/961 880/960 
f 881/961 879/959 882/962 
f 883/963 882/962 879/959 
f 884/964 883/963 879/959 
f 883/963 884/964 885/965 
f 884/964 886/966 885/965 
f 886/966 887/967 885/965 
f 879/959 878/958 888/968 
f 888/968 884/964 879/959 
f 884/964 888/968 886/966 
f 889/969 890/970 891/971 
f 891/971 892/972 889/969 
f 893/973 892/972 891/971 
f 894/974 893/973 891/971 
f 894/974 891/971 890/970 
f 895/975 893/973 894/974 
f 896/976 895/975 894/974 
f 870/946 896/976 894/974 
f 870/946 894/974 864/945 
f 864/945 894/974 890/970 
f 892/972 897/977 889/969 
f 897/977 898/978 889/969 
f 864/945 890/970 865/943 
f 870/946 871/947 899/979 
f 900/980 871/947 872/949 
f 872/949 873/951 900/980 
f 901/981 875/955 869/954 
f 869/954 877/956 901/981 
f 901/981 877/956 902/982 
f 902/982 877/956 876/957 
f 880/960 902/982 876/957 
f 886/966 898/978 887/967 
f 898/978 886/966 889/969 
f 870/946 899/979 896/976 
f 406/461 409/464 903/983 
f 904/984 406/461 903/983 
f 903/983 409/464 410/465 
f 904/984 903/983 905/985 
f 903/983 412/467 905/985 
f 903/983 410/465 412/467 
f 906/986 904/984 905/985 
f 906/986 905/985 907/987 
f 905/985 908/988 907/987 
f 908/988 905/985 416/471 
f 905/985 412/467 416/471 
f 908/988 416/471 909/989 
f 908/988 909/989 907/987 
f 909/989 910/990 907/987 
f 909/989 416/471 419/474 
f 911/991 909/989 419/474 
f 910/990 909/989 911/991 
f 912/992 910/990 911/991 
f 913/993 912/992 911/991 
f 913/993 911/991 419/474 
f 423/478 913/993 419/474 
f 914/994 915/995 916/996 
f 917/997 914/994 916/996 
f 917/997 916/996 918/998 
f 919/999 917/997 918/998 
f 918/998 920/1000 919/999 
f 920/1000 921/1001 919/999 
f 917/997 922/1002 914/994 
f 922/1002 923/1003 914/994 
f 924/1004 922/1002 917/997 
f 919/999 924/1004 917/997 
f 924/1004 919/999 921/1001 
f 925/1005 924/1004 921/1001 
f 920/1000 926/1006 921/1001 
f 926/1006 927/1007 921/1001 
f 927/1007 926/1006 928/1008 
f 929/1009 927/1007 928/1008 
f 929/1009 928/1008 930/1010 
f 931/1011 929/1009 930/1010 
f 931/1011 930/1010 932/1012 
f 933/1013 931/1011 932/1012 
f 934/1014 923/1003 922/1002 
f 935/1015 934/1014 922/1002 
f 935/1015 922/1002 924/1004 
f 936/1016 935/1015 924/1004 
f 924/1004 925/1005 936/1016 
f 925/1005 937/1017 936/1016 
f 938/1018 937/1017 925/1005 
f 921/1001 927/1007 925/1005 
f 933/1013 932/1012 939/1019 
f 940/1020 933/1013 939/1019 
f 940/1020 939/1019 941/1021 
f 942/1022 940/1020 941/1021 
f 942/1022 941/1021 943/1023 
f 944/1024 942/1022 943/1023 
f 944/1024 943/1023 945/1025 
f 946/1026 944/1024 945/1025 
f 938/1018 925/1005 947/1027 
f 948/1028 938/1018 947/1027 
f 948/1028 947/1027 949/1029 
f 950/1030 948/1028 949/1029 
f 950/1030 949/1029 951/1031 
f 952/1032 950/1030 951/1031 
f 951/1031 953/1033 952/1032 
f 953/1033 954/1034 952/1032 
f 947/1027 929/1009 949/1029 
f 947/1027 927/1007 929/1009 
f 925/1005 927/1007 947/1027 
f 949/1029 929/1009 931/1011 
f 949/1029 931/1011 951/1031 
f 951/1031 931/1011 933/1013 
f 951/1031 933/1013 953/1033 
f 954/1034 953/1033 955/1035 
f 953/1033 933/1013 955/1035 
f 956/1036 954/1034 955/1035 
f 933/1013 940/1020 955/1035 
f 955/1035 940/1020 942/1022 
f 942/1022 957/1037 955/1035 
f 955/1035 957/1037 956/1036 
f 944/1024 957/1037 942/1022 
f 958/1038 957/1037 944/1024 
f 959/1039 958/1038 944/1024 
f 959/1039 944/1024 960/1040 
f 960/1040 961/1041 959/1039 
f 944/1024 946/1026 960/1040 
f 957/1037 962/1042 956/1036 
f 964/1043 959/1039 963/1044 
f 957/1037 965/1045 962/1042 
f 957/1037 958/1038 965/1045 
f 965/1045 966/1046 962/1042 
f 966/1046 965/1045 967/1047 
f 968/1048 966/1046 967/1047 
f 969/1049 964/1043 963/1044 
f 963/1044 970/1050 969/1049 
f 970/1050 971/1051 969/1049 
f 972/1052 964/1043 969/1049 
f 958/1038 972/1052 965/1045 
f 959/1039 964/1043 972/1052 
f 958/1038 959/1039 972/1052 
f 965/1045 972/1052 973/1053 
f 967/1047 965/1045 973/1053 
f 973/1053 972/1052 969/1049 
f 971/1051 973/1053 969/1049 
f 974/1054 973/1053 971/1051 
f 975/1055 967/1047 973/1053 
f 974/1054 975/1055 973/1053 
f 970/1050 611/1056 971/1051 
f 610/1057 971/1051 611/1056 
f 968/1048 967/1047 976/1058 
f 976/1058 967/1047 975/1055 
f 977/1059 968/1048 976/1058 
f 974/1054 971/1051 978/1060 
f 974/1054 978/1060 979/1061 
f 974/1054 979/1061 975/1055 
f 979/1061 978/1060 980/1062 
f 975/1055 979/1061 980/1062 
f 975/1055 980/1062 976/1058 
f 978/1060 981/1063 980/1062 
f 978/1060 971/1051 981/1063 
f 981/1063 971/1051 610/1057 
f 982/1064 981/1063 610/1057 
f 589/662 976/1058 980/1062 
f 976/1058 589/662 591/663 
f 976/1058 591/663 977/1059 
f 983/1065 591/663 592/664 
f 591/663 983/1065 977/1059 
f 984/1066 983/1065 592/664 
f 984/1066 592/664 583/656 
f 985/1067 984/1066 583/656 
f 985/1067 583/656 594/666 
f 986/1068 985/1067 594/666 
f 594/666 578/651 986/1068 
f 578/651 596/668 986/1068 
f 590/1069 589/662 980/1062 
f 982/1064 987/1070 981/1063 
f 607/1071 987/1070 982/1064 
f 987/1070 607/1071 634/1072 
f 988/1073 987/1070 634/1072 
f 987/1070 988/1073 590/1069 
f 988/1073 989/1074 590/1069 
f 989/1074 988/1073 990/1075 
f 992/1076 990/1075 991/1077 
f 990/1075 992/1076 993/1078 
f 990/1075 993/1078 989/1074 
f 992/1076 994/1079 993/1078 
f 994/1079 992/1076 995/1080 
f 992/1076 991/1077 995/1080 
f 590/1069 989/1074 589/662 
f 989/1074 588/661 589/662 
f 993/1078 994/1079 996/1081 
f 588/661 989/1074 996/1081 
f 996/1081 994/1079 995/1080 
f 996/1081 989/1074 993/1078 
f 991/1077 990/1075 997/1082 
f 997/1082 990/1075 988/1073 
f 997/1082 988/1073 634/1072 
f 997/1082 634/1072 998/1083 
f 634/1072 632/1084 998/1083 
f 632/1084 629/1085 998/1083 
f 629/1085 999/1086 998/1083 
f 999/1086 629/1085 1000/1087 
f 629/1085 628/1088 1000/1087 
f 999/1086 1001/1089 998/1083 
f 588/661 996/1081 1002/1090 
f 588/661 1002/1090 1003/1091 
f 586/659 588/661 1003/1091 
f 586/659 1003/1091 1004/1092 
f 584/657 586/659 1004/1092 
f 584/657 1004/1092 616/688 
f 580/653 584/657 616/688 
f 1005/1093 1004/1092 1003/1091 
f 616/688 1004/1092 1005/1093 
f 1006/1094 1005/1093 1003/1091 
f 1003/1091 1002/1090 1006/1094 
f 1002/1090 1007/1095 1006/1094 
f 1002/1090 996/1081 1007/1095 
f 620/692 616/688 1005/1093 
f 620/692 1005/1093 1008/1096 
f 1005/1093 1006/1094 1008/1096 
f 621/693 620/692 1008/1096 
f 1006/1094 1009/1097 1008/1096 
f 1006/1094 1007/1095 1010/1098 
f 1009/1097 1006/1094 1010/1098 
f 1007/1095 1011/1099 1010/1098 
f 996/1081 1011/1099 1007/1095 
f 1011/1099 1012/1100 1010/1098 
f 1011/1099 996/1081 1001/1089 
f 1001/1089 996/1081 995/1080 
f 998/1083 1001/1089 995/1080 
f 997/1082 998/1083 995/1080 
f 997/1082 995/1080 991/1077 
f 1013/1101 1014/1102 1015/1103 
f 1016/1104 1013/1101 1015/1103 
f 1013/1101 1017/1105 1014/1102 
f 1017/1105 1018/1106 1014/1102 
f 1015/1103 1019/1107 1016/1104 
f 1016/1104 1019/1107 1020/1108 
f 1021/1109 1016/1104 1020/1108 
f 1021/1109 1020/1108 1022/1110 
f 1020/1108 1023/1111 1022/1110 
f 1022/1110 1023/1111 915/995 
f 914/994 1022/1110 915/995 
f 1022/1110 914/994 1024/1112 
f 914/994 923/1003 1024/1112 
f 1022/1110 1024/1112 1025/1113 
f 1021/1109 1022/1110 1025/1113 
f 1016/1104 1021/1109 1025/1113 
f 1026/1114 1024/1112 923/1003 
f 934/1014 1026/1114 923/1003 
f 1024/1112 1026/1114 1027/1115 
f 1025/1113 1024/1112 1027/1115 
f 1016/1104 1025/1113 1028/1116 
f 1016/1104 1028/1116 1013/1101 
f 1025/1113 1027/1115 1029/1117 
f 1028/1116 1025/1113 1029/1117 
f 1028/1116 1029/1117 1030/1118 
f 1031/1119 1028/1116 1030/1118 
f 1028/1116 1031/1119 1013/1101 
f 1013/1101 1031/1119 1017/1105 
f 1030/1118 1032/1120 1031/1119 
f 1032/1120 1033/1121 1031/1119 
f 1031/1119 1033/1121 1017/1105 
f 1033/1121 1032/1120 961/1122 
f 960/1123 1033/1121 961/1122 
f 1017/1105 1033/1121 1034/1124 
f 1033/1121 960/1123 1034/1124 
f 1034/1124 1018/1106 1017/1105 
f 1018/1106 1034/1124 945/1125 
f 946/1126 945/1125 1034/1124 
f 1034/1124 960/1123 946/1126 
f 607/680 982/1127 608/679 
f 610/682 608/679 982/1127 
f 987/1070 590/1069 980/1062 
f 981/1063 987/1070 980/1062 
f 1012/1128 1011/1129 1035/1130 
f 1036/1131 1012/1128 1035/1130 
f 1037/1132 1035/1130 1011/1129 
f 1001/1133 1037/1132 1011/1129 
f 1037/1132 1001/1133 999/1134 
f 1038/1135 1037/1132 999/1134 
f 1038/1135 999/1134 1039/1136 
f 999/1134 1000/1137 1039/1136 
f 1036/1131 1035/1130 1040/1138 
f 1035/1130 1037/1132 1041/1139 
f 1040/1138 1035/1130 1041/1139 
f 1037/1132 1038/1135 1042/1140 
f 1041/1139 1037/1132 1042/1140 
f 1038/1135 1039/1136 1043/1141 
f 1042/1140 1038/1135 1043/1141 
f 1044/1142 1040/1138 1041/1139 
f 1044/1142 1045/1143 1040/1138 
f 1044/1142 1041/1139 1046/1144 
f 1046/1144 1041/1139 1042/1140 
f 1044/1142 1046/1144 1047/1145 
f 1048/1146 1044/1142 1047/1145 
f 1049/1147 1048/1146 1047/1145 
f 1050/1148 1049/1147 1047/1145 
f 1046/1144 1051/1149 1047/1145 
f 1052/1150 1047/1145 1051/1149 
f 1052/1150 1053/1151 1047/1145 
f 1050/1148 1047/1145 1053/1151 
f 1052/1150 1051/1149 1054/1152 
f 1051/1149 1055/1153 1054/1152 
f 1055/1153 1051/1149 1046/1144 
f 1045/1143 1044/1142 1048/1146 
f 1056/1154 1055/1153 1046/1144 
f 1057/1155 1056/1154 1046/1144 
f 1057/1155 1046/1144 1042/1140 
f 1043/1141 1057/1155 1042/1140 
f 1058/1156 1045/1143 1048/1146 
f 1058/1156 1048/1146 1049/1147 
f 1052/1150 1054/1152 1059/1157 
f 1053/1151 1052/1150 1059/1157 
f 1060/1158 1050/1148 1053/1151 
f 1059/1157 1060/1158 1053/1151 
f 1061/1159 1049/1147 1050/1148 
f 1060/1158 1061/1159 1050/1148 
f 1061/1159 1058/1156 1049/1147 
f 1062/1160 1063/1161 1064/1162 
f 1065/1163 1064/1162 1063/1161 
f 1064/1162 1065/1163 1066/1164 
f 1067/1165 1064/1162 1066/1164 
f 1068/1166 1065/1163 1063/1161 
f 1068/1166 1063/1161 1062/1160 
f 1068/1166 1062/1160 1069/1167 
f 1062/1160 1070/1168 1069/1167 
f 1070/1168 1071/1169 1069/1167 
f 1069/1167 1072/1170 1068/1166 
f 1072/1170 1069/1167 1073/1171 
f 1074/1172 1072/1170 1073/1171 
f 1074/1172 1075/1173 1072/1170 
f 1076/1174 1075/1173 1074/1172 
f 1077/1175 1076/1174 1074/1172 
f 1077/1175 1074/1172 1073/1171 
f 1078/1176 1076/1174 1077/1175 
f 1079/1177 1078/1176 1077/1175 
f 1077/1175 1080/1178 1079/1177 
f 1080/1178 1077/1175 1073/1171 
f 1080/1178 1081/1179 1079/1177 
f 1082/1180 1081/1179 1080/1178 
f 1083/1181 1082/1180 1080/1178 
f 1082/1180 1084/1182 1081/1179 
f 1084/1182 1085/1183 1081/1179 
f 1081/1179 1085/1183 1079/1177 
f 1083/1181 1086/1184 1082/1180 
f 1087/1185 1086/1184 1083/1181 
f 1088/1186 1087/1185 1083/1181 
f 1086/1184 1089/1187 1082/1180 
f 1082/1180 1089/1187 1084/1182 
f 1089/1187 1090/1188 1084/1182 
f 1091/1189 1087/1185 1088/1186 
f 1092/1190 1091/1189 1088/1186 
f 1091/1189 1093/1191 1087/1185 
f 1093/1191 1094/1192 1087/1185 
f 1087/1185 1094/1192 1086/1184 
f 1093/1191 1095/1193 1094/1192 
f 1095/1193 1097/1194 1096/1195 
f 1097/1194 1098/1196 1096/1195 
f 1096/1195 1098/1196 1099/1197 
f 1098/1196 1100/1198 1099/1197 
f 1099/1197 1100/1198 1101/1199 
f 1100/1198 1102/1200 1101/1199 
f 1103/1201 1097/1194 1095/1193 
f 1104/1202 1103/1201 1095/1193 
f 1104/1202 1095/1193 1093/1191 
f 1103/1201 1105/1203 1097/1194 
f 1097/1194 1105/1203 1098/1196 
f 1100/1198 1106/1204 1102/1200 
f 1101/1199 1107/1205 1099/1197 
f 1108/1206 1106/1204 1100/1198 
f 1109/1207 1105/1203 1103/1201 
f 1106/1204 1110/1208 1102/1200 
f 1099/1197 1107/1205 1090/1188 
f 1089/1187 1099/1197 1090/1188 
f 1096/1195 1099/1197 1089/1187 
f 1086/1184 1096/1195 1089/1187 
f 1094/1192 1096/1195 1086/1184 
f 1094/1192 1095/1193 1096/1195 
f 1105/1203 1111/1209 1108/1206 
f 1111/1209 1112/1210 1108/1206 
f 1108/1206 1112/1210 1106/1204 
f 1111/1209 1113/1211 1112/1210 
f 1113/1211 1114/1212 1112/1210 
f 1112/1210 1114/1212 1115/1213 
f 1114/1212 1116/1214 1115/1213 
f 1115/1213 1116/1214 1117/1215 
f 1115/1213 1117/1215 1110/1208 
f 1118/1216 1113/1211 1111/1209 
f 1109/1207 1118/1216 1111/1209 
f 1114/1212 1119/1217 1116/1214 
f 1119/1217 1120/1218 1116/1214 
f 1120/1218 1119/1217 1121/1219 
f 1121/1219 1119/1217 1122/1220 
f 1119/1217 1123/1221 1122/1220 
f 1123/1221 1119/1217 1114/1212 
f 1113/1211 1123/1221 1114/1212 
f 1123/1221 1113/1211 1118/1216 
f 1122/1220 1123/1221 1118/1216 
f 1124/1222 1120/1218 1121/1219 
f 1124/1222 1117/1215 1116/1214 
f 1120/1218 1124/1222 1116/1214 
f 1109/1207 1111/1209 1105/1203 
f 1106/1204 1115/1213 1110/1208 
f 1112/1210 1115/1213 1106/1204 
f 1125/1223 1126/1224 1127/1225 
f 1128/1226 1125/1223 1127/1225 
f 1129/1227 1125/1223 1128/1226 
f 1131/1228 1130/1229 1129/1227 
f 1130/1229 1132/1230 1129/1227 
f 1127/1225 1126/1224 1133/1231 
f 1070/1168 1127/1225 1133/1231 
f 1132/1230 1130/1229 1134/1232 
f 1132/1230 1134/1232 117/1233 
f 1134/1232 119/1234 117/1233 
f 1134/1232 1135/1235 119/1234 
f 1134/1232 1136/1236 1135/1235 
f 1134/1232 1130/1229 1136/1236 
f 1135/1235 1137/1237 119/1234 
f 1137/1237 1135/1235 1138/1238 
f 1135/1235 1139/1239 1138/1238 
f 1136/1236 1139/1239 1135/1235 
f 1139/1239 1136/1236 1140/1240 
f 1140/1240 1136/1236 1130/1229 
f 1140/1240 1130/1229 1131/1228 
f 1141/1241 1137/1237 1138/1238 
f 1138/1238 1142/1242 1141/1241 
f 1138/1238 1143/1243 1142/1242 
f 1139/1239 1143/1243 1138/1238 
f 1143/1243 1139/1239 1144/1244 
f 1144/1244 1139/1239 1140/1240 
f 1145/1245 1144/1244 1140/1240 
f 1146/1246 1145/1245 1140/1240 
f 1144/1244 1145/1245 1147/1247 
f 1148/1248 1144/1244 1147/1247 
f 1143/1243 1144/1244 1148/1248 
f 1143/1243 1148/1248 1149/1249 
f 1150/1250 1143/1243 1149/1249 
f 1143/1243 1150/1250 1142/1242 
f 1150/1250 1149/1249 1151/1251 
f 1149/1249 1152/1252 1151/1251 
f 1148/1248 1147/1247 1153/1253 
f 1149/1249 1148/1248 1153/1253 
f 1149/1249 1153/1253 1152/1252 
f 1150/1250 1151/1251 1154/1254 
f 1142/1242 1150/1250 1154/1254 
f 1142/1242 1155/1255 1141/1241 
f 1142/1242 1154/1254 1155/1255 
f 1154/1254 545/1256 1155/1255 
f 1153/1253 1156/1257 1152/1252 
f 1146/1246 1157/1258 1158/1259 
f 1157/1258 1159/1260 1158/1259 
f 1158/1259 1160/1261 1146/1246 
f 1146/1246 1160/1261 1145/1245 
f 1153/1253 1161/1262 1156/1257 
f 1161/1262 1162/1263 1156/1257 
f 1153/1253 1147/1247 1161/1262 
f 1147/1247 1145/1245 1163/1264 
f 1147/1247 1163/1264 1164/1265 
f 1165/1266 1147/1247 1164/1265 
f 1161/1262 1165/1266 1162/1263 
f 1165/1266 1161/1262 1147/1247 
f 1145/1245 1166/1267 1163/1264 
f 1160/1261 1158/1259 1166/1267 
f 1160/1261 1166/1267 1145/1245 
f 1165/1266 1164/1265 1167/1268 
f 1167/1268 76/124 1168/1269 
f 1165/1266 1167/1268 1168/1269 
f 1165/1266 1168/1269 1162/1263 
f 76/124 75/123 1168/1269 
f 1167/1268 1169/1270 76/124 
f 76/124 1169/1270 73/121 
f 1169/1270 1170/1271 73/121 
f 1166/1267 1171/1272 1163/1264 
f 1171/1272 1172/1273 1163/1264 
f 1173/1274 1172/1273 1171/1272 
f 1174/1275 1172/1273 1173/1274 
f 1174/1275 1176/1276 1172/1273 
f 1179/1277 1174/1275 1173/1274 
f 1173/1274 1175/1278 1179/1277 
f 1179/1277 1180/1279 1174/1275 
f 1175/1278 1181/1280 1179/1277 
f 1174/1275 1180/1279 1176/1276 
f 1180/1279 1182/1281 1176/1276 
f 1176/1276 1182/1281 1177/1282 
f 1182/1281 1183/1283 1177/1282 
f 1177/1282 1183/1283 1184/1284 
f 1183/1283 1185/1285 1184/1284 
f 1184/1284 1185/1285 1186/1286 
f 1185/1285 1187/1287 1186/1286 
f 1186/1286 1187/1287 1188/1288 
f 1187/1287 1189/1289 1188/1288 
f 1189/1290 1181/1280 1175/1278 
f 1188/1291 1189/1290 1175/1278 
f 1190/1292 1180/1279 1179/1277 
f 1190/1292 1179/1277 1181/1280 
f 1187/1287 1191/1293 1189/1289 
f 1192/1294 1180/1279 1190/1292 
f 1180/1279 1192/1294 1182/1281 
f 1192/1294 1193/1295 1182/1281 
f 1181/1280 1189/1290 1194/1296 
f 1181/1280 1194/1296 1190/1292 
f 1193/1295 1195/1297 1182/1281 
f 1196/1298 1191/1293 1187/1287 
f 1182/1281 1195/1297 1183/1283 
f 1185/1285 1196/1298 1187/1287 
f 1195/1297 1196/1298 1185/1285 
f 1183/1283 1195/1297 1185/1285 
f 1195/1297 1197/1299 1196/1298 
f 1197/1299 1198/1300 1196/1298 
f 1196/1298 1198/1300 1191/1293 
f 1191/1293 1199/1301 1189/1289 
f 1198/1300 1199/1301 1191/1293 
f 1199/1301 1200/1302 1189/1289 
f 1192/1294 1201/1303 1193/1295 
f 1202/1304 1201/1303 1192/1294 
f 1190/1292 1202/1304 1192/1294 
f 1194/1296 1202/1304 1190/1292 
f 1194/1296 1203/1305 1202/1304 
f 1203/1305 1194/1296 1200/1306 
f 1202/1304 1204/1307 1201/1303 
f 1204/1307 1205/1308 1201/1303 
f 1201/1303 1205/1308 1193/1295 
f 1206/1309 1204/1307 1202/1304 
f 1203/1305 1206/1309 1202/1304 
f 1206/1309 1203/1305 1200/1306 
f 1193/1295 1197/1299 1195/1297 
f 1189/1290 1200/1306 1194/1296 
f 1207/1310 1208/1311 1209/1312 
f 1207/1310 1210/1313 1208/1311 
f 1210/1313 1211/1314 1208/1311 
f 1210/1313 1212/1315 1211/1314 
f 1071/1169 1211/1314 1212/1315 
f 1069/1167 1071/1169 1212/1315 
f 1210/1313 1207/1310 566/639 
f 1210/1313 566/639 565/638 
f 1073/1171 1069/1167 1212/1315 
f 1080/1178 1073/1171 1212/1315 
f 1213/1316 1080/1178 1212/1315 
f 565/638 1213/1316 1210/1313 
f 1212/1315 1210/1313 1213/1316 
f 1214/1317 1080/1178 1213/1316 
f 1214/1317 1083/1181 1080/1178 
f 1083/1181 1214/1317 1088/1186 
f 1214/1317 1215/1318 1088/1186 
f 1216/1319 1215/1318 1214/1317 
f 1217/1320 1216/1319 1214/1317 
f 1216/1319 1218/1321 1215/1318 
f 1218/1321 1219/1322 1215/1318 
f 1215/1318 1219/1322 1088/1186 
f 1217/1320 1220/1323 1216/1319 
f 1221/1324 1220/1323 1217/1320 
f 1222/1325 1221/1324 1217/1320 
f 1220/1323 1223/1326 1216/1319 
f 1216/1319 1223/1326 1218/1321 
f 1224/1327 1221/1324 1222/1325 
f 1224/1327 1225/1328 1221/1324 
f 1225/1328 1226/1329 1221/1324 
f 1221/1324 1226/1329 1220/1323 
f 1225/1328 1227/1330 1226/1329 
f 1226/1329 1228/1331 1220/1323 
f 1220/1323 1228/1331 1223/1326 
f 1226/1329 1229/1332 1228/1331 
f 1228/1331 1229/1332 1230/1333 
f 1228/1331 1230/1333 1223/1326 
f 1223/1326 1230/1333 1218/1321 
f 1229/1332 1231/1334 1230/1333 
f 1230/1333 1231/1334 1232/1335 
f 1233/1336 1230/1333 1232/1335 
f 1230/1333 1233/1336 1218/1321 
f 1231/1334 1234/1337 1232/1335 
f 1235/1338 1234/1337 1231/1334 
f 1229/1332 1235/1338 1231/1334 
f 1236/1339 1235/1338 1229/1332 
f 1226/1329 1236/1339 1229/1332 
f 1234/1337 1237/1340 1232/1335 
f 1238/1341 1236/1339 1226/1329 
f 1227/1330 1238/1341 1226/1329 
f 1238/1341 1239/1342 1236/1339 
f 1239/1342 1240/1343 1236/1339 
f 1236/1339 1240/1343 1235/1338 
f 1234/1337 1241/1344 1237/1340 
f 1242/1345 1241/1344 1234/1337 
f 1235/1338 1242/1345 1234/1337 
f 1240/1343 1242/1345 1235/1338 
f 1243/1346 1240/1343 1239/1342 
f 1240/1343 1244/1347 1242/1345 
f 1244/1347 1245/1348 1242/1345 
f 1242/1345 1245/1348 1241/1344 
f 1244/1347 1246/1349 1245/1348 
f 1246/1349 1247/1350 1245/1348 
f 1245/1348 1247/1350 1248/1351 
f 1245/1348 1248/1351 1241/1344 
f 1247/1350 1249/1352 1248/1351 
f 1248/1351 1249/1352 1250/1353 
f 1249/1352 1251/1354 1250/1353 
f 1252/1355 1246/1349 1244/1347 
f 1253/1356 1252/1355 1244/1347 
f 1253/1356 1244/1347 1240/1343 
f 1243/1346 1253/1356 1240/1343 
f 1247/1350 1254/1357 1249/1352 
f 1254/1357 1255/1358 1249/1352 
f 1255/1358 1254/1357 1256/1359 
f 1256/1359 1254/1357 1257/1360 
f 1254/1357 1258/1361 1257/1360 
f 1258/1361 1254/1357 1247/1350 
f 1246/1349 1258/1361 1247/1350 
f 1258/1361 1246/1349 1252/1355 
f 1257/1360 1258/1361 1252/1355 
f 1259/1362 1255/1358 1256/1359 
f 1259/1362 1251/1354 1249/1352 
f 1255/1358 1259/1362 1249/1352 
f 1248/1351 1250/1353 1260/1363 
f 1241/1344 1248/1351 1260/1363 
f 1241/1344 1260/1363 1237/1340 
f 1261/1364 1157/1258 1262/1365 
f 1261/1364 1263/1366 1157/1258 
f 1264/1367 1261/1364 1262/1365 
f 1157/1258 1131/1228 1262/1365 
f 1131/1228 1129/1227 1262/1365 
f 1262/1365 1129/1227 1128/1226 
f 1265/1368 1262/1365 1128/1226 
f 1265/1368 1266/1369 1262/1365 
f 1267/1370 1265/1368 1128/1226 
f 1128/1226 1127/1225 1062/1160 
f 1070/1168 1062/1160 1127/1225 
f 1146/1246 1131/1228 1157/1258 
f 1146/1246 1140/1240 1131/1228 
f 1268/1371 1267/1370 1128/1226 
f 1067/1165 1268/1371 1128/1226 
f 1267/1370 1269/1372 1265/1368 
f 1268/1371 1269/1372 1267/1370 
f 1269/1372 1268/1371 1085/1373 
f 1084/1374 1269/1372 1085/1373 
f 1084/1374 1090/1375 1269/1372 
f 1090/1375 1270/1376 1269/1372 
f 1090/1375 1107/1377 1270/1376 
f 1107/1377 1271/1378 1270/1376 
f 1271/1378 1107/1377 1272/1379 
f 1273/1380 1271/1378 1272/1379 
f 1274/1381 1273/1380 1272/1379 
f 1274/1381 1275/1382 1273/1380 
f 1275/1382 1276/1383 1273/1380 
f 1275/1382 1093/1384 1276/1383 
f 1277/1385 1275/1382 1274/1381 
f 1275/1382 1277/1385 1093/1384 
f 1278/1386 1277/1385 1274/1381 
f 1274/1381 1272/1379 1278/1386 
f 1278/1386 1279/1387 1277/1385 
f 1279/1387 1280/1388 1277/1385 
f 1281/1389 1279/1387 1278/1386 
f 1282/1390 1281/1389 1278/1386 
f 1272/1379 1107/1377 1282/1390 
f 1272/1379 1282/1390 1278/1386 
f 1277/1385 1280/1388 1104/1391 
f 1277/1385 1104/1391 1093/1384 
f 1280/1388 1103/1392 1104/1391 
f 1102/1393 1281/1389 1282/1390 
f 1101/1394 1102/1393 1282/1390 
f 1107/1377 1101/1394 1282/1390 
f 1283/1395 1280/1388 1279/1387 
f 1280/1388 1283/1395 1103/1392 
f 1283/1395 1109/1396 1103/1392 
f 1281/1389 1102/1393 1284/1397 
f 1281/1389 1284/1397 1279/1387 
f 1102/1393 1110/1398 1284/1397 
f 1283/1395 1285/1399 1109/1396 
f 1286/1400 1285/1399 1283/1395 
f 1279/1387 1286/1400 1283/1395 
f 1284/1397 1287/1401 1286/1400 
f 1284/1397 1286/1400 1279/1387 
f 1285/1399 1118/1402 1109/1396 
f 1117/1403 1287/1401 1284/1397 
f 1110/1398 1117/1403 1284/1397 
f 1286/1400 1288/1404 1285/1399 
f 1288/1404 1289/1405 1285/1399 
f 1285/1399 1289/1405 1118/1402 
f 1290/1406 1288/1404 1286/1400 
f 1287/1401 1290/1406 1286/1400 
f 1290/1406 1287/1401 1117/1403 
f 1288/1404 1121/1407 1289/1405 
f 1121/1407 1122/1408 1289/1405 
f 1289/1405 1122/1408 1118/1402 
f 1124/1409 1121/1407 1288/1404 
f 1290/1406 1124/1409 1288/1404 
f 1124/1409 1290/1406 1117/1403 
f 1291/1410 1292/1411 1219/1412 
f 1218/1413 1291/1410 1219/1412 
f 1218/1413 1293/1414 1291/1410 
f 1218/1413 1233/1415 1293/1414 
f 1233/1415 1294/1416 1293/1414 
f 1294/1416 1233/1415 1295/1417 
f 1296/1418 1294/1416 1295/1417 
f 1297/1419 1296/1418 1295/1417 
f 1297/1419 1298/1420 1296/1418 
f 1298/1420 1299/1421 1296/1418 
f 1298/1420 1227/1422 1299/1421 
f 1227/1422 1225/1423 1299/1421 
f 1233/1415 1232/1424 1295/1417 
f 1300/1425 1298/1420 1297/1419 
f 1298/1420 1300/1425 1227/1422 
f 1297/1419 1301/1426 1300/1425 
f 1301/1426 1302/1427 1300/1425 
f 1303/1428 1301/1426 1297/1419 
f 1295/1417 1232/1424 1303/1428 
f 1295/1417 1303/1428 1297/1419 
f 1300/1425 1302/1427 1227/1422 
f 1302/1427 1238/1429 1227/1422 
f 1232/1424 1237/1430 1303/1428 
f 1304/1431 1302/1427 1301/1426 
f 1301/1426 1303/1428 1305/1432 
f 1303/1428 1237/1430 1305/1432 
f 1239/1433 1238/1429 1302/1427 
f 1304/1431 1239/1433 1302/1427 
f 1306/1434 1304/1431 1301/1426 
f 1301/1426 1305/1432 1306/1434 
f 1304/1431 1243/1435 1239/1433 
f 1305/1432 1237/1430 1307/1436 
f 1305/1432 1307/1436 1306/1434 
f 1237/1430 1260/1437 1307/1436 
f 1304/1431 1253/1438 1243/1435 
f 1304/1431 1308/1439 1253/1438 
f 1309/1440 1308/1439 1304/1431 
f 1306/1434 1309/1440 1304/1431 
f 1310/1441 1309/1440 1306/1434 
f 1307/1436 1310/1441 1306/1434 
f 1308/1439 1252/1442 1253/1438 
f 1251/1443 1310/1441 1307/1436 
f 1250/1444 1251/1443 1307/1436 
f 1260/1437 1250/1444 1307/1436 
f 1309/1440 1311/1445 1308/1439 
f 1311/1445 1312/1446 1308/1439 
f 1308/1439 1312/1446 1252/1442 
f 1313/1447 1311/1445 1309/1440 
f 1310/1441 1313/1447 1309/1440 
f 1313/1447 1310/1441 1251/1443 
f 1311/1445 1256/1448 1312/1446 
f 1256/1448 1257/1449 1312/1446 
f 1312/1446 1257/1449 1252/1442 
f 1259/1450 1256/1448 1311/1445 
f 1313/1447 1259/1450 1311/1445 
f 1259/1450 1313/1447 1251/1443 
f 1314/1451 1315/1452 74/1453 
f 73/1454 1314/1451 74/1453 
f 73/1454 1170/1455 1314/1451 
f 1170/1455 1316/1456 1314/1451 
f 1170/1455 1178/1457 1316/1456 
f 1178/1457 1175/1278 1316/1456 
f 1316/1456 1175/1278 1317/1458 
f 1175/1278 1173/1274 1317/1458 
f 1317/1458 1173/1274 1171/1272 
f 74/1453 1315/1452 1224/1459 
f 1315/1452 1318/1460 1224/1459 
f 1318/1460 1319/1461 1224/1459 
f 1319/1461 1299/1421 1224/1459 
f 1296/1418 1299/1421 1319/1461 
f 1320/1462 1296/1418 1319/1461 
f 1320/1462 1319/1461 1318/1460 
f 1294/1416 1296/1418 1320/1462 
f 1293/1414 1294/1416 1320/1462 
f 1299/1421 1225/1423 1224/1459 
f 1293/1414 1320/1462 1321/1463 
f 1321/1463 1320/1462 1318/1460 
f 1261/1364 1321/1463 1318/1460 
f 1291/1410 1321/1463 1261/1364 
f 1291/1410 1293/1414 1321/1463 
f 1264/1367 1291/1410 1261/1364 
f 1263/1366 1261/1364 1318/1460 
f 1292/1411 1291/1410 1264/1367 
f 1292/1411 1264/1367 1262/1365 
f 1266/1369 1292/1411 1262/1365 
f 1266/1369 1322/1464 1292/1411 
f 1292/1411 1322/1464 1092/1465 
f 1322/1464 1323/1466 1092/1465 
f 1323/1466 1091/1467 1092/1465 
f 1323/1466 1276/1383 1091/1467 
f 1273/1380 1276/1383 1323/1466 
f 1324/1468 1273/1380 1323/1466 
f 1324/1468 1323/1466 1322/1464 
f 1271/1378 1273/1380 1324/1468 
f 1270/1376 1271/1378 1324/1468 
f 1276/1383 1093/1384 1091/1467 
f 1219/1412 1292/1411 1092/1465 
f 1266/1369 1265/1368 1322/1464 
f 1265/1368 1325/1469 1322/1464 
f 1270/1376 1324/1468 1325/1469 
f 1325/1469 1324/1468 1322/1464 
f 1269/1372 1325/1469 1265/1368 
f 1269/1372 1270/1376 1325/1469 
f 1075/1173 1326/1470 1072/1170 
f 1072/1170 1326/1470 1068/1166 
f 1075/1173 1327/1471 1326/1470 
f 1328/1472 1327/1471 1075/1173 
f 1076/1174 1328/1472 1075/1173 
f 1329/1473 1328/1472 1076/1174 
f 1078/1176 1329/1473 1076/1174 
f 1330/1474 1329/1473 1078/1176 
f 1330/1474 1331/1475 1329/1473 
f 1331/1475 1332/1476 1329/1473 
f 1329/1473 1332/1476 1328/1472 
f 1332/1476 1333/1477 1328/1472 
f 1333/1477 1334/1478 1328/1472 
f 1328/1472 1334/1478 1327/1471 
f 1334/1478 1335/1479 1327/1471 
f 1327/1471 1335/1479 1336/1480 
f 1335/1479 1337/1481 1336/1480 
f 1338/1482 1333/1477 1332/1476 
f 1331/1475 1338/1482 1332/1476 
f 1336/1480 1337/1481 1339/1483 
f 1340/1484 1342/1485 1341/1486 
f 1341/1486 1342/1485 1331/1487 
f 1342/1485 1338/1488 1331/1487 
f 1343/1489 1342/1485 1340/1484 
f 1340/1484 1339/1483 1344/1490 
f 1343/1489 1340/1484 1344/1490 
f 1339/1483 1337/1481 1344/1490 
f 1340/1484 1341/1486 1345/1491 
f 1341/1486 1346/1492 1345/1491 
f 1346/1492 1347/1493 1345/1491 
f 1346/1492 1331/1487 1347/1493 
f 1331/1487 1330/1494 1347/1493 
f 1346/1492 1341/1486 1331/1487 
f 1348/1495 1336/1480 1339/1483 
f 1348/1495 1339/1483 1340/1484 
f 1345/1491 1348/1495 1340/1484 
f 1327/1471 1336/1480 1326/1470 
f 1326/1470 1336/1480 1068/1166 
f 1336/1480 1348/1495 1068/1166 
f 1068/1166 1348/1495 1065/1163 
f 1348/1495 1345/1491 1065/1163 
f 1065/1163 1345/1491 1349/1496 
f 1345/1491 1347/1493 1349/1496 
f 1349/1496 1347/1493 1350/1497 
f 1349/1496 1350/1497 1351/1498 
f 1066/1164 1349/1496 1351/1498 
f 1065/1163 1349/1496 1066/1164 
f 1347/1493 1330/1494 1350/1497 
f 1268/1371 1066/1164 1351/1498 
f 1085/1373 1268/1371 1351/1498 
f 1067/1165 1066/1164 1268/1371 
f 1064/1162 1067/1165 1128/1226 
f 1062/1160 1064/1162 1128/1226 
f 1350/1499 1078/1176 1079/1177 
f 1351/1500 1350/1499 1079/1177 
f 1350/1499 1330/1474 1078/1176 
f 1085/1183 1351/1500 1079/1177 
f 1353/1501 1356/1502 1355/1503 
f 1359/1504 1358/1505 1357/1506 
f 1360/1507 1358/1505 1359/1504 
f 1361/1508 1360/1507 1359/1504 
f 1362/1509 1360/1507 1361/1508 
f 1363/1510 1362/1509 1361/1508 
f 1356/1511 1362/1509 1363/1510 
f 1355/1512 1356/1511 1363/1510 
f 1354/1513 1364/1514 1352/1515 
f 1364/1514 1354/1513 1357/1506 
f 1360/1507 1365/1516 1358/1505 
f 1358/1505 1365/1516 1366/1517 
f 1366/1517 1365/1516 1367/1518 
f 1365/1516 1368/1519 1367/1518 
f 1368/1519 1365/1516 1360/1507 
f 1362/1509 1368/1519 1360/1507 
f 1368/1519 1362/1509 1356/1511 
f 1367/1518 1368/1519 1356/1511 
f 1369/1520 1358/1505 1366/1517 
f 1369/1520 1357/1506 1358/1505 
f 1369/1521 1364/1514 1357/1506 
f 1364/1514 1369/1521 1370/1522 
f 1364/1514 1370/1522 1352/1515 
f 1352/1515 1370/1522 1353/1501 
f 1370/1522 1366/1523 1353/1501 
f 1369/1521 1366/1523 1370/1522 
f 1366/1523 1367/1524 1353/1501 
f 1353/1501 1367/1524 1356/1502 
f 1344/1490 1337/1481 1354/1513 
f 1344/1490 1354/1513 1343/1489 
f 1342/1485 1373/1525 1338/1488 
f 1334/1478 1371/1526 1335/1479 
f 1372/1527 1371/1526 1334/1478 
f 1333/1477 1372/1527 1334/1478 
f 1338/1482 1372/1527 1333/1477 
f 1342/1485 1353/1501 1373/1525 
f 1353/1501 1355/1503 1373/1525 
f 1352/1515 1353/1501 1342/1485 
f 1343/1489 1352/1515 1342/1485 
f 1354/1513 1352/1515 1343/1489 
f 1337/1481 1357/1506 1354/1513 
f 1359/1504 1357/1506 1337/1481 
f 1335/1479 1359/1504 1337/1481 
f 1361/1508 1359/1504 1335/1479 
f 1371/1526 1361/1508 1335/1479 
f 1363/1510 1361/1508 1371/1526 
f 1372/1527 1363/1510 1371/1526 
f 1373/1528 1372/1527 1338/1482 
f 1355/1512 1363/1510 1372/1527 
f 1373/1528 1355/1512 1372/1527 
f 1374/1529 1375/1530 1205/1531 
f 1204/1532 1374/1529 1205/1531 
f 1376/1533 1374/1529 1204/1532 
f 1206/1534 1376/1533 1204/1532 
f 1374/1529 1376/1533 1199/1301 
f 1376/1533 1206/1534 1199/1301 
f 1198/1300 1374/1529 1199/1301 
f 1375/1530 1374/1529 1198/1300 
f 1197/1299 1375/1530 1198/1300 
f 1206/1534 1200/1302 1199/1301 
f 1375/1530 1197/1299 1193/1295 
f 1205/1531 1375/1530 1193/1295 
f 1377/1535 1186/1286 1178/1536 
f 1188/1288 1178/1536 1186/1286 
f 1377/1535 1178/1536 1170/1271 
f 1169/1270 1377/1535 1170/1271 
f 1378/1537 1377/1535 1169/1270 
f 1167/1268 1378/1537 1169/1270 
f 1177/1282 1378/1537 1167/1268 
f 1164/1265 1177/1282 1167/1268 
f 1176/1276 1177/1282 1164/1265 
f 1163/1264 1176/1276 1164/1265 
f 1172/1273 1176/1276 1163/1264 
f 1184/1284 1186/1286 1377/1535 
f 1378/1537 1184/1284 1377/1535 
f 1177/1282 1184/1284 1378/1537 
f 1178/1457 1188/1291 1175/1278 
f 1379/1538 1380/1539 1381/1540 
f 1382/1541 1379/1538 1381/1540 
f 1383/1542 1379/1538 1382/1541 
f 1384/1543 1383/1542 1382/1541 
f 1381/1540 1380/1539 1385/1544 
f 1380/1539 1386/1545 1385/1544 
f 1387/1546 1383/1542 1384/1543 
f 1388/1547 1387/1546 1384/1543 
f 1389/1548 1387/1546 1388/1547 
f 1390/1549 1389/1548 1388/1547 
f 1391/1550 1389/1548 1390/1549 
f 1392/1551 1391/1550 1390/1549 
f 1393/1552 1391/1550 1392/1551 
f 1394/1553 1393/1552 1392/1551 
f 1386/1554 1393/1552 1394/1553 
f 1385/1555 1386/1554 1394/1553 
f 1379/1538 1383/1542 1395/1556 
f 1383/1542 1387/1546 1395/1556 
f 1396/1557 1379/1538 1395/1556 
f 1396/1557 1397/1558 1379/1538 
f 1397/1558 1380/1539 1379/1538 
f 1398/1559 1386/1545 1380/1539 
f 1397/1558 1398/1559 1380/1539 
f 1386/1554 1398/1560 1393/1552 
f 1399/1561 1397/1558 1396/1557 
f 1397/1558 1399/1561 1398/1559 
f 1396/1557 1400/1562 1399/1561 
f 1400/1562 1401/1563 1399/1561 
f 1402/1564 1400/1562 1396/1557 
f 1403/1565 1402/1564 1396/1557 
f 1395/1556 1403/1565 1396/1557 
f 1399/1561 1401/1563 1398/1559 
f 1401/1563 1404/1566 1398/1559 
f 1405/1567 1402/1564 1403/1565 
f 1406/1568 1405/1567 1403/1565 
f 1407/1569 1405/1567 1406/1568 
f 1389/1548 1407/1569 1406/1568 
f 1408/1570 1407/1569 1389/1548 
f 1391/1550 1408/1570 1389/1548 
f 1409/1571 1408/1570 1391/1550 
f 1393/1552 1409/1571 1391/1550 
f 1404/1572 1409/1571 1393/1552 
f 1398/1560 1404/1572 1393/1552 
f 1387/1546 1389/1548 1406/1568 
f 1387/1546 1406/1568 1395/1556 
f 1395/1556 1406/1568 1403/1565 
f 1404/1572 1410/1573 1409/1571 
f 1410/1573 1411/1574 1409/1571 
f 1412/1575 1411/1574 1410/1573 
f 1411/1574 1412/1575 1413/1576 
f 1412/1575 1414/1577 1413/1576 
f 1414/1577 1412/1575 1415/1578 
f 1415/1578 1412/1575 1410/1573 
f 1416/1579 1414/1577 1415/1578 
f 1417/1580 1414/1577 1416/1579 
f 1418/1581 1417/1580 1416/1579 
f 1414/1577 1417/1580 1419/1582 
f 1413/1576 1414/1577 1419/1582 
f 1417/1580 1418/1581 1419/1582 
f 1418/1581 1420/1583 1419/1582 
f 1411/1574 1413/1576 1408/1570 
f 1409/1571 1411/1574 1408/1570 
f 1413/1576 1419/1582 1407/1569 
f 1408/1570 1413/1576 1407/1569 
f 1419/1582 1420/1583 1405/1567 
f 1407/1569 1419/1582 1405/1567 
f 1405/1567 1420/1583 1402/1564 
f 1420/1583 1421/1584 1402/1564 
f 1421/1584 1423/1585 1422/1586 
f 1422/1586 1423/1585 1424/1587 
f 1423/1585 1416/1588 1424/1587 
f 1416/1588 1415/1589 1424/1587 
f 1418/1590 1416/1588 1423/1585 
f 1421/1584 1418/1590 1423/1585 
f 1418/1590 1421/1584 1420/1583 
f 1424/1587 1415/1589 1410/1591 
f 1421/1584 1422/1586 1400/1562 
f 1402/1564 1421/1584 1400/1562 
f 1422/1586 1424/1587 1401/1563 
f 1400/1562 1422/1586 1401/1563 
f 1424/1587 1410/1591 1404/1566 
f 1401/1563 1424/1587 1404/1566 
f 1425/1592 1070/1593 1133/1594 
f 1426/1595 1425/1592 1133/1594 
f 1425/1592 1426/1595 1385/1544 
f 1426/1595 1381/1540 1385/1544 
f 1382/1541 1381/1540 1426/1595 
f 1427/1596 1382/1541 1426/1595 
f 1426/1595 1428/1597 1427/1596 
f 1426/1595 1133/1594 1428/1597 
f 1428/1597 1429/1598 1427/1596 
f 1429/1598 1430/1599 1427/1596 
f 1430/1599 1431/1600 1427/1596 
f 1431/1600 1430/1599 1432/1601 
f 1430/1599 1433/1602 1432/1601 
f 1427/1596 1431/1600 1384/1543 
f 1382/1541 1427/1596 1384/1543 
f 1384/1543 1431/1600 1432/1601 
f 1388/1547 1384/1543 1432/1601 
f 1388/1547 1432/1601 1434/1603 
f 1390/1549 1388/1547 1434/1603 
f 1390/1549 1434/1603 1435/1604 
f 1435/1604 1434/1603 1208/1605 
f 1208/1605 1434/1603 1209/1606 
f 1209/1606 1432/1601 1433/1602 
f 1209/1606 1434/1603 1432/1601 
f 1211/1607 1435/1604 1208/1605 
f 1435/1604 1211/1607 1071/1608 
f 1436/1609 1435/1604 1071/1608 
f 1436/1609 1071/1608 1070/1610 
f 1425/1611 1436/1609 1070/1610 
f 1392/1551 1390/1549 1435/1604 
f 1435/1604 1436/1609 1394/1553 
f 1392/1551 1435/1604 1394/1553 
f 1436/1609 1425/1611 1394/1553 
f 1425/1611 1385/1555 1394/1553 
f 1430/1612 1429/1613 1437/1614 
f 1438/1615 1430/1612 1437/1614 
f 1430/1612 1438/1615 1433/1616 
f 1438/1615 1439/1617 1433/1616 
f 1437/1614 1429/1613 1440/1618 
f 1429/1613 1428/1619 1440/1618 
f 1428/1619 1133/1231 1440/1618 
f 1133/1231 1126/1224 1440/1618 
f 1440/1618 1441/1620 1437/1614 
f 1442/1621 1441/1620 1440/1618 
f 1443/1622 1438/1615 1437/1614 
f 1441/1620 1443/1622 1437/1614 
f 1129/1227 1132/1230 1442/1621 
f 1125/1223 1129/1227 1442/1621 
f 1125/1223 1442/1621 1440/1618 
f 1126/1224 1125/1223 1440/1618 
f 1443/1622 1441/1620 1444/1623 
f 1443/1622 1444/1623 1445/1624 
f 1446/1625 1443/1622 1445/1624 
f 1446/1625 1445/1624 521/623 
f 1447/1626 1446/1625 521/623 
f 1447/1626 1448/1627 1446/1625 
f 1448/1627 1439/1617 1446/1625 
f 521/623 1445/1624 127/1628 
f 1441/1620 121/1629 1444/1623 
f 1441/1620 1442/1621 121/1629 
f 1442/1621 116/1630 121/1629 
f 116/1630 1442/1621 1132/1230 
f 117/1233 116/1630 1132/1230 
f 1444/1623 121/1629 124/1631 
f 127/1628 1445/1624 125/1632 
f 1444/1623 124/1631 125/1632 
f 125/1632 1445/1624 1444/1623 
f 1447/1626 521/623 550/622 
f 1447/1626 550/622 1448/1627 
f 550/622 554/627 1448/1627 
f 1207/1310 1448/1627 554/627 
f 568/641 1207/1310 554/627 
f 1207/1310 568/641 566/639 
f 568/641 567/640 566/639 
f 1209/1312 1439/1617 1448/1627 
f 1439/1617 1209/1312 1433/1616 
f 1209/1312 1448/1627 1207/1310 
f 1446/1625 1439/1617 1438/1615 
f 1443/1622 1446/1625 1438/1615 
f 1168/1633 75/1634 1222/1325 
f 1217/1320 1168/1633 1222/1325 
f 1168/1633 1217/1320 1214/1317 
f 75/1634 74/1635 1222/1325 
f 74/1635 1224/1327 1222/1325 
f 1168/1633 1214/1317 571/644 
f 571/644 1214/1317 1213/1316 
f 1162/1636 1168/1633 571/644 
f 1213/1316 570/643 571/644 
f 1213/1316 565/638 570/643 
f 1162/1636 571/644 572/645 
f 1156/1637 1162/1636 572/645 
f 569/642 1156/1637 572/645 
f 569/642 1152/1638 1156/1637 
f 556/629 1152/1638 569/642 
f 1152/1638 556/629 551/624 
f 1151/1639 1152/1638 551/624 
f 1154/1640 1151/1639 551/624 
f 546/615 1154/1640 551/624 
f 1154/1640 546/615 545/614 
f 1219/1322 1092/1190 1088/1186 
f 1450/1641 1453/1642 430/485 
f 1454/1643 1455/1644 1452/1645 
f 1456/1646 1455/1644 1454/1643 
f 1454/1643 1457/1647 1456/1646 
f 1458/1648 1456/1646 1457/1647 
f 1458/1648 1457/1647 1459/1649 
f 1459/1649 1460/1650 1458/1648 
f 1452/1645 1461/1651 1451/1652 
f 1461/1651 1462/1653 1451/1652 
f 1462/1653 1461/1651 1463/1654 
f 1463/1654 1461/1651 1464/1655 
f 1461/1651 1455/1644 1464/1655 
f 1456/1646 1465/1656 1455/1644 
f 1456/1646 1458/1648 1465/1656 
f 1461/1651 1452/1645 1455/1644 
f 1464/1655 1455/1644 1465/1656 
f 1465/1656 1458/1648 1466/1657 
f 1466/1657 1458/1648 1467/1658 
f 1458/1648 1468/1659 1467/1658 
f 1460/1650 1468/1659 1458/1648 
f 1467/1658 1469/1660 1466/1657 
f 1469/1660 1470/1661 1466/1657 
f 1470/1661 1471/1662 1466/1657 
f 1471/1662 1470/1661 1472/1663 
f 1471/1662 1472/1663 1473/1664 
f 1471/1662 1473/1664 1466/1657 
f 1472/1663 1474/1665 1473/1664 
f 1472/1663 1475/1666 1474/1665 
f 1475/1666 1476/1667 1474/1665 
f 1475/1666 1477/1668 1476/1667 
f 1470/1661 1478/1669 1472/1663 
f 1472/1663 1478/1669 1475/1666 
f 1478/1669 1479/1670 1475/1666 
f 1475/1666 1479/1670 1477/1668 
f 1479/1670 1480/1671 1477/1668 
f 1473/1664 1474/1665 1481/1672 
f 1482/1673 1473/1664 1481/1672 
f 1482/1673 1481/1672 1483/1674 
f 1484/1675 1482/1673 1483/1674 
f 1484/1675 1483/1674 1485/1676 
f 1483/1674 1486/1677 1485/1676 
f 1483/1674 1487/1678 1486/1677 
f 1483/1674 1481/1672 1487/1678 
f 1487/1678 1488/1679 1486/1677 
f 1486/1677 1488/1679 1489/1680 
f 1488/1679 1490/1681 1489/1680 
f 1486/1677 1489/1680 1491/1682 
f 1485/1676 1486/1677 1491/1682 
f 1481/1672 1492/1683 1487/1678 
f 1487/1678 1493/1684 1488/1679 
f 1488/1679 1493/1684 1490/1681 
f 1482/1673 1484/1675 1494/1685 
f 1484/1675 1485/1676 1494/1685 
f 1485/1676 1495/1686 1494/1685 
f 1485/1676 1491/1682 1495/1686 
f 1491/1682 1496/1687 1495/1686 
f 1497/1688 1491/1682 1489/1680 
f 1491/1682 1497/1688 1496/1687 
f 1498/1689 1497/1688 1489/1680 
f 1497/1688 1498/1689 1499/1690 
f 1498/1689 1500/1691 1499/1690 
f 1498/1689 1501/1692 1500/1691 
f 1489/1680 1490/1681 1501/1692 
f 1498/1689 1489/1680 1501/1692 
f 1501/1692 1502/1693 1500/1691 
f 1499/1690 1500/1691 1503/1694 
f 1504/1695 1499/1690 1503/1694 
f 1487/1678 1492/1683 1505/1696 
f 1487/1678 1505/1696 1493/1684 
f 1492/1683 1506/1697 1505/1696 
f 1492/1683 1476/1667 1506/1697 
f 1474/1665 1476/1667 1492/1683 
f 1481/1672 1474/1665 1492/1683 
f 1476/1667 1507/1698 1506/1697 
f 1508/1699 1507/1698 1476/1667 
f 1477/1668 1508/1699 1476/1667 
f 1477/1668 1480/1671 1508/1699 
f 1480/1671 1509/1700 1508/1699 
f 1504/1695 1503/1694 241/1701 
f 1510/1702 1504/1695 241/1701 
f 1510/1702 241/1701 1511/1703 
f 241/1701 243/1704 1511/1703 
f 243/1704 1512/1705 1511/1703 
f 1512/1705 1513/1706 1511/1703 
f 1513/1706 1512/1705 1514/1707 
f 1515/1708 1513/1706 1514/1707 
f 1512/1705 1516/1709 1514/1707 
f 1517/1710 1513/1706 1515/1708 
f 1511/1703 1513/1706 1517/1710 
f 1518/1711 1517/1710 1515/1708 
f 1519/1712 1511/1703 1517/1710 
f 1511/1703 1519/1712 1510/1702 
f 1519/1712 1520/1713 1510/1702 
f 1520/1713 1519/1712 1521/1714 
f 1510/1702 1520/1713 1504/1695 
f 1520/1713 1522/1715 1504/1695 
f 1520/1713 1521/1714 1522/1715 
f 1521/1714 1523/1716 1522/1715 
f 1521/1714 1524/1717 1523/1716 
f 1524/1717 1453/1642 1523/1716 
f 1525/1718 1453/1642 1524/1717 
f 428/483 1453/1642 1525/1718 
f 1526/1719 1453/1642 1450/1641 
f 1449/1720 1526/1719 1450/1641 
f 1462/1653 1526/1719 1449/1720 
f 1451/1652 1462/1653 1449/1720 
f 1525/1718 1524/1717 1527/1721 
f 1524/1717 1528/1722 1527/1721 
f 1527/1721 1528/1722 1529/1723 
f 1529/1723 1528/1722 1519/1712 
f 1530/1724 1529/1723 1519/1712 
f 1531/1725 1529/1723 1530/1724 
f 1532/1726 1531/1725 1530/1724 
f 1533/1727 1531/1725 1532/1726 
f 1534/1728 1533/1727 1532/1726 
f 1535/1729 1533/1727 1534/1728 
f 1536/1730 1535/1729 1534/1728 
f 1537/1731 1535/1729 1536/1730 
f 1538/1732 1537/1731 1536/1730 
f 1539/1733 1531/1725 1533/1727 
f 1540/1734 1539/1733 1533/1727 
f 1540/1734 1535/1729 1541/1735 
f 1540/1734 1533/1727 1535/1729 
f 1542/1736 1539/1733 1540/1734 
f 1542/1736 1543/1737 1539/1733 
f 1543/1737 1544/1738 1539/1733 
f 1539/1733 1544/1738 1531/1725 
f 1544/1738 1529/1723 1531/1725 
f 1544/1738 1527/1721 1529/1723 
f 1468/1739 1537/1731 1538/1732 
f 1467/1740 1468/1739 1538/1732 
f 1535/1729 1537/1731 1545/1741 
f 1541/1735 1535/1729 1545/1741 
f 1537/1731 1468/1739 1460/1742 
f 1545/1741 1537/1731 1460/1742 
f 1545/1741 1460/1742 1459/1743 
f 1546/1744 1541/1735 1545/1741 
f 1459/1743 1546/1744 1545/1741 
f 427/482 1527/1721 1544/1738 
f 1543/1737 427/482 1544/1738 
f 1547/1745 1546/1744 1459/1743 
f 1547/1745 1459/1743 455/579 
f 1547/1745 1548/1746 1546/1744 
f 1548/1746 1541/1735 1546/1744 
f 427/482 426/481 1527/1721 
f 1541/1735 1548/1746 1549/1747 
f 1540/1734 1541/1735 1549/1747 
f 1540/1734 1549/1747 500/557 
f 500/557 504/561 1540/1734 
f 1542/1736 1540/1734 504/561 
f 505/562 1542/1736 504/561 
f 1542/1736 505/562 1543/1737 
f 427/482 1543/1737 508/565 
f 505/562 508/565 1543/1737 
f 503/560 1547/1745 455/579 
f 1548/1746 1547/1745 503/560 
f 501/558 1548/1746 503/560 
f 501/558 500/557 1549/1747 
f 1548/1746 501/558 1549/1747 
f 1525/1718 1527/1721 426/481 
f 1525/1718 426/481 428/483 
f 1450/1641 430/485 436/491 
f 1449/1720 1450/1641 436/491 
f 1550/1748 1449/1720 436/491 
f 428/483 430/485 1453/1642 
f 1451/1652 1449/1720 1550/1748 
f 1551/1749 1451/1652 1550/1748 
f 1452/1645 1451/1652 1551/1749 
f 1552/1750 1452/1645 1551/1749 
f 1452/1645 1552/1750 1454/1643 
f 1552/1750 1553/1751 1454/1643 
f 1457/1647 1454/1643 1553/1751 
f 1553/1751 1554/1752 1457/1647 
f 1554/1752 453/508 1457/1647 
f 1457/1647 453/508 1459/1649 
f 453/508 455/510 1459/1649 
f 1551/1749 1550/1748 438/493 
f 440/495 1551/1749 438/493 
f 436/491 438/493 1550/1748 
f 1555/1753 1554/1752 1553/1751 
f 1555/1753 1553/1751 1552/1750 
f 1551/1749 440/495 1552/1750 
f 440/495 442/497 1552/1750 
f 1552/1750 442/497 1555/1753 
f 442/497 449/504 1555/1753 
f 1554/1752 1555/1753 449/504 
f 451/506 1554/1752 449/504 
f 1554/1752 451/506 453/508 
f 1556/1754 1557/1755 511/568 
f 1558/1756 1556/1754 511/568 
f 1559/1757 1556/1754 1558/1756 
f 514/571 1559/1757 1558/1756 
f 1556/1754 1560/1758 1557/1755 
f 1560/1758 1561/1759 1557/1755 
f 1562/1760 1560/1758 1556/1754 
f 1559/1757 1562/1760 1556/1754 
f 1563/1761 1562/1760 1559/1757 
f 515/572 1563/1761 1559/1757 
f 515/572 1559/1757 514/571 
f 1557/1755 1561/1759 1564/1762 
f 511/568 1557/1755 1564/1762 
f 1561/1759 1565/1763 1564/1762 
f 1560/1758 1566/1764 1561/1759 
f 1566/1764 1567/1765 1561/1759 
f 1565/1763 1561/1759 1567/1765 
f 1566/1764 1568/1766 1567/1765 
f 1569/1767 1568/1766 1566/1764 
f 1570/1768 1569/1767 1566/1764 
f 1570/1768 1566/1764 1560/1758 
f 1562/1760 1570/1768 1560/1758 
f 1571/1769 1569/1767 1570/1768 
f 1572/1770 1571/1769 1570/1768 
f 1572/1770 1570/1768 1562/1760 
f 1563/1761 1572/1770 1562/1760 
f 1573/1771 1571/1769 1572/1770 
f 1574/1772 1573/1771 1572/1770 
f 1574/1772 1572/1770 1563/1761 
f 109/156 1573/1771 1574/1772 
f 1575/1773 109/156 1574/1772 
f 1568/1766 1576/1774 1567/1765 
f 1573/1771 107/154 1571/1769 
f 107/154 1573/1771 109/156 
f 107/154 101/148 1571/1769 
f 1571/1769 101/148 1569/1767 
f 101/148 99/146 1569/1767 
f 1569/1767 99/146 1568/1766 
f 99/146 1577/1775 1568/1766 
f 1568/1766 1577/1775 1576/1774 
f 1575/1773 1574/1772 1578/1776 
f 1578/1776 1574/1772 1563/1761 
f 1579/1777 1575/1773 1578/1776 
f 1580/1778 1576/1774 94/141 
f 1576/1774 95/142 94/141 
f 95/142 1576/1774 1577/1775 
f 1581/1779 1576/1774 1580/1778 
f 1567/1765 1576/1774 1581/1779 
f 1582/1780 1567/1765 1581/1779 
f 1565/1763 1567/1765 1582/1780 
f 1565/1763 1582/1780 1583/1781 
f 1564/1762 1565/1763 1583/1781 
f 1584/1782 1564/1762 1583/1781 
f 1585/1783 1584/1782 1583/1781 
f 1583/1781 1586/1784 1585/1783 
f 1586/1784 1583/1781 1582/1780 
f 1586/1784 1587/1785 1585/1783 
f 1587/1785 1586/1784 1588/1786 
f 1589/1787 1587/1785 1588/1786 
f 1589/1787 1588/1786 1590/1788 
f 1588/1786 1591/1789 1590/1788 
f 1590/1788 1591/1789 460/515 
f 1591/1789 1592/1790 460/515 
f 460/515 1592/1790 462/517 
f 1592/1790 1593/1791 462/517 
f 1592/1790 1594/1792 1593/1791 
f 1594/1792 1595/1793 1593/1791 
f 1594/1792 1596/1794 1595/1793 
f 1596/1794 1597/1795 1595/1793 
f 1596/1794 1598/1796 1597/1795 
f 1599/1797 1594/1792 1592/1790 
f 1591/1789 1599/1797 1592/1790 
f 1590/1788 458/513 1589/1787 
f 1590/1788 460/515 458/513 
f 458/513 448/503 1589/1787 
f 1597/1795 492/549 1600/1798 
f 1600/1798 492/549 497/554 
f 1600/1798 497/554 1601/1799 
f 1602/1800 1600/1798 1601/1799 
f 1597/1795 1600/1798 1602/1800 
f 1595/1793 1597/1795 1602/1800 
f 1601/1799 497/554 476/531 
f 497/554 478/533 476/531 
f 1602/1800 1601/1799 1603/1801 
f 1593/1791 1595/1793 1602/1800 
f 1593/1791 1602/1800 464/519 
f 462/517 1593/1791 464/519 
f 1602/1800 1603/1801 466/521 
f 464/519 1602/1800 466/521 
f 476/531 1603/1801 1601/1799 
f 1603/1801 476/531 472/527 
f 466/521 1603/1801 472/527 
f 492/549 1597/1795 493/550 
f 1597/1795 1598/1796 493/550 
f 1598/1796 496/553 493/550 
f 496/553 1598/1796 495/552 
f 1598/1796 1604/1802 495/552 
f 1604/1802 1580/1778 495/552 
f 1580/1778 94/141 495/552 
f 1605/1803 1604/1802 1598/1796 
f 1596/1794 1605/1803 1598/1796 
f 1605/1803 1596/1794 1594/1792 
f 1599/1797 1605/1803 1594/1792 
f 1604/1802 1605/1803 1606/1804 
f 1606/1804 1580/1778 1604/1802 
f 1581/1779 1580/1778 1606/1804 
f 1605/1803 1599/1797 1607/1805 
f 1607/1805 1606/1804 1605/1803 
f 1607/1805 1599/1797 1591/1789 
f 1588/1786 1607/1805 1591/1789 
f 1607/1805 1608/1806 1606/1804 
f 1608/1806 1581/1779 1606/1804 
f 1608/1806 1582/1780 1581/1779 
f 1586/1784 1608/1806 1607/1805 
f 1588/1786 1586/1784 1607/1805 
f 1608/1806 1586/1784 1582/1780 
f 1609/1807 1479/1808 1478/1809 
f 1610/1810 1609/1807 1478/1809 
f 1610/1810 1478/1809 1470/1811 
f 1611/1812 1610/1810 1470/1811 
f 1612/1813 1610/1810 1611/1812 
f 1610/1810 1612/1813 1609/1807 
f 1613/1814 1612/1813 1611/1812 
f 1614/1815 1612/1813 1613/1814 
f 1615/1816 1614/1815 1613/1814 
f 1616/1817 1614/1815 1615/1816 
f 1617/1818 1616/1817 1615/1816 
f 1612/1813 1614/1815 1618/1819 
f 1619/1820 1618/1819 1614/1815 
f 1616/1817 1619/1820 1614/1815 
f 1619/1820 1620/1821 1618/1819 
f 1620/1821 1621/1822 1618/1819 
f 1612/1813 1618/1819 1621/1822 
f 1615/1816 1613/1814 1622/1823 
f 1615/1816 1623/1824 1617/1818 
f 1623/1824 1615/1816 1622/1823 
f 1613/1814 1611/1812 1624/1825 
f 1622/1823 1613/1814 1624/1825 
f 1611/1812 1470/1811 1469/1826 
f 1624/1825 1611/1812 1469/1826 
f 1623/1824 1622/1823 1536/1730 
f 1534/1728 1623/1824 1536/1730 
f 1518/1711 1623/1824 1534/1728 
f 1617/1818 1623/1824 1518/1711 
f 1532/1726 1518/1711 1534/1728 
f 1517/1710 1518/1711 1532/1726 
f 1530/1724 1517/1710 1532/1726 
f 1519/1712 1517/1710 1530/1724 
f 1622/1823 1624/1825 1538/1732 
f 1536/1730 1622/1823 1538/1732 
f 1624/1825 1469/1826 1467/1740 
f 1538/1732 1624/1825 1467/1740 
f 1519/1712 1528/1722 1521/1714 
f 1528/1722 1524/1717 1521/1714 
f 1617/1818 1518/1711 1515/1708 
f 1617/1818 1515/1708 1616/1817 
f 1515/1708 1514/1707 1616/1817 
f 1616/1817 1514/1707 1619/1820 
f 1514/1707 1516/1709 1619/1820 
f 1619/1820 1516/1709 1620/1821 
f 1620/1821 1516/1709 247/1827 
f 1516/1709 245/1828 247/1827 
f 1512/1705 245/1828 1516/1709 
f 245/1828 1512/1705 243/1704 
f 1620/1821 1625/1829 1621/1822 
f 1626/1830 1621/1822 1625/1829 
f 1626/1830 1627/1831 1621/1822 
f 1627/1831 1612/1813 1621/1822 
f 1612/1813 1627/1831 1609/1807 
f 1479/1808 1609/1807 1480/1832 
f 1480/1832 1609/1807 1509/1833 
f 1609/1807 1628/1834 1509/1833 
f 1627/1831 1626/1830 1628/1834 
f 1609/1807 1627/1831 1628/1834 
f 1628/1834 1626/1830 1629/1835 
f 204/255 206/257 1630/1836 
f 1631/1837 204/255 1630/1836 
f 1632/1838 1631/1837 1630/1836 
f 1633/1839 1632/1838 1630/1836 
f 1632/1838 1633/1839 1634/1840 
f 1633/1839 1635/1841 1634/1840 
f 1632/1838 1634/1840 1636/1842 
f 1637/1843 1632/1838 1636/1842 
f 1637/1843 1636/1842 1638/1844 
f 1639/1845 1637/1843 1638/1844 
f 1633/1839 1630/1836 1640/1846 
f 1641/1847 1633/1839 1640/1846 
f 1633/1839 1641/1847 1635/1841 
f 1641/1847 1642/1848 1635/1841 
f 1636/1842 1634/1840 1643/1849 
f 1644/1850 1636/1842 1643/1849 
f 1638/1844 1636/1842 1644/1850 
f 1634/1840 1635/1841 1645/1851 
f 1643/1849 1634/1840 1645/1851 
f 1635/1841 1642/1848 1646/1852 
f 1645/1851 1635/1841 1646/1852 
f 1648/1853 1646/1852 1647/1854 
f 1649/1855 1648/1853 1647/1854 
f 1650/1856 1649/1855 1647/1854 
f 1650/1856 1651/1857 1649/1855 
f 1646/1852 1642/1848 1652/1858 
f 1647/1854 1646/1852 1652/1858 
f 1647/1854 1652/1858 1650/1856 
f 1652/1858 1653/1859 1650/1856 
f 1651/1857 1650/1856 1653/1859 
f 1652/1858 1642/1848 1654/1860 
f 1642/1848 1641/1847 1654/1860 
f 1655/1861 1653/1859 1652/1858 
f 1654/1860 1655/1861 1652/1858 
f 1655/1861 1656/1862 1653/1859 
f 1653/1859 1656/1862 1651/1857 
f 1657/1863 1654/1860 1641/1847 
f 1655/1861 1654/1860 1657/1863 
f 1640/1846 1657/1863 1641/1847 
f 210/261 1657/1863 1640/1846 
f 209/260 210/261 1640/1846 
f 1640/1846 1630/1836 209/260 
f 1630/1836 206/257 209/260 
f 202/253 204/255 1631/1837 
f 1658/1864 202/253 1631/1837 
f 1631/1837 1632/1838 1658/1864 
f 1632/1838 1637/1843 1658/1864 
f 200/251 202/253 1658/1864 
f 1659/1865 200/251 1658/1864 
f 1658/1864 1637/1843 1659/1865 
f 1637/1843 1639/1845 1659/1865 
f 1659/1865 1639/1845 198/249 
f 1659/1865 198/249 200/251 
f 198/249 1639/1845 196/247 
f 1639/1845 1660/1866 196/247 
f 1660/1866 1639/1845 1638/1844 
f 1661/1867 1660/1866 1638/1844 
f 1660/1866 1661/1867 1662/1868 
f 1663/1869 1660/1866 1662/1868 
f 1663/1869 1662/1868 1664/1870 
f 1665/1871 1663/1869 1664/1870 
f 192/243 1663/1869 1665/1871 
f 1666/1872 192/243 1665/1871 
f 191/242 192/243 1666/1872 
f 191/242 1666/1872 1667/1873 
f 1668/1874 191/242 1667/1873 
f 189/240 191/242 1668/1874 
f 1668/1874 1669/1875 189/240 
f 1667/1873 1670/1876 1668/1874 
f 1670/1876 1671/1877 1668/1874 
f 1668/1874 1671/1877 1669/1875 
f 1671/1877 1670/1876 1672/1878 
f 1673/1879 1671/1877 1672/1878 
f 1673/1879 1672/1878 1674/1880 
f 1675/1881 1673/1879 1674/1880 
f 1677/1882 1676/1883 1675/1881 
f 1676/1883 1677/1882 1678/1884 
f 1678/1884 1679/1885 1676/1883 
f 1679/1885 1680/1886 1676/1883 
f 1680/1886 1673/1879 1675/1881 
f 1676/1883 1680/1886 1675/1881 
f 1681/1887 1679/1885 1678/1884 
f 1683/1888 1679/1885 1681/1887 
f 1684/1889 1683/1888 1681/1887 
f 1684/1889 1685/1890 1683/1888 
f 1685/1890 1686/1891 1683/1888 
f 1689/1892 1688/1893 1687/1894 
f 1690/1895 1689/1892 1687/1894 
f 1691/1896 1690/1895 1687/1894 
f 1691/1896 1687/1894 1686/1891 
f 1692/1897 1689/1892 1690/1895 
f 1692/1897 161/212 1689/1892 
f 161/212 162/213 1689/1892 
f 1689/1892 162/213 1688/1893 
f 1692/1897 157/208 161/212 
f 1693/1898 157/208 1692/1897 
f 1692/1897 1690/1895 1691/1896 
f 1693/1898 1692/1897 1691/1896 
f 1694/1899 1693/1898 1691/1896 
f 157/208 1693/1898 1695/1900 
f 155/206 157/208 1695/1900 
f 1695/1900 1693/1898 1694/1899 
f 1695/1900 1694/1899 1696/1901 
f 1696/1901 1698/1902 1697/1903 
f 1699/1904 1695/1900 1696/1901 
f 155/206 1695/1900 1699/1904 
f 1696/1901 1700/1905 1698/1902 
f 1694/1899 1700/1905 1696/1901 
f 1700/1905 1701/1906 1698/1902 
f 1700/1905 1702/1907 1701/1906 
f 1700/1905 1694/1899 1702/1907 
f 1702/1907 1703/1908 1701/1906 
f 1694/1899 1691/1896 1702/1907 
f 1702/1907 1704/1909 1703/1908 
f 1697/1903 1705/1910 1696/1901 
f 1705/1910 1706/1911 1696/1901 
f 1696/1901 1706/1911 1699/1904 
f 1706/1911 1707/1912 1699/1904 
f 1702/1907 1708/1913 1704/1909 
f 1702/1907 1691/1896 1708/1913 
f 151/202 1699/1904 1707/1912 
f 153/204 1699/1904 151/202 
f 153/204 155/206 1699/1904 
f 1709/1914 151/202 1707/1912 
f 151/202 1709/1914 147/198 
f 1709/1914 1710/1915 147/198 
f 147/198 1710/1915 1711/1916 
f 1710/1915 1712/1917 1711/1916 
f 136/197 1711/1916 1712/1917 
f 1713/1918 136/197 1712/1917 
f 1713/1918 1712/1917 1714/1919 
f 1714/1919 1712/1917 1710/1915 
f 1715/1920 1713/1918 1714/1919 
f 1716/1921 1714/1919 1710/1915 
f 1716/1921 1710/1915 1709/1914 
f 1717/1922 1715/1920 1714/1919 
f 1718/1923 1717/1922 1714/1919 
f 1719/1924 1718/1923 1714/1919 
f 1719/1924 1714/1919 1720/1925 
f 1720/1925 1714/1919 1716/1921 
f 1721/1926 1719/1924 1720/1925 
f 1721/1926 1720/1925 1722/1927 
f 1723/1928 1721/1926 1722/1927 
f 1722/1927 1724/1929 1723/1928 
f 1722/1927 1725/1930 1726/1931 
f 1722/1927 1726/1931 1724/1929 
f 1725/1930 1727/1932 1726/1931 
f 1722/1927 1728/1933 1725/1930 
f 1720/1925 1716/1921 1728/1933 
f 1722/1927 1720/1925 1728/1933 
f 1728/1933 1709/1914 1725/1930 
f 1728/1933 1716/1921 1709/1914 
f 1709/1914 1707/1912 1725/1930 
f 1727/1932 1725/1930 1707/1912 
f 1729/1934 1726/1931 1727/1932 
f 1729/1934 1730/1935 1726/1931 
f 1730/1935 1731/1936 1726/1931 
f 1726/1931 1731/1936 1724/1929 
f 1730/1935 1732/1937 1731/1936 
f 1732/1937 1733/1938 1731/1936 
f 1724/1929 1731/1936 1733/1938 
f 1734/1939 1724/1929 1733/1938 
f 1705/1910 1729/1934 1727/1932 
f 1706/1911 1727/1932 1707/1912 
f 1705/1910 1727/1932 1706/1911 
f 1734/1939 1733/1938 1735/1940 
f 1736/1941 1734/1939 1735/1940 
f 1736/1941 1735/1940 1737/1942 
f 1735/1940 1738/1943 1737/1942 
f 1739/1944 1738/1943 1735/1940 
f 1740/1945 1739/1944 1735/1940 
f 1740/1945 1735/1940 1733/1938 
f 1732/1937 1740/1945 1733/1938 
f 1741/1946 1742/1947 1743/1948 
f 1744/1949 1741/1946 1743/1948 
f 1741/1946 1745/1950 1742/1947 
f 1742/1947 1745/1950 1746/1951 
f 1742/1947 1749/1952 1748/1953 
f 1742/1947 1748/1953 1750/1954 
f 1743/1948 1742/1947 1750/1954 
f 1747/1955 1751/1956 1752/1957 
f 1752/1957 1751/1956 347/402 
f 1751/1956 348/403 347/402 
f 1753/1958 1747/1955 1752/1957 
f 1746/1951 1747/1955 1753/1958 
f 1754/1959 1746/1951 1753/1958 
f 1754/1959 1749/1952 1742/1947 
f 1746/1951 1754/1959 1742/1947 
f 1746/1951 1745/1950 1755/1960 
f 1756/1961 1746/1951 1755/1960 
f 1755/1960 1757/1962 1756/1961 
f 1758/1963 1755/1960 1745/1950 
f 1741/1946 1758/1963 1745/1950 
f 1759/1964 1758/1963 1741/1946 
f 1744/1949 1759/1964 1741/1946 
f 1758/1963 1760/1965 1755/1960 
f 1757/1962 1755/1960 1760/1965 
f 1762/1966 1760/1965 1761/1967 
f 1763/1968 1764/1969 1762/1966 
f 1762/1966 1765/1970 1760/1965 
f 1766/1971 1765/1970 1762/1966 
f 1767/1972 1766/1971 1762/1966 
f 1767/1972 1762/1966 1764/1969 
f 1768/1973 1766/1971 1767/1972 
f 1648/1853 1768/1973 1767/1972 
f 1768/1973 1648/1853 1649/1855 
f 1765/1970 1769/1974 1760/1965 
f 1769/1974 1757/1962 1760/1965 
f 1770/1975 1646/1852 1648/1853 
f 1645/1851 1646/1852 1770/1975 
f 1770/1975 1771/1976 1645/1851 
f 1771/1976 1643/1849 1645/1851 
f 1771/1976 1770/1975 1764/1969 
f 1648/1853 1767/1972 1764/1969 
f 1770/1975 1648/1853 1764/1969 
f 1772/1977 1771/1976 1764/1969 
f 1764/1969 1773/1978 1772/1977 
f 1764/1969 1763/1968 1773/1978 
f 1644/1850 1643/1849 1771/1976 
f 1774/1979 1644/1850 1771/1976 
f 1771/1976 1772/1977 1774/1979 
f 1644/1850 1774/1979 1775/1980 
f 1775/1980 1776/1981 1644/1850 
f 1776/1981 1638/1844 1644/1850 
f 1661/1867 1638/1844 1776/1981 
f 1777/1982 1661/1867 1776/1981 
f 1777/1982 1776/1981 1775/1980 
f 1778/1983 1777/1982 1775/1980 
f 1662/1868 1661/1867 1777/1982 
f 1662/1868 1777/1982 1779/1984 
f 1664/1870 1662/1868 1779/1984 
f 1664/1870 1779/1984 1780/1985 
f 1781/1986 1664/1870 1780/1985 
f 1782/1987 1665/1871 1781/1986 
f 1781/1986 1780/1985 1783/1988 
f 1784/1989 1781/1986 1783/1988 
f 1781/1986 1784/1989 1782/1987 
f 1785/1990 1784/1989 1783/1988 
f 1786/1991 1785/1990 1783/1988 
f 1787/1992 1786/1991 1783/1988 
f 1786/1991 1788/1993 1785/1990 
f 1788/1993 1789/1994 1785/1990 
f 1788/1993 1790/1995 1791/1996 
f 1792/1997 1788/1993 1791/1996 
f 1789/1994 1788/1993 1792/1997 
f 1793/1998 1789/1994 1792/1997 
f 1789/1994 1793/1998 1794/1999 
f 1789/1994 1794/1999 1795/2000 
f 1785/1990 1789/1994 1795/2000 
f 1788/1993 1786/1991 1796/2001 
f 1790/1995 1788/1993 1796/2001 
f 1797/2002 1785/1990 1795/2000 
f 1785/1990 1797/2002 1798/2003 
f 1798/2003 1797/2002 1674/1880 
f 1785/1990 1798/2003 1784/1989 
f 1798/2003 1799/2004 1784/1989 
f 1800/2005 1791/1996 1790/1995 
f 1796/2001 1801/2006 1790/1995 
f 1796/2001 1787/1992 1801/2006 
f 1786/1991 1787/1992 1796/2001 
f 1802/2007 1801/2006 1787/1992 
f 1801/2006 1802/2007 1803/2008 
f 1803/2008 1804/2009 1801/2006 
f 1801/2006 1800/2005 1790/1995 
f 1804/2009 1805/2010 1801/2006 
f 1801/2006 1805/2010 1800/2005 
f 1805/2010 1806/2011 1800/2005 
f 1806/2011 1807/2012 1800/2005 
f 1808/2013 1807/2012 1806/2011 
f 1809/2014 1808/2013 1806/2011 
f 1808/2013 1809/2014 1810/2015 
f 1811/2016 1808/2013 1810/2015 
f 1811/2016 1810/2015 1812/2017 
f 1810/2015 1813/2018 1812/2017 
f 1813/2018 1814/2019 1812/2017 
f 1815/2020 1811/2016 1812/2017 
f 1813/2018 1810/2015 1809/2014 
f 1806/2011 1816/2021 1809/2014 
f 1806/2011 1805/2010 1816/2021 
f 1805/2010 1804/2009 1816/2021 
f 1804/2009 1817/2022 1816/2021 
f 1804/2009 1803/2008 1817/2022 
f 1803/2008 1818/2023 1817/2022 
f 1819/2024 1818/2023 1803/2008 
f 1802/2007 1819/2024 1803/2008 
f 1819/2024 1802/2007 1820/2025 
f 1821/2026 1820/2025 1802/2007 
f 1787/1992 1821/2026 1802/2007 
f 1821/2026 1787/1992 1783/1988 
f 1821/2026 1783/1988 1780/1985 
f 1822/2027 1821/2026 1780/1985 
f 1820/2025 1821/2026 1822/2027 
f 1780/1985 1779/1984 1822/2027 
f 1779/1984 1823/2028 1822/2027 
f 1823/2028 1779/1984 1777/1982 
f 1778/1983 1823/2028 1777/1982 
f 1824/2029 1823/2028 1778/1983 
f 1825/2030 1824/2029 1778/1983 
f 1778/1983 1775/1980 1825/2030 
f 1774/1979 1825/2030 1775/1980 
f 1774/1979 1826/2031 1825/2030 
f 1772/1977 1826/2031 1774/1979 
f 1772/1977 1773/1978 1826/2031 
f 1773/1978 1827/2032 1826/2031 
f 1826/2031 1828/2033 1825/2030 
f 1824/2029 1825/2030 1828/2033 
f 1826/2031 1827/2032 1828/2033 
f 1773/1978 1829/2034 1827/2032 
f 1829/2034 1773/1978 1763/1968 
f 1761/1967 1763/1968 1762/1966 
f 1830/2035 1763/1968 1761/1967 
f 1758/1963 1761/1967 1760/1965 
f 1758/1963 1759/1964 1761/1967 
f 1759/1964 1831/2036 1761/1967 
f 1832/2037 1830/2035 1761/1967 
f 1831/2036 1832/2037 1761/1967 
f 1831/2036 1833/2038 1832/2037 
f 1834/2039 1829/2034 1763/1968 
f 1830/2035 1834/2039 1763/1968 
f 1834/2039 1830/2035 1832/2037 
f 1829/2034 1835/2040 1827/2032 
f 1829/2034 1834/2039 1836/2041 
f 1835/2040 1829/2034 1836/2041 
f 1836/2041 1837/2042 1835/2040 
f 1837/2042 1838/2043 1835/2040 
f 1835/2040 1838/2043 1839/2044 
f 1827/2032 1835/2040 1839/2044 
f 1827/2032 1839/2044 1840/2045 
f 1827/2032 1840/2045 1828/2033 
f 1828/2033 1840/2045 1841/2046 
f 1828/2033 1841/2046 1824/2029 
f 1824/2029 1841/2046 1823/2028 
f 1822/2027 1823/2028 1820/2025 
f 1820/2025 1823/2028 1841/2046 
f 1820/2025 1841/2046 1840/2045 
f 1840/2045 1839/2044 1842/2047 
f 1842/2047 1820/2025 1840/2045 
f 1843/2048 1842/2047 1839/2044 
f 1819/2024 1842/2047 1843/2048 
f 1819/2024 1820/2025 1842/2047 
f 1843/2048 1844/2049 1819/2024 
f 1838/2043 1844/2049 1843/2048 
f 1839/2044 1838/2043 1843/2048 
f 1818/2023 1819/2024 1844/2049 
f 1838/2043 1837/2042 1844/2049 
f 1837/2042 1845/2050 1844/2049 
f 1818/2023 1844/2049 1845/2050 
f 1845/2050 1846/2051 1818/2023 
f 1817/2022 1818/2023 1846/2051 
f 1846/2051 1847/2052 1817/2022 
f 1816/2021 1817/2022 1847/2052 
f 1809/2014 1816/2021 1847/2052 
f 1813/2018 1809/2014 1847/2052 
f 1848/2053 1813/2018 1847/2052 
f 1845/2050 1837/2042 1849/2054 
f 1837/2042 1836/2041 1849/2054 
f 1850/2055 1849/2054 1836/2041 
f 1836/2041 1834/2039 1850/2055 
f 1832/2037 1850/2055 1834/2039 
f 1851/2056 1850/2055 1832/2037 
f 1833/2038 1851/2056 1832/2037 
f 1852/2057 1849/2054 1850/2055 
f 1850/2055 1851/2056 1852/2057 
f 1814/2019 1813/2018 1848/2053 
f 1853/2058 1814/2019 1848/2053 
f 1848/2053 1847/2052 1854/2059 
f 1853/2058 1848/2053 1854/2059 
f 1847/2052 1846/2051 1854/2059 
f 1854/2059 1855/2060 1853/2058 
f 1855/2060 1854/2059 1856/2061 
f 1856/2061 1854/2059 1846/2051 
f 1846/2051 1845/2050 1856/2061 
f 1849/2054 1856/2061 1845/2050 
f 1849/2054 1852/2057 1857/2062 
f 1856/2061 1849/2054 1857/2062 
f 1856/2061 1857/2062 1855/2060 
f 337/2063 1858/2064 1859/2065 
f 338/2066 337/2063 1859/2065 
f 1858/2064 337/2063 1860/2067 
f 1861/2068 1858/2064 1860/2067 
f 1863/2069 1862/2070 1861/2068 
f 1863/2069 1864/2071 1862/2070 
f 1863/2069 1865/2072 1864/2071 
f 1865/2072 1866/2073 1864/2071 
f 1867/2074 1865/2072 1863/2069 
f 1867/2074 1863/2069 1868/2075 
f 1863/2069 1869/2076 1868/2075 
f 1863/2069 1861/2068 1869/2076 
f 1870/2077 1868/2075 1869/2076 
f 1871/2078 1870/2077 1869/2076 
f 1867/2074 1868/2075 1872/2079 
f 1873/2080 1867/2074 1872/2079 
f 1874/2081 1872/2079 1868/2075 
f 1870/2077 1874/2081 1868/2075 
f 1873/2080 1872/2079 1875/2082 
f 1872/2079 1874/2081 1875/2082 
f 1876/2083 1873/2080 1875/2082 
f 1874/2081 1877/2084 1875/2082 
f 1878/2085 1873/2080 1876/2083 
f 1878/2085 1865/2072 1867/2074 
f 1873/2080 1878/2085 1867/2074 
f 1878/2085 1879/2086 1865/2072 
f 1866/2073 1865/2072 1879/2086 
f 1879/2086 1880/2087 1866/2073 
f 1881/2088 1878/2085 1876/2083 
f 1879/2086 1878/2085 1881/2088 
f 1882/2089 1879/2086 1881/2088 
f 1883/2090 1880/2087 1879/2086 
f 1881/2088 1884/2091 1885/2092 
f 1886/2093 1885/2092 1507/2094 
f 1507/2094 1885/2092 1884/2091 
f 1508/2095 1886/2093 1507/2094 
f 1508/2095 1509/2096 1886/2093 
f 1509/2096 1887/2097 1886/2093 
f 1887/2097 1888/2098 1886/2093 
f 1886/2093 1888/2098 1889/2099 
f 1881/2088 1890/2100 1884/2091 
f 1886/2093 1889/2099 1891/2101 
f 1885/2092 1886/2093 1891/2101 
f 1885/2092 1891/2101 1881/2088 
f 1891/2101 1882/2089 1881/2088 
f 1879/2086 1882/2089 1891/2101 
f 1883/2090 1879/2086 1891/2101 
f 1891/2101 1889/2099 1892/2102 
f 1889/2099 1888/2098 1893/2103 
f 1892/2102 1889/2099 1893/2103 
f 1883/2090 1891/2101 1894/2104 
f 1894/2104 1891/2101 1892/2102 
f 1880/2087 1883/2090 1894/2104 
f 1895/2105 1880/2087 1894/2104 
f 1896/2106 1895/2105 1894/2104 
f 1880/2087 1895/2105 1897/2107 
f 1880/2087 1897/2107 1866/2073 
f 1866/2073 1897/2107 1864/2071 
f 1896/2106 1894/2104 1892/2102 
f 1898/2108 1892/2102 1893/2103 
f 1896/2106 1892/2102 1898/2108 
f 1899/2109 1896/2106 1898/2108 
f 1900/2110 1896/2106 1899/2109 
f 1901/2111 1900/2110 1899/2109 
f 1902/2112 1900/2110 1901/2111 
f 1903/2113 1902/2112 1901/2111 
f 1902/2112 1903/2113 1904/2114 
f 1905/2115 1902/2112 1904/2114 
f 1905/2115 1906/2116 1902/2112 
f 1906/2116 1907/2117 1902/2112 
f 1908/2118 1907/2117 1906/2116 
f 1909/2119 1908/2118 1906/2116 
f 1905/2115 1904/2114 142/189 
f 1910/2120 1906/2116 1905/2115 
f 1909/2119 1906/2116 1910/2120 
f 1911/2121 1909/2119 1910/2120 
f 1911/2121 1910/2120 1912/2122 
f 1913/2123 1911/2121 1912/2122 
f 1914/2124 1911/2121 1913/2123 
f 1915/2125 1914/2124 1913/2123 
f 1912/2122 1910/2120 1916/2126 
f 1910/2120 1917/2127 1916/2126 
f 1917/2127 1910/2120 1905/2115 
f 1918/2128 1909/2119 1911/2121 
f 1914/2124 1918/2128 1911/2121 
f 1919/2129 1914/2124 1915/2125 
f 1920/2130 1919/2129 1915/2125 
f 1920/2130 1921/2131 1919/2129 
f 1921/2131 1922/2132 1919/2129 
f 1919/2129 1922/2132 1923/2133 
f 1923/2133 1918/2128 1914/2124 
f 1919/2129 1923/2133 1914/2124 
f 1922/2132 1924/2134 1923/2133 
f 1913/2123 1912/2122 1925/2135 
f 1926/2136 1913/2123 1925/2135 
f 1915/2125 1913/2123 1926/2136 
f 1927/2137 1915/2125 1926/2136 
f 1920/2130 1915/2125 1927/2137 
f 1928/2138 1921/2131 1920/2130 
f 1929/2139 1928/2138 1920/2130 
f 1929/2139 1920/2130 1927/2137 
f 1926/2136 1925/2135 1930/2140 
f 1930/2140 1925/2135 1931/2141 
f 1930/2140 1931/2141 1932/2142 
f 1933/2143 1930/2140 1932/2142 
f 1934/2144 1933/2143 1932/2142 
f 1933/2143 1934/2144 1935/2145 
f 1936/2146 1933/2143 1935/2145 
f 1936/2146 1935/2145 1937/2147 
f 1938/2148 1936/2146 1937/2147 
f 1935/2145 1934/2144 1939/2149 
f 1939/2149 1934/2144 1932/2142 
f 1940/2150 1935/2145 1939/2149 
f 1935/2145 1940/2150 1937/2147 
f 1938/2148 1937/2147 1941/2151 
f 1937/2147 1942/2152 1941/2151 
f 1942/2152 1937/2147 1943/2153 
f 1944/2154 1942/2152 1943/2153 
f 1942/2152 1945/2155 1941/2151 
f 1937/2147 1946/2156 1943/2153 
f 1940/2150 1946/2156 1937/2147 
f 1936/2146 1947/2157 1933/2143 
f 1947/2157 1930/2140 1933/2143 
f 1948/2158 1947/2157 1936/2146 
f 1938/2148 1948/2158 1936/2146 
f 1949/2159 1948/2158 1938/2148 
f 1941/2151 1949/2159 1938/2148 
f 1941/2151 1945/2155 1950/2160 
f 1949/2159 1941/2151 1950/2160 
f 1944/2154 1943/2153 1951/2161 
f 1952/2162 1944/2154 1951/2161 
f 1952/2162 1951/2161 1738/2163 
f 1951/2161 1953/2164 1738/2163 
f 1943/2153 1946/2156 1953/2164 
f 1951/2161 1943/2153 1953/2164 
f 1953/2164 1737/2165 1738/2163 
f 1739/2166 1952/2162 1738/2163 
f 1737/2165 1953/2164 1954/2167 
f 1947/2157 1926/2136 1930/2140 
f 1927/2137 1926/2136 1947/2157 
f 1948/2158 1927/2137 1947/2157 
f 1929/2139 1927/2137 1948/2158 
f 1949/2159 1929/2139 1948/2158 
f 1949/2159 1950/2160 1928/2138 
f 1929/2139 1949/2159 1928/2138 
f 1954/2167 1953/2164 1955/2168 
f 1953/2164 1946/2156 1955/2168 
f 1955/2168 1946/2156 1956/2169 
f 1946/2156 1940/2150 1956/2169 
f 1956/2169 1940/2150 1939/2149 
f 1957/2170 1956/2169 1939/2149 
f 1958/2171 1957/2170 1939/2149 
f 1932/2142 1958/2171 1939/2149 
f 1958/2171 1932/2142 1717/2172 
f 1718/2173 1958/2171 1717/2172 
f 1932/2142 1931/2141 1717/2172 
f 1931/2141 1715/2174 1717/2172 
f 1931/2141 1959/2175 1715/2174 
f 1925/2135 1959/2175 1931/2141 
f 1925/2135 1912/2122 1959/2175 
f 1912/2122 1916/2126 1959/2175 
f 1959/2175 1916/2126 136/183 
f 1713/2176 1959/2175 136/183 
f 1959/2175 1713/2176 1715/2174 
f 137/184 136/183 1916/2126 
f 137/184 1916/2126 1917/2127 
f 139/186 137/184 1917/2127 
f 1905/2115 139/186 1917/2127 
f 139/186 1905/2115 142/189 
f 1960/2177 1961/2178 1887/2179 
f 1961/2178 1960/2177 1962/2180 
f 1960/2177 1963/2181 1962/2180 
f 1961/2178 1962/2180 1964/2182 
f 1965/2183 1964/2182 1962/2180 
f 1966/2184 1964/2182 1965/2183 
f 1961/2178 1964/2182 1967/2185 
f 1961/2178 1967/2185 1888/2186 
f 1961/2178 1888/2186 1887/2179 
f 1966/2184 1968/2187 1964/2182 
f 1964/2182 1968/2187 1969/2188 
f 1964/2182 1969/2188 1967/2185 
f 1969/2188 1893/2189 1967/2185 
f 1893/2189 1888/2186 1967/2185 
f 1963/2181 1970/2190 1962/2180 
f 1971/2191 1965/2183 1962/2180 
f 1965/2183 1971/2191 1972/2192 
f 1966/2184 1965/2183 1972/2192 
f 1898/2193 1893/2189 1969/2188 
f 1898/2193 1969/2188 1968/2187 
f 1973/2194 1968/2187 1966/2184 
f 1898/2193 1968/2187 1974/2195 
f 1973/2194 1974/2195 1968/2187 
f 1975/2196 1974/2195 1973/2194 
f 1973/2194 1976/2197 1975/2196 
f 1975/2196 1976/2197 1977/2198 
f 1978/2199 1975/2196 1977/2198 
f 1978/2199 1977/2198 1979/2200 
f 1978/2199 1903/2201 1975/2196 
f 1904/2202 1903/2201 1978/2199 
f 1904/2202 1978/2199 143/191 
f 142/190 1904/2202 143/191 
f 1903/2201 1901/2203 1975/2196 
f 1974/2195 1975/2196 1901/2203 
f 1899/2204 1974/2195 1901/2203 
f 1974/2195 1899/2204 1898/2193 
f 150/201 143/191 1978/2199 
f 1978/2199 1979/2200 150/201 
f 1979/2200 160/211 150/201 
f 181/232 160/211 1979/2200 
f 181/232 1979/2200 1977/2198 
f 181/232 1977/2198 180/231 
f 180/231 1977/2198 1976/2197 
f 180/231 1976/2197 179/230 
f 1976/2197 1973/2194 179/230 
f 1980/2205 179/230 1973/2194 
f 1966/2184 1980/2205 1973/2194 
f 1980/2205 1966/2184 1972/2192 
f 179/230 1980/2205 182/233 
f 1980/2205 1972/2192 183/234 
f 182/233 1980/2205 183/234 
f 183/234 1972/2192 184/235 
f 184/235 1972/2192 185/236 
f 1972/2192 1971/2191 185/236 
f 185/236 1971/2191 186/237 
f 1971/2191 1981/2206 186/237 
f 1962/2180 1981/2206 1971/2191 
f 1981/2206 1962/2180 1970/2190 
f 1982/2207 1981/2206 1970/2190 
f 1983/2208 1982/2207 1970/2190 
f 1970/2190 1963/2181 1983/2208 
f 1963/2181 1629/2209 1983/2208 
f 1629/2209 1626/2210 1983/2208 
f 1963/2181 1960/2177 1629/2209 
f 1629/2209 1960/2177 1628/2211 
f 1960/2177 1887/2179 1628/2211 
f 1887/2179 1509/2212 1628/2211 
f 1984/2213 1982/2207 1983/2208 
f 1984/2213 249/300 1982/2207 
f 1984/2213 1620/2214 249/300 
f 1625/2215 1983/2208 1626/2210 
f 1625/2215 1984/2213 1983/2208 
f 1984/2213 1625/2215 1620/2214 
f 247/298 249/300 1620/2214 
f 252/303 1982/2207 249/300 
f 252/303 254/305 1982/2207 
f 1981/2206 1982/2207 254/305 
f 1981/2206 254/305 186/237 
f 1985/2216 1986/2217 1987/2218 
f 1988/2219 1985/2216 1987/2218 
f 1987/2218 1986/2217 1989/2220 
f 1986/2217 1990/2221 1989/2220 
f 1989/2220 1990/2221 1991/2222 
f 1990/2221 1992/2223 1991/2222 
f 1991/2222 1992/2223 1993/2224 
f 1992/2223 1994/2225 1993/2224 
f 1993/2224 1994/2225 1995/2226 
f 1994/2225 1996/2227 1995/2226 
f 1995/2226 1996/2227 1852/2228 
f 1996/2227 1997/2229 1852/2228 
f 1996/2227 1998/2230 1997/2229 
f 1997/2229 1998/2230 1999/2231 
f 1998/2230 2000/2232 1999/2231 
f 2000/2232 2001/2233 1999/2231 
f 2002/2234 1997/2229 1999/2231 
f 2004/2235 2003/2236 2002/2234 
f 2005/2237 2003/2236 2004/2235 
f 2006/2238 2005/2237 2004/2235 
f 2006/2238 2007/2239 2005/2237 
f 2007/2239 2008/2240 2005/2237 
f 2009/2241 2006/2238 2004/2235 
f 2010/2242 2009/2241 2004/2235 
f 2011/2243 2004/2235 2002/2234 
f 2011/2243 2010/2242 2004/2235 
f 2010/2242 2012/2244 2009/2241 
f 2003/2236 2013/2245 2002/2234 
f 2014/2246 2007/2239 2006/2238 
f 2009/2241 2014/2246 2006/2238 
f 2009/2241 2012/2244 2014/2246 
f 1999/2231 2011/2243 2002/2234 
f 1999/2231 2015/2247 2011/2243 
f 2011/2243 2015/2247 2010/2242 
f 2007/2239 2016/2248 2008/2240 
f 2016/2248 2007/2239 2014/2246 
f 2016/2248 2017/2249 2008/2240 
f 2017/2249 2016/2248 2018/2250 
f 2019/2251 2017/2249 2018/2250 
f 2020/2252 2019/2251 2018/2250 
f 2018/2250 2021/2253 2020/2252 
f 2016/2248 2021/2253 2018/2250 
f 2021/2253 2022/2254 2020/2252 
f 2016/2248 2023/2255 2021/2253 
f 2020/2252 2022/2254 2024/2256 
f 2022/2254 2025/2257 2024/2256 
f 2024/2256 2025/2257 2026/2258 
f 2025/2257 2027/2259 2026/2258 
f 2026/2258 2028/2260 2024/2256 
f 2029/2261 2022/2254 2021/2253 
f 2021/2253 2030/2262 2029/2261 
f 2030/2262 2031/2263 2029/2261 
f 2029/2261 2031/2263 2032/2264 
f 2032/2264 2034/2265 2033/2266 
f 2035/2267 2030/2262 2021/2253 
f 2029/2261 2032/2264 2036/2268 
f 2032/2264 2033/2266 2037/2269 
f 2036/2268 2032/2264 2037/2269 
f 2038/2270 2035/2267 2023/2255 
f 2023/2255 2035/2267 2021/2253 
f 2016/2248 2038/2270 2023/2255 
f 2035/2267 2038/2270 2039/2271 
f 2035/2267 2039/2271 2030/2262 
f 2038/2270 2040/2272 2039/2271 
f 2040/2272 2038/2270 2041/2273 
f 2041/2273 2042/2274 2040/2272 
f 2012/2244 2041/2273 2014/2246 
f 2038/2270 2016/2248 2014/2246 
f 2038/2270 2014/2246 2041/2273 
f 2043/2275 2012/2244 2010/2242 
f 2040/2272 2042/2274 388/443 
f 386/441 2040/2272 388/443 
f 2040/2272 386/441 2039/2271 
f 2015/2247 2043/2275 2010/2242 
f 2043/2275 2015/2247 2044/2276 
f 2015/2247 2045/2277 2044/2276 
f 2045/2277 2046/2278 2044/2276 
f 2045/2277 2047/2279 2046/2278 
f 2048/2280 2047/2279 2045/2277 
f 2048/2280 2049/2281 2047/2279 
f 2051/2282 2046/2278 2050/2283 
f 2053/2284 2052/2285 2051/2282 
f 2054/2286 2050/2283 2046/2278 
f 2055/2287 2054/2286 2046/2278 
f 2047/2279 2055/2287 2046/2278 
f 2049/2281 2055/2287 2047/2279 
f 2044/2276 2046/2278 2051/2282 
f 2052/2285 2044/2276 2051/2282 
f 2056/2288 2051/2282 2050/2283 
f 2057/2289 2056/2288 2050/2283 
f 2056/2288 2057/2289 2058/2290 
f 2059/2291 2056/2288 2058/2290 
f 2059/2291 2058/2290 2060/2292 
f 2061/2293 2059/2291 2060/2292 
f 2061/2293 2060/2292 2062/2294 
f 2063/2295 2061/2293 2062/2294 
f 2064/2296 2063/2295 2062/2294 
f 2065/2297 2064/2296 2062/2294 
f 2066/2298 2058/2290 2057/2289 
f 2060/2292 2058/2290 2066/2298 
f 2067/2299 2064/2296 2065/2297 
f 2065/2297 2068/2300 2067/2299 
f 2068/2300 2069/2301 2067/2299 
f 2068/2300 2070/2302 2069/2301 
f 2068/2300 2071/2303 2070/2302 
f 2065/2297 2062/2294 2071/2303 
f 2068/2300 2065/2297 2071/2303 
f 2071/2303 2072/2304 2070/2302 
f 2071/2303 2073/2305 2072/2304 
f 2062/2294 2060/2292 2073/2305 
f 2071/2303 2062/2294 2073/2305 
f 2073/2305 2060/2292 2066/2298 
f 2073/2305 2074/2306 2072/2304 
f 2074/2306 2073/2305 2066/2298 
f 2072/2304 2074/2306 2075/2307 
f 2074/2306 2076/2308 2075/2307 
f 2076/2308 2074/2306 2077/2309 
f 2077/2309 2074/2306 2066/2298 
f 2078/2310 2076/2308 2077/2309 
f 2075/2307 2076/2308 2078/2310 
f 2072/2304 2075/2307 2079/2311 
f 2070/2302 2072/2304 2079/2311 
f 2079/2311 2075/2307 2080/2312 
f 2080/2312 2075/2307 2078/2310 
f 2080/2312 2078/2310 2081/2313 
f 2078/2310 2082/2314 2081/2313 
f 2083/2315 2080/2312 2081/2313 
f 2083/2315 2079/2311 2080/2312 
f 2084/2316 2083/2315 2081/2313 
f 2081/2313 2085/2317 2084/2316 
f 2084/2316 2085/2317 2086/2318 
f 2085/2317 2087/2319 2086/2318 
f 2085/2317 2088/2320 2087/2319 
f 2081/2313 2082/2314 2088/2320 
f 2085/2317 2081/2313 2088/2320 
f 2088/2320 2082/2314 2089/2321 
f 2082/2314 2090/2322 2089/2321 
f 2078/2310 2077/2309 2090/2322 
f 2082/2314 2078/2310 2090/2322 
f 2088/2320 2091/2323 2087/2319 
f 2088/2320 2089/2321 2092/2324 
f 2091/2323 2088/2320 2092/2324 
f 2079/2311 2083/2315 2093/2325 
f 2079/2311 2093/2325 2094/2326 
f 2094/2326 2093/2325 2095/2327 
f 2096/2328 2094/2326 2095/2327 
f 2094/2326 2096/2328 2097/2329 
f 2069/2301 2094/2326 2097/2329 
f 2093/2325 2098/2330 2095/2327 
f 2098/2330 2099/2331 2095/2327 
f 2098/2330 2100/2332 2099/2331 
f 2100/2332 2101/2333 2099/2331 
f 2100/2332 2102/2334 2101/2333 
f 2102/2334 2103/2335 2101/2333 
f 2102/2334 2104/2336 2103/2335 
f 2070/2302 2094/2326 2069/2301 
f 2070/2302 2079/2311 2094/2326 
f 2083/2315 2098/2330 2093/2325 
f 2098/2330 2083/2315 2084/2316 
f 2100/2332 2098/2330 2084/2316 
f 2084/2316 2102/2334 2100/2332 
f 2086/2318 2104/2336 2102/2334 
f 2084/2316 2086/2318 2102/2334 
f 2069/2301 2097/2329 2105/2337 
f 2067/2299 2069/2301 2105/2337 
f 2104/2336 2106/2338 2103/2335 
f 2106/2338 2107/2339 2103/2335 
f 2108/2340 2106/2338 2104/2336 
f 2086/2318 2108/2340 2104/2336 
f 2108/2340 2086/2318 2109/2341 
f 2086/2318 2087/2319 2109/2341 
f 2109/2341 2087/2319 2110/2342 
f 2087/2319 2091/2323 2110/2342 
f 2111/2343 2110/2342 2091/2323 
f 2092/2324 2111/2343 2091/2323 
f 2111/2343 2092/2324 2112/2344 
f 2092/2324 2089/2321 2112/2344 
f 2090/2322 2113/2345 2089/2321 
f 2090/2322 2077/2309 2113/2345 
f 2077/2309 2066/2298 2113/2345 
f 2114/2346 2112/2344 2089/2321 
f 2115/2347 2114/2346 2089/2321 
f 2089/2321 2113/2345 2054/2286 
f 2115/2347 2089/2321 2054/2286 
f 2115/2347 2054/2286 2055/2287 
f 2115/2347 2055/2287 2114/2346 
f 2054/2286 2113/2345 2057/2289 
f 2050/2283 2054/2286 2057/2289 
f 2113/2345 2066/2298 2057/2289 
f 2055/2287 2049/2281 2114/2346 
f 2114/2346 2049/2281 2112/2344 
f 2049/2281 2000/2232 2112/2344 
f 2001/2233 2000/2232 2049/2281 
f 2048/2280 2001/2233 2049/2281 
f 2048/2280 2045/2277 2001/2233 
f 2045/2277 2015/2247 2001/2233 
f 2112/2344 2000/2232 2111/2343 
f 2111/2343 2000/2232 1998/2230 
f 1996/2227 2111/2343 1998/2230 
f 2111/2343 1996/2227 2110/2342 
f 1996/2227 1994/2225 2110/2342 
f 1992/2223 2110/2342 1994/2225 
f 1990/2221 2108/2340 1992/2223 
f 2108/2340 1990/2221 2116/2348 
f 1990/2221 1986/2217 2116/2348 
f 2116/2348 1986/2217 2117/2349 
f 1986/2217 1985/2216 2117/2349 
f 1992/2223 2109/2341 2110/2342 
f 2108/2340 2109/2341 1992/2223 
f 2108/2340 2116/2348 2106/2338 
f 2116/2348 2117/2349 2107/2339 
f 2106/2338 2116/2348 2107/2339 
f 2120/2350 2118/2351 2119/2352 
f 2119/2352 2122/2353 2121/2354 
f 2123/2355 2118/2351 2120/2350 
f 2124/2356 2123/2355 2120/2350 
f 2121/2354 2122/2353 2125/2357 
f 2122/2353 2126/2358 2125/2357 
f 2125/2357 2127/2359 2121/2354 
f 2127/2359 2128/2360 2121/2354 
f 2119/2352 2121/2354 2128/2360 
f 2129/2361 2119/2352 2128/2360 
f 2120/2350 2119/2352 2129/2361 
f 2128/2360 2130/2362 2129/2361 
f 2130/2362 2131/2363 2129/2361 
f 2129/2361 2131/2363 2132/2364 
f 2132/2364 2120/2350 2129/2361 
f 2120/2350 2132/2364 2124/2356 
f 2131/2363 2133/2365 2132/2364 
f 2132/2364 2133/2365 2134/2366 
f 2132/2364 2134/2366 2124/2356 
f 2135/2367 2124/2356 2134/2366 
f 2136/2368 2135/2367 2134/2366 
f 2137/2369 2135/2367 2136/2368 
f 2138/2370 2137/2369 2136/2368 
f 2139/2371 2138/2370 2136/2368 
f 2139/2371 2140/2372 2138/2370 
f 2140/2372 2141/2373 2138/2370 
f 2138/2370 2141/2373 2142/2374 
f 2143/2375 2142/2374 2141/2373 
f 2144/2376 2143/2375 2141/2373 
f 2144/2376 2141/2373 2140/2372 
f 2145/2377 2143/2375 2144/2376 
f 2146/2378 2145/2377 2144/2376 
f 2147/2379 2138/2370 2142/2374 
f 2138/2370 2147/2379 2137/2369 
f 2148/2380 2145/2377 2146/2378 
f 2148/2380 2149/2381 2145/2377 
f 2150/2382 2145/2377 2149/2381 
f 2151/2383 2150/2382 2149/2381 
f 261/312 2150/2382 2151/2383 
f 275/326 261/312 2151/2383 
f 261/312 260/311 2150/2382 
f 260/311 2152/2384 2150/2382 
f 2143/2375 2145/2377 2150/2382 
f 2152/2384 2143/2375 2150/2382 
f 2153/2385 2143/2375 2152/2384 
f 2154/2386 2153/2385 2152/2384 
f 2153/2385 2154/2386 2155/2387 
f 2155/2387 2147/2379 2153/2385 
f 2154/2386 2156/2388 2155/2387 
f 2157/2389 2148/2380 2146/2378 
f 2126/2390 2148/2380 2157/2389 
f 2148/2380 2126/2390 2149/2381 
f 2125/2391 2126/2390 2157/2389 
f 2143/2375 2153/2385 2142/2374 
f 2147/2379 2142/2374 2153/2385 
f 2157/2389 2127/2392 2125/2391 
f 2158/2393 2147/2379 2155/2387 
f 2147/2379 2158/2393 2137/2369 
f 2135/2367 2137/2369 2158/2393 
f 2159/2394 2135/2367 2158/2393 
f 2135/2367 2159/2394 2124/2356 
f 2159/2394 2123/2355 2124/2356 
f 2160/2395 2158/2393 2155/2387 
f 2160/2395 2155/2387 2156/2388 
f 2159/2394 2158/2393 2160/2395 
f 2161/2396 2160/2395 2156/2388 
f 2162/2397 2161/2396 2156/2388 
f 2161/2396 2162/2397 2163/2398 
f 2162/2397 270/321 2163/2398 
f 2164/2399 2160/2395 2161/2396 
f 2163/2398 2164/2399 2161/2396 
f 2164/2399 2159/2394 2160/2395 
f 2164/2399 2163/2398 2165/2400 
f 2159/2394 2164/2399 2166/2401 
f 2123/2355 2159/2394 2166/2401 
f 2165/2400 2166/2401 2164/2399 
f 2166/2401 2165/2400 2167/2402 
f 2123/2355 2166/2401 2168/2403 
f 2167/2402 2168/2403 2166/2401 
f 2168/2403 2167/2402 2169/2404 
f 2169/2404 2167/2402 2170/2405 
f 2169/2404 2170/2405 2171/2406 
f 2172/2407 2169/2404 2171/2406 
f 2167/2402 2173/2408 2170/2405 
f 2168/2403 2169/2404 2172/2407 
f 2168/2403 2172/2407 2118/2351 
f 2172/2407 2119/2352 2118/2351 
f 2172/2407 2171/2406 2174/2409 
f 2175/2410 2172/2407 2174/2409 
f 2172/2407 2176/2411 2119/2352 
f 2175/2410 2176/2411 2172/2407 
f 2176/2411 2122/2353 2119/2352 
f 2176/2411 2177/2412 2122/2353 
f 2177/2412 2126/2358 2122/2353 
f 2177/2412 2176/2411 2178/2413 
f 2175/2410 2174/2409 2178/2413 
f 2175/2410 2178/2413 2176/2411 
f 2174/2409 2179/2414 2178/2413 
f 2178/2413 2179/2414 2180/2415 
f 2178/2413 2180/2415 2177/2412 
f 2179/2414 2181/2416 2180/2415 
f 277/2417 2181/2416 2179/2414 
f 277/2417 2179/2414 323/376 
f 279/375 277/2417 323/376 
f 2174/2409 325/378 2179/2414 
f 323/376 2179/2414 325/378 
f 327/380 325/378 2174/2409 
f 2174/2409 2171/2406 327/380 
f 2171/2406 331/386 327/380 
f 331/386 2171/2406 333/388 
f 2171/2406 2170/2405 333/388 
f 2170/2405 2173/2408 333/388 
f 2173/2408 303/354 333/388 
f 2173/2408 301/352 303/354 
f 2173/2408 2182/2418 301/352 
f 2182/2418 2173/2408 2167/2402 
f 2167/2402 2165/2400 2182/2418 
f 2182/2418 2165/2400 272/323 
f 2165/2400 2163/2398 272/323 
f 2163/2398 270/321 272/323 
f 270/321 2162/2397 268/319 
f 268/319 2162/2397 266/317 
f 266/317 2162/2397 2156/2388 
f 266/317 2156/2388 264/315 
f 2156/2388 2154/2386 264/315 
f 2154/2386 262/313 264/315 
f 262/313 2154/2386 2152/2384 
f 260/311 262/313 2152/2384 
f 2181/2419 277/328 275/326 
f 2181/2419 275/326 2151/2383 
f 2180/2420 2181/2419 2151/2383 
f 2151/2383 2149/2381 2180/2420 
f 2149/2381 2177/2421 2180/2420 
f 2126/2390 2177/2421 2149/2381 
f 2183/2422 2184/2423 2185/2424 
f 2183/2422 2185/2424 2186/2425 
f 2187/2426 2183/2422 2186/2425 
f 2188/2427 2187/2426 2186/2425 
f 2185/2424 2189/2428 2186/2425 
f 2189/2428 2185/2424 289/340 
f 2190/2429 2189/2428 289/340 
f 2190/2429 2191/2430 2189/2428 
f 2191/2430 2192/2431 2189/2428 
f 2184/2423 2183/2422 2193/2432 
f 2183/2422 2194/2433 2193/2432 
f 2195/2434 2194/2433 2183/2422 
f 2187/2426 2195/2434 2183/2422 
f 2187/2426 2196/2435 2195/2434 
f 2196/2435 2187/2426 2188/2427 
f 2196/2435 2197/2436 2195/2434 
f 2195/2434 2197/2436 2198/2437 
f 2198/2437 2197/2436 2199/2438 
f 2197/2436 2200/2439 2199/2438 
f 2200/2439 2201/2440 2199/2438 
f 2201/2440 2202/2441 2199/2438 
f 2201/2440 2203/2442 2202/2441 
f 2203/2442 2204/2443 2202/2441 
f 2205/2444 2195/2434 2198/2437 
f 2199/2438 2202/2441 2206/2445 
f 2198/2437 2199/2438 2206/2445 
f 2202/2441 2207/2446 2206/2445 
f 2202/2441 2204/2443 2207/2446 
f 2208/2447 2194/2433 2195/2434 
f 2205/2444 2208/2447 2195/2434 
f 2209/2448 2193/2432 2194/2433 
f 2209/2448 2194/2433 2208/2447 
f 2209/2448 2208/2447 2210/2449 
f 2210/2449 2208/2447 2211/2450 
f 2208/2447 2205/2444 2211/2450 
f 2211/2450 2212/2451 2210/2449 
f 2210/2449 2212/2451 2213/2452 
f 2210/2449 2213/2452 285/336 
f 2209/2448 2210/2449 285/336 
f 2212/2451 2214/2453 2213/2452 
f 2212/2451 2215/2454 2214/2453 
f 2215/2454 2212/2451 2211/2450 
f 2215/2454 2216/2455 2214/2453 
f 2217/2456 2215/2454 2211/2450 
f 2218/2457 2216/2455 2215/2454 
f 2219/2458 2218/2457 2215/2454 
f 2219/2458 2215/2454 2217/2456 
f 2217/2456 2220/2459 2219/2458 
f 2219/2458 2220/2459 2221/2460 
f 2221/2460 2220/2459 2222/2461 
f 2222/2461 2223/2462 2221/2460 
f 2223/2462 2222/2461 2224/2463 
f 2222/2461 2225/2464 2224/2463 
f 2225/2464 2226/2465 2224/2463 
f 2227/2466 2224/2463 2226/2465 
f 2228/2467 2227/2466 2226/2465 
f 2226/2465 2192/2468 2228/2467 
f 2192/2468 2191/2469 2228/2467 
f 2226/2465 2225/2464 2229/2470 
f 2229/2470 2192/2468 2226/2465 
f 2229/2470 2225/2464 2230/2471 
f 2230/2471 2225/2464 2222/2461 
f 2231/2472 2230/2471 2222/2461 
f 2231/2472 2222/2461 2220/2459 
f 2232/2473 2231/2472 2220/2459 
f 2233/2474 2232/2473 2220/2459 
f 2217/2456 2233/2474 2220/2459 
f 2233/2474 2217/2456 2211/2450 
f 2234/2475 2233/2474 2211/2450 
f 2205/2444 2234/2475 2211/2450 
f 2205/2444 2198/2437 2234/2475 
f 2198/2437 2235/2476 2234/2475 
f 2206/2445 2235/2476 2198/2437 
f 2230/2471 2231/2472 2236/2477 
f 2231/2472 2237/2478 2236/2477 
f 2237/2478 2231/2472 2232/2473 
f 2238/2479 2237/2478 2232/2473 
f 2232/2473 2233/2474 2238/2479 
f 2239/2480 2237/2478 2238/2479 
f 2240/2481 2239/2480 2238/2479 
f 2241/2482 2236/2477 2237/2478 
f 2239/2480 2241/2482 2237/2478 
f 2241/2482 2242/2483 2236/2477 
f 2242/2483 2243/2484 2236/2477 
f 2236/2477 2243/2484 2230/2471 
f 2243/2484 2244/2485 2230/2471 
f 2242/2483 2241/2482 2251/2486 
f 2245/2487 2251/2486 2241/2482 
f 2245/2487 2241/2482 2239/2480 
f 2239/2480 2246/2488 2245/2487 
f 2239/2480 2240/2481 2246/2488 
f 2245/2487 2246/2488 2247/2489 
f 2248/2490 2245/2487 2247/2489 
f 2245/2487 2248/2490 2251/2486 
f 2248/2490 2249/2491 2251/2486 
f 2250/2492 2249/2491 2248/2490 
f 2252/2493 2251/2486 2249/2491 
f 2249/2491 2250/2492 2252/2493 
f 2253/2494 2247/2489 2246/2488 
f 2240/2481 2253/2494 2246/2488 
f 2254/2495 2247/2489 2253/2494 
f 2255/2496 2240/2481 2256/2497 
f 2256/2497 2240/2481 2257/2498 
f 2240/2481 2238/2479 2257/2498 
f 2233/2474 2257/2498 2238/2479 
f 2257/2498 2233/2474 2234/2475 
f 2235/2476 2257/2498 2234/2475 
f 2257/2498 2235/2476 2258/2499 
f 2258/2499 2256/2497 2257/2498 
f 2258/2499 2235/2476 2206/2445 
f 2258/2499 2206/2445 2259/2500 
f 2206/2445 2207/2446 2259/2500 
f 2258/2499 2259/2500 2256/2497 
f 2240/2481 2255/2496 2260/2501 
f 2260/2501 2255/2496 2256/2497 
f 2253/2494 2240/2481 2260/2501 
f 2254/2495 2253/2494 2260/2501 
f 2261/2502 2260/2501 2256/2497 
f 2261/2502 2256/2497 2259/2500 
f 2259/2500 2207/2446 2262/2503 
f 2262/2503 2261/2502 2259/2500 
f 2207/2446 2263/2504 2262/2503 
f 2204/2443 2263/2504 2207/2446 
f 2265/2505 2264/2506 2203/2442 
f 2265/2505 2266/2507 2264/2506 
f 2266/2507 2267/2508 2264/2506 
f 2265/2505 2203/2442 2201/2440 
f 2265/2505 2201/2440 2200/2439 
f 2268/2509 2265/2505 2200/2439 
f 2200/2439 2197/2436 2268/2509 
f 2197/2436 2196/2435 2268/2509 
f 2269/2510 2265/2505 2268/2509 
f 2265/2505 2269/2510 2266/2507 
f 2269/2510 2270/2511 2266/2507 
f 2270/2511 2271/2512 2266/2507 
f 2266/2507 2271/2512 2267/2508 
f 2270/2511 2251/2513 2271/2512 
f 2251/2513 2252/2514 2271/2512 
f 2242/2515 2251/2513 2270/2511 
f 2196/2435 2272/2516 2268/2509 
f 2272/2516 2196/2435 2188/2427 
f 2243/2517 2272/2516 2188/2427 
f 2243/2517 2242/2515 2272/2516 
f 2244/2518 2243/2517 2188/2427 
f 2244/2518 2188/2427 2229/2519 
f 2188/2427 2186/2425 2229/2519 
f 2229/2519 2186/2425 2189/2428 
f 2192/2431 2229/2519 2189/2428 
f 2242/2515 2273/2520 2272/2516 
f 2270/2511 2273/2520 2242/2515 
f 2273/2520 2270/2511 2269/2510 
f 2272/2516 2273/2520 2268/2509 
f 2268/2509 2273/2520 2269/2510 
f 2271/2512 2252/2514 2274/2521 
f 2252/2514 2275/2522 2274/2521 
f 2271/2512 2274/2521 2267/2508 
f 2267/2508 2274/2521 2276/2523 
f 2267/2508 2276/2523 2277/2524 
f 2264/2506 2267/2508 2277/2524 
f 2277/2524 2278/2525 2264/2506 
f 2278/2525 2203/2442 2264/2506 
f 2203/2442 2278/2525 2279/2526 
f 2204/2443 2203/2442 2279/2526 
f 2204/2443 2279/2526 2280/2527 
f 2281/2528 2204/2443 2280/2527 
f 2281/2528 2263/2504 2204/2443 
f 2276/2523 2274/2521 2282/2529 
f 2274/2521 2275/2522 2282/2529 
f 2281/2528 2283/2530 2263/2504 
f 2280/2527 2283/2530 2281/2528 
f 2283/2530 2262/2503 2263/2504 
f 2262/2503 2283/2530 2284/2531 
f 2261/2502 2262/2503 2284/2531 
f 2261/2502 2284/2531 2285/2532 
f 2260/2501 2261/2502 2285/2532 
f 2285/2532 2254/2495 2260/2501 
f 2283/2530 2280/2527 2286/2533 
f 2284/2531 2283/2530 2286/2533 
f 2286/2533 2285/2532 2284/2531 
f 2254/2495 2285/2532 2287/2534 
f 2287/2534 2285/2532 2286/2533 
f 2254/2495 2287/2534 2288/2535 
f 2247/2489 2254/2495 2288/2535 
f 2247/2489 2288/2535 2289/2536 
f 2248/2490 2247/2489 2289/2536 
f 2250/2492 2248/2490 2289/2536 
f 2282/2537 2250/2492 2289/2536 
f 2275/2538 2250/2492 2282/2537 
f 2250/2492 2275/2538 2252/2493 
f 2290/2539 2291/2540 2292/2541 
f 2293/2542 2290/2539 2292/2541 
f 2292/2541 2291/2540 2294/2543 
f 2291/2540 2295/2544 2294/2543 
f 2294/2543 2295/2544 2296/2545 
f 2297/2546 2294/2543 2296/2545 
f 2297/2546 2296/2545 2298/2547 
f 2296/2545 2299/2548 2298/2547 
f 2297/2546 2298/2547 2300/2549 
f 2301/2550 2297/2546 2300/2549 
f 2297/2546 2301/2550 2294/2543 
f 2302/2551 2292/2541 2294/2543 
f 2300/2549 2303/2552 2136/2368 
f 2304/2553 2136/2368 2303/2552 
f 2139/2371 2136/2368 2304/2553 
f 2305/2554 2139/2371 2304/2553 
f 2139/2371 2305/2554 2140/2372 
f 2305/2554 2306/2555 2140/2372 
f 2134/2366 2300/2549 2136/2368 
f 2304/2553 2303/2552 2307/2556 
f 2304/2553 2307/2556 2308/2557 
f 2305/2554 2304/2553 2308/2557 
f 2305/2554 2308/2557 2309/2558 
f 2306/2555 2305/2554 2309/2558 
f 2308/2557 2310/2559 2309/2558 
f 2310/2559 2311/2560 2309/2558 
f 2133/2365 2300/2549 2134/2366 
f 2309/2558 2311/2560 2312/2561 
f 2313/2562 2309/2558 2312/2561 
f 2309/2558 2313/2562 2306/2555 
f 2306/2555 2314/2563 2140/2372 
f 2313/2562 2314/2563 2306/2555 
f 2314/2563 2315/2564 2140/2372 
f 2315/2564 2144/2376 2140/2372 
f 2146/2378 2144/2376 2315/2564 
f 2316/2565 2146/2378 2315/2564 
f 2316/2565 2157/2389 2146/2378 
f 2313/2562 2312/2561 2317/2566 
f 2317/2566 2312/2561 2318/2567 
f 2312/2561 2319/2568 2318/2567 
f 2312/2561 2311/2560 2319/2568 
f 2318/2567 2319/2568 2320/2569 
f 2321/2570 2318/2567 2320/2569 
f 2322/2571 2321/2570 2320/2569 
f 2323/2572 2322/2571 2320/2569 
f 2322/2571 2323/2572 2324/2573 
f 2323/2572 2325/2574 2324/2573 
f 2324/2573 2325/2574 2326/2575 
f 2327/2576 2324/2573 2326/2575 
f 2328/2577 2324/2573 2327/2576 
f 2322/2571 2324/2573 2328/2577 
f 2329/2578 2328/2577 2327/2576 
f 2329/2578 2330/2579 2328/2577 
f 2330/2579 2331/2580 2328/2577 
f 2332/2581 2327/2576 2326/2575 
f 2327/2576 2332/2581 2333/2582 
f 2327/2576 2333/2582 2334/2583 
f 2329/2578 2327/2576 2334/2583 
f 2333/2582 2335/2584 2334/2583 
f 2333/2582 2336/2585 2335/2584 
f 2336/2585 2337/2586 2335/2584 
f 2336/2585 1724/2587 2337/2586 
f 1724/2587 1734/2588 2337/2586 
f 2332/2581 2338/2589 2333/2582 
f 2333/2582 2338/2589 2336/2585 
f 2338/2589 2339/2590 2336/2585 
f 1724/2587 2336/2585 2339/2590 
f 2340/2591 2339/2590 2338/2589 
f 2341/2592 2340/2591 2338/2589 
f 2342/2593 2340/2591 2341/2592 
f 2334/2583 2335/2584 2343/2594 
f 2343/2594 2345/2595 2344/2596 
f 2343/2594 2346/2597 2345/2595 
f 2335/2584 2337/2586 2346/2597 
f 2343/2594 2335/2584 2346/2597 
f 2346/2597 2337/2586 1734/2588 
f 2346/2597 2347/2598 2345/2595 
f 2347/2598 2346/2597 1736/2599 
f 1736/2599 2346/2597 1734/2588 
f 1737/2600 2347/2598 1736/2599 
f 1723/2601 1724/2587 2339/2590 
f 1721/2602 1723/2601 2339/2590 
f 2340/2591 1721/2602 2339/2590 
f 2342/2593 1721/2602 2340/2591 
f 2330/2579 2343/2594 2344/2596 
f 2343/2594 2330/2579 2329/2578 
f 2334/2583 2343/2594 2329/2578 
f 2348/2603 2330/2579 2344/2596 
f 2330/2579 2348/2603 2349/2604 
f 2331/2580 2330/2579 2349/2604 
f 2350/2605 2331/2580 2349/2604 
f 2351/2606 2350/2605 2349/2604 
f 2352/2607 2350/2605 2351/2606 
f 2350/2605 2353/2608 2331/2580 
f 2353/2608 2328/2577 2331/2580 
f 2350/2605 2352/2607 2354/2609 
f 2353/2608 2350/2605 2354/2609 
f 2355/2610 2354/2609 2352/2607 
f 2356/2611 2355/2610 2352/2607 
f 2357/2612 2355/2610 2356/2611 
f 2358/2613 2357/2612 2356/2611 
f 2357/2612 2317/2566 2355/2610 
f 2317/2566 2318/2567 2355/2610 
f 2354/2609 2355/2610 2318/2567 
f 2358/2613 2356/2611 2290/2614 
f 2293/2615 2358/2613 2290/2614 
f 2359/2616 2357/2612 2358/2613 
f 2360/2617 2359/2616 2358/2613 
f 2360/2617 2358/2613 2293/2615 
f 2361/2618 2360/2617 2293/2615 
f 2361/2618 2362/2619 2360/2617 
f 2362/2619 2363/2620 2360/2617 
f 2359/2616 2360/2617 2363/2620 
f 2157/2389 2363/2620 2362/2619 
f 2127/2392 2157/2389 2362/2619 
f 2364/2621 2317/2566 2357/2612 
f 2359/2616 2364/2621 2357/2612 
f 2364/2621 2313/2562 2317/2566 
f 2363/2620 2157/2389 2316/2565 
f 2365/2622 2363/2620 2316/2565 
f 2359/2616 2365/2622 2364/2621 
f 2363/2620 2365/2622 2359/2616 
f 2365/2622 2316/2565 2315/2564 
f 2314/2563 2365/2622 2315/2564 
f 2364/2621 2365/2622 2314/2563 
f 2314/2563 2313/2562 2364/2621 
f 2321/2570 2354/2609 2318/2567 
f 2353/2608 2354/2609 2321/2570 
f 2322/2571 2353/2608 2321/2570 
f 2353/2608 2322/2571 2328/2577 
f 2347/2623 2366/2624 2367/2625 
f 2345/2626 2347/2623 2367/2625 
f 2345/2626 2367/2625 2368/2627 
f 2344/2628 2345/2626 2368/2627 
f 2367/2625 2366/2624 2369/2629 
f 2366/2624 1955/2630 2369/2629 
f 2369/2629 1955/2630 2370/2631 
f 2371/2632 2369/2629 2370/2631 
f 2371/2632 2370/2631 2372/2633 
f 2370/2631 2373/2634 2372/2633 
f 2369/2629 2371/2632 2374/2635 
f 2375/2636 2369/2629 2374/2635 
f 2367/2625 2369/2629 2375/2636 
f 2368/2627 2367/2625 2375/2636 
f 2372/2633 2373/2634 2376/2637 
f 2373/2634 2377/2638 2376/2637 
f 2376/2637 2377/2638 2378/2639 
f 2378/2639 1718/2640 2379/2641 
f 1718/2640 1719/2642 2379/2641 
f 1958/2643 1718/2640 2378/2639 
f 2377/2638 1958/2643 2378/2639 
f 2377/2638 2373/2634 1957/2644 
f 1958/2643 2377/2638 1957/2644 
f 2373/2634 2370/2631 1956/2645 
f 1957/2644 2373/2634 1956/2645 
f 1955/2630 1956/2645 2370/2631 
f 2366/2624 1954/2646 1955/2630 
f 1737/2647 1954/2646 2366/2624 
f 2347/2623 1737/2647 2366/2624 
f 2378/2639 2379/2641 2380/2648 
f 2381/2649 2378/2639 2380/2648 
f 2376/2637 2378/2639 2381/2649 
f 2382/2650 2372/2633 2376/2637 
f 2372/2633 2382/2650 2371/2632 
f 2382/2650 2374/2635 2371/2632 
f 2383/2651 2368/2627 2375/2636 
f 2368/2627 2383/2651 2348/2652 
f 2344/2628 2368/2627 2348/2652 
f 2382/2650 2384/2653 2374/2635 
f 2382/2650 2376/2637 2385/2654 
f 2384/2653 2382/2650 2385/2654 
f 2376/2637 2381/2649 2385/2654 
f 2384/2653 2385/2654 2386/2655 
f 2387/2656 2386/2655 2385/2654 
f 2387/2656 2388/2657 2386/2655 
f 2389/2658 2388/2657 2387/2656 
f 2389/2658 2390/2659 2388/2657 
f 2391/2660 2388/2657 2390/2659 
f 2388/2657 2391/2660 2392/2661 
f 2391/2660 2299/2548 2392/2661 
f 2391/2660 2393/2662 2299/2548 
f 2393/2662 2298/2547 2299/2548 
f 2393/2662 2303/2552 2298/2547 
f 2303/2552 2300/2549 2298/2547 
f 2394/2663 2393/2662 2391/2660 
f 2395/2664 2394/2663 2391/2660 
f 2390/2659 2395/2664 2391/2660 
f 2393/2662 2394/2663 2307/2556 
f 2303/2552 2393/2662 2307/2556 
f 2307/2556 2394/2663 2308/2557 
f 2394/2663 2310/2559 2308/2557 
f 2394/2663 2395/2664 2310/2559 
f 2395/2664 2396/2665 2310/2559 
f 2388/2657 2392/2661 2397/2666 
f 2388/2657 2397/2666 2386/2655 
f 2398/2667 2392/2661 2299/2548 
f 2296/2545 2398/2667 2299/2548 
f 2398/2667 2296/2545 2295/2544 
f 2291/2540 2399/2668 2295/2544 
f 2291/2540 2290/2539 2399/2668 
f 2290/2539 2400/2669 2399/2668 
f 2401/2670 2398/2667 2295/2544 
f 2401/2670 2397/2666 2392/2661 
f 2398/2667 2401/2670 2392/2661 
f 2402/2671 2401/2670 2295/2544 
f 2402/2671 2295/2544 2399/2668 
f 2401/2670 2402/2671 2403/2672 
f 2403/2672 2386/2655 2397/2666 
f 2401/2670 2403/2672 2397/2666 
f 2386/2655 2403/2672 2384/2653 
f 2402/2671 2404/2673 2403/2672 
f 2403/2672 2404/2673 2384/2653 
f 2405/2674 2404/2673 2402/2671 
f 2405/2674 2375/2636 2404/2673 
f 2383/2651 2375/2636 2405/2674 
f 2406/2675 2383/2651 2405/2674 
f 2383/2651 2406/2675 2349/2676 
f 2348/2652 2383/2651 2349/2676 
f 2375/2636 2374/2635 2404/2673 
f 2404/2673 2374/2635 2384/2653 
f 2407/2677 2405/2674 2402/2671 
f 2406/2675 2405/2674 2407/2677 
f 2351/2678 2349/2676 2406/2675 
f 2351/2678 2408/2679 2400/2669 
f 2408/2679 2351/2678 2406/2675 
f 2408/2679 2406/2675 2407/2677 
f 2408/2679 2407/2677 2399/2668 
f 2399/2668 2407/2677 2402/2671 
f 2408/2679 2399/2668 2400/2669 
f 2409/2680 2410/2681 2411/2682 
f 2412/2683 2409/2680 2411/2682 
f 2413/2684 2411/2682 2410/2681 
f 2414/2685 2413/2684 2410/2681 
f 2409/2680 2412/2683 2415/2686 
f 2412/2683 2416/2687 2415/2686 
f 2417/2688 2409/2680 2415/2686 
f 2418/2689 2417/2688 2415/2686 
f 2419/2690 2410/2681 2409/2680 
f 2417/2688 2419/2690 2409/2680 
f 2420/2691 2414/2685 2410/2681 
f 2419/2690 2420/2691 2410/2681 
f 2412/2683 2411/2682 2421/2692 
f 2421/2692 2411/2682 2413/2684 
f 2422/2693 2412/2683 2421/2692 
f 2412/2683 2422/2693 2416/2687 
f 2422/2693 2423/2694 2416/2687 
f 2421/2692 2413/2684 2424/2695 
f 2424/2695 2413/2684 2425/2696 
f 2413/2684 2426/2697 2425/2696 
f 2413/2684 2414/2685 2426/2697 
f 2426/2697 2427/2698 2425/2696 
f 2428/2699 2427/2698 2426/2697 
f 2429/2700 2428/2699 2426/2697 
f 2429/2700 2426/2697 2414/2685 
f 2420/2691 2429/2700 2414/2685 
f 2424/2695 2425/2696 2430/2701 
f 2431/2702 2424/2695 2430/2701 
f 2433/2703 2432/2704 2430/2701 
f 2433/2703 2430/2701 2425/2696 
f 2427/2698 2433/2703 2425/2696 
f 2434/2705 2432/2704 2433/2703 
f 2434/2705 2435/2706 2432/2704 
f 2435/2706 2436/2707 2432/2704 
f 2432/2704 2436/2707 2437/2708 
f 2432/2704 2437/2708 2430/2701 
f 2431/2702 2430/2701 2437/2708 
f 2438/2709 2431/2702 2437/2708 
f 2439/2710 2431/2702 2438/2709 
f 2440/2711 2439/2710 2438/2709 
f 2440/2711 2438/2709 2441/2712 
f 2437/2708 2441/2712 2438/2709 
f 2442/2713 2440/2711 2441/2712 
f 2436/2707 2435/2706 2443/2714 
f 2436/2707 2443/2714 2444/2715 
f 2445/2716 2436/2707 2444/2715 
f 2436/2707 2445/2716 2446/2717 
f 2447/2718 2436/2707 2446/2717 
f 2436/2707 2447/2718 2437/2708 
f 2437/2708 2447/2718 2441/2712 
f 2442/2713 2441/2712 2279/2719 
f 2448/2720 2442/2713 2279/2719 
f 2449/2721 2279/2719 2441/2712 
f 2447/2718 2449/2721 2441/2712 
f 2449/2721 2447/2718 2446/2717 
f 2278/2722 2448/2720 2279/2719 
f 2279/2719 2449/2721 2280/2723 
f 2280/2723 2449/2721 2446/2717 
f 2450/2724 2439/2710 2440/2711 
f 2451/2725 2450/2724 2440/2711 
f 2450/2724 2451/2725 2452/2726 
f 2451/2725 2453/2727 2452/2726 
f 2454/2728 2450/2724 2452/2726 
f 2450/2724 2454/2728 2455/2729 
f 2454/2728 2452/2726 2456/2730 
f 2458/2731 2457/2732 2456/2730 
f 2457/2732 2458/2731 2459/2733 
f 2458/2731 2460/2734 2459/2733 
f 2458/2731 2461/2735 2460/2734 
f 2461/2735 2458/2731 2456/2730 
f 2461/2735 2462/2736 2460/2734 
f 2462/2736 2461/2735 2463/2737 
f 2464/2738 2462/2736 2463/2737 
f 2464/2738 2463/2737 2465/2739 
f 2466/2740 2464/2738 2465/2739 
f 2466/2740 2465/2739 2467/2741 
f 2467/2741 2465/2739 2468/2742 
f 2465/2739 2463/2737 2468/2742 
f 2469/2743 2467/2741 2468/2742 
f 2470/2744 2466/2740 2467/2741 
f 2471/2745 2461/2735 2456/2730 
f 2463/2737 2461/2735 2471/2745 
f 2472/2746 2463/2737 2471/2745 
f 2463/2737 2472/2746 2468/2742 
f 2473/2747 2469/2743 2468/2742 
f 2474/2748 2473/2747 2468/2742 
f 2473/2747 2282/2749 2469/2743 
f 2282/2749 2473/2747 2276/2750 
f 2276/2750 2473/2747 2474/2748 
f 2282/2749 2475/2751 2469/2743 
f 2276/2750 2474/2748 2277/2752 
f 2476/2753 2277/2752 2474/2748 
f 2277/2752 2476/2753 2448/2720 
f 2278/2722 2277/2752 2448/2720 
f 2448/2720 2476/2753 2442/2713 
f 2476/2753 2477/2754 2442/2713 
f 2442/2713 2477/2754 2440/2711 
f 2477/2754 2451/2725 2440/2711 
f 2477/2754 2478/2755 2451/2725 
f 2474/2748 2478/2755 2476/2753 
f 2478/2755 2477/2754 2476/2753 
f 2478/2755 2453/2727 2451/2725 
f 2453/2727 2478/2755 2472/2746 
f 2478/2755 2474/2748 2479/2756 
f 2479/2756 2474/2748 2468/2742 
f 2479/2756 2468/2742 2472/2746 
f 2478/2755 2479/2756 2472/2746 
f 2453/2727 2472/2746 2471/2745 
f 2452/2726 2453/2727 2471/2745 
f 2452/2726 2471/2745 2456/2730 
f 2417/2757 2418/2758 2480/2759 
f 2419/2760 2417/2757 2480/2759 
f 2420/2761 2419/2760 2480/2759 
f 2481/2762 2480/2759 2418/2758 
f 2480/2759 2481/2762 2482/2763 
f 2481/2762 2459/2764 2482/2763 
f 2429/2765 2482/2763 2428/2766 
f 2429/2765 2480/2759 2482/2763 
f 2429/2765 2420/2761 2480/2759 
f 2483/2767 2428/2766 2482/2763 
f 2460/2768 2462/2769 2482/2763 
f 2460/2768 2482/2763 2459/2764 
f 2434/2770 2483/2767 2482/2763 
f 2435/2771 2434/2770 2482/2763 
f 2484/2772 2435/2771 2482/2763 
f 2482/2763 2462/2769 2464/2773 
f 2484/2772 2482/2763 2464/2773 
f 2464/2773 2466/2774 2484/2772 
f 2484/2772 2466/2774 2485/2775 
f 2484/2772 2485/2775 2443/2776 
f 2484/2772 2443/2776 2435/2771 
f 2485/2775 2444/2777 2443/2776 
f 2486/2778 2444/2777 2485/2775 
f 2487/2779 2486/2778 2485/2775 
f 2487/2779 2488/2780 2486/2778 
f 2488/2780 2489/2781 2486/2778 
f 2490/2782 2488/2780 2487/2779 
f 2491/2783 2490/2782 2487/2779 
f 2470/2784 2491/2783 2487/2779 
f 2485/2775 2470/2784 2487/2779 
f 2466/2774 2470/2784 2485/2775 
f 2483/2785 2434/2705 2433/2703 
f 2483/2785 2433/2703 2427/2698 
f 2428/2699 2483/2785 2427/2698 
f 2492/2786 2493/2787 2494/2788 
f 2495/2789 2492/2786 2494/2788 
f 2493/2787 2492/2786 2496/2790 
f 2492/2786 2497/2791 2496/2790 
f 2496/2790 2497/2791 2498/2792 
f 2497/2791 2499/2793 2498/2792 
f 2499/2793 2500/2794 2498/2792 
f 2499/2793 2497/2791 2501/2795 
f 2497/2791 2502/2796 2501/2795 
f 2502/2796 2497/2791 2492/2786 
f 2503/2797 2492/2786 2495/2789 
f 2503/2797 2502/2796 2492/2786 
f 2504/2798 2503/2797 2495/2789 
f 2503/2797 2505/2799 2502/2796 
f 2505/2799 2506/2800 2502/2796 
f 2501/2795 2502/2796 2506/2800 
f 2501/2795 2506/2800 2507/2801 
f 2506/2800 2508/2802 2507/2801 
f 2508/2802 2509/2803 2507/2801 
f 2507/2801 2509/2803 2510/2804 
f 2511/2805 2507/2801 2510/2804 
f 2507/2801 2511/2805 2512/2806 
f 2501/2795 2507/2801 2512/2806 
f 2501/2795 2512/2806 2513/2807 
f 2499/2793 2513/2807 2500/2794 
f 2501/2795 2513/2807 2499/2793 
f 2512/2806 2511/2805 2064/2296 
f 2063/2295 2064/2296 2511/2805 
f 2063/2295 2511/2805 2510/2804 
f 2508/2802 399/454 2509/2803 
f 399/454 2514/2808 2509/2803 
f 2510/2804 2509/2803 2514/2808 
f 2515/2809 2510/2804 2514/2808 
f 2063/2295 2510/2804 2515/2809 
f 2515/2809 2514/2808 2516/2810 
f 2514/2808 2517/2811 2516/2810 
f 399/454 2508/2802 402/457 
f 2508/2802 2518/2812 402/457 
f 2508/2802 2506/2800 2518/2812 
f 2506/2800 2505/2799 2518/2812 
f 374/425 2518/2812 2505/2799 
f 402/457 2518/2812 374/425 
f 403/458 374/425 2505/2799 
f 2515/2809 2516/2810 2059/2291 
f 2061/2293 2515/2809 2059/2291 
f 2061/2293 2063/2295 2515/2809 
f 403/458 2505/2799 2503/2797 
f 2504/2798 403/458 2503/2797 
f 2504/2798 376/429 403/458 
f 2519/2813 376/429 2504/2798 
f 2495/2789 2519/2813 2504/2798 
f 2520/2814 2519/2813 2495/2789 
f 2519/2813 2520/2814 378/433 
f 2520/2814 2521/2815 378/433 
f 2521/2815 2522/2816 378/433 
f 2494/2788 2520/2814 2495/2789 
f 2521/2815 2523/2817 2522/2816 
f 2523/2817 2524/2818 2522/2816 
f 2524/2818 2525/2819 2522/2816 
f 2522/2816 2525/2819 2526/2820 
f 404/459 2522/2816 2526/2820 
f 2525/2819 2524/2818 2034/2265 
f 2527/2821 2525/2819 2034/2265 
f 2525/2819 2527/2821 2528/2822 
f 2529/2823 2525/2819 2528/2822 
f 2529/2823 2526/2820 2525/2819 
f 405/460 404/459 2526/2820 
f 2522/2816 404/459 378/433 
f 377/431 2519/2813 378/433 
f 376/429 2519/2813 377/431 
f 2032/2264 2527/2821 2034/2265 
f 2031/2263 2527/2821 2032/2264 
f 2030/2262 2530/2824 2031/2263 
f 2039/2271 2530/2824 2030/2262 
f 2528/2822 2527/2821 2031/2263 
f 2530/2824 2528/2822 2031/2263 
f 2529/2823 2528/2822 2530/2824 
f 383/438 2526/2820 2529/2823 
f 405/460 2526/2820 383/438 
f 2039/2271 385/440 2530/2824 
f 386/441 385/440 2039/2271 
f 385/440 384/439 2530/2824 
f 2530/2824 384/439 2529/2823 
f 2529/2823 384/439 383/438 
f 2531/2825 2105/2337 2532/2826 
f 2513/2807 2531/2825 2532/2826 
f 2531/2825 2513/2807 2512/2806 
f 2064/2296 2531/2825 2512/2806 
f 2531/2825 2067/2299 2105/2337 
f 2067/2299 2531/2825 2064/2296 
f 2500/2794 2513/2807 2532/2826 
f 2534/2827 2043/2275 2533/2828 
f 2534/2827 2012/2244 2043/2275 
f 2012/2244 2534/2827 2041/2273 
f 2534/2827 2042/2274 2041/2273 
f 2534/2827 2533/2828 2042/2274 
f 2533/2828 390/445 2042/2274 
f 2533/2828 2535/2829 390/445 
f 401/456 390/445 2535/2829 
f 2043/2275 2044/2276 2533/2828 
f 2044/2276 2052/2285 2533/2828 
f 2056/2288 2537/2830 2536/2831 
f 2051/2282 2056/2288 2536/2831 
f 2536/2831 2537/2830 396/451 
f 396/451 2537/2830 2517/2811 
f 398/453 396/451 2517/2811 
f 2517/2811 2514/2808 398/453 
f 2514/2808 399/454 398/453 
f 2536/2831 396/451 395/450 
f 2516/2810 2537/2830 2056/2288 
f 2537/2830 2516/2810 2517/2811 
f 2059/2291 2516/2810 2056/2288 
f 2053/2284 2051/2282 2536/2831 
f 2535/2829 2053/2284 2536/2831 
f 2535/2829 2533/2828 2053/2284 
f 2533/2828 2052/2285 2053/2284 
f 400/455 2536/2831 395/450 
f 400/455 2535/2829 2536/2831 
f 2535/2829 400/455 401/456 
f 2036/2268 2025/2257 2022/2254 
f 2029/2261 2036/2268 2022/2254 
f 2036/2268 2037/2269 2025/2257 
f 2037/2269 2027/2259 2025/2257 
f 2538/2832 2020/2252 2024/2256 
f 2538/2832 2019/2251 2020/2252 
f 2017/2249 2539/2833 2008/2240 
f 2539/2833 2540/2834 2008/2240 
f 2008/2240 2540/2834 2005/2237 
f 2005/2237 2540/2834 2003/2236 
f 2540/2834 2013/2245 2003/2236 
f 2540/2834 2541/2835 2013/2245 
f 2541/2835 2542/2836 2013/2245 
f 2013/2245 2542/2836 2002/2234 
f 2002/2234 2542/2836 1997/2229 
f 2541/2835 2540/2834 2539/2833 
f 2543/2837 2542/2836 2541/2835 
f 2544/2838 2543/2837 2541/2835 
f 1852/2228 1997/2229 2542/2836 
f 2543/2837 1852/2228 2542/2836 
f 2545/2839 2541/2835 2539/2833 
f 2544/2838 2541/2835 2545/2839 
f 1857/2840 1852/2228 2543/2837 
f 1857/2840 2543/2837 2544/2838 
f 1851/2841 1995/2226 1852/2228 
f 1851/2841 1833/2842 1995/2226 
f 1833/2842 1993/2224 1995/2226 
f 1833/2842 1831/2843 1993/2224 
f 1831/2843 1991/2222 1993/2224 
f 1831/2843 1759/2844 1991/2222 
f 1759/2844 1989/2220 1991/2222 
f 1987/2218 1989/2220 1759/2844 
f 1744/2845 1987/2218 1759/2844 
f 1743/2846 1987/2218 1744/2845 
f 1743/2846 1988/2219 1987/2218 
f 1743/2846 1750/2847 1988/2219 
f 2539/2833 2017/2249 2538/2832 
f 2017/2249 2019/2251 2538/2832 
f 2028/2260 2546/2848 2538/2832 
f 2545/2839 2539/2833 2538/2832 
f 2547/2849 2545/2839 2538/2832 
f 2544/2838 1853/2850 1855/2851 
f 1853/2850 2544/2838 2545/2839 
f 2545/2839 1814/2852 1853/2850 
f 2545/2839 1812/2853 1814/2852 
f 2547/2849 1812/2853 2545/2839 
f 1855/2851 1857/2840 2544/2838 
f 1815/2854 1812/2853 2548/2855 
f 1812/2853 2547/2849 2549/2856 
f 2548/2855 1812/2853 2549/2856 
f 2549/2856 2547/2849 2538/2832 
f 2546/2848 2549/2856 2538/2832 
f 2028/2260 2538/2832 2024/2256 
f 164/215 1688/1893 162/213 
f 164/215 2550/2857 1688/1893 
f 2550/2857 164/215 166/217 
f 1688/1893 2550/2857 2551/2858 
f 1687/1894 1688/1893 2551/2858 
f 2551/2858 2550/2857 1682/2859 
f 2550/2857 172/223 1682/2859 
f 172/223 2550/2857 166/217 
f 2551/2858 1682/2859 1679/1885 
f 1683/1888 2551/2858 1679/1885 
f 2551/2858 1683/1888 1686/1891 
f 1687/1894 2551/2858 1686/1891 
f 172/223 2552/2860 1682/2859 
f 1682/2859 2552/2860 1679/1885 
f 1679/1885 2552/2860 1680/1886 
f 2552/2860 2553/2861 1680/1886 
f 1673/1879 1680/1886 2553/2861 
f 2553/2861 1671/1877 1673/1879 
f 2553/2861 1669/1875 1671/1877 
f 1669/1875 2553/2861 2552/2860 
f 174/225 1669/1875 2552/2860 
f 174/225 2552/2860 172/223 
f 1669/1875 174/225 189/240 
f 1263/1366 1315/1452 1157/1258 
f 1315/1452 1159/1260 1157/1258 
f 1263/1366 1318/1460 1315/1452 
f 1315/1452 1314/1451 1159/1260 
f 1159/1260 1314/1451 1158/1259 
f 1314/1451 2554/2862 1158/1259 
f 1158/1259 2554/2862 1166/1267 
f 1314/1451 1316/1456 2554/2862 
f 1316/1456 1317/1458 2554/2862 
f 2554/2862 1317/1458 1166/1267 
f 1317/1458 1171/1272 1166/1267 
f 2557/2863 2558/2864 2556/2865 
f 2557/2863 1795/2000 2558/2864 
f 2557/2863 2556/2865 1675/1881 
f 1674/1880 2557/2863 1675/1881 
f 1674/1880 1797/2002 2557/2863 
f 2557/2863 1797/2002 1795/2000 
f 1677/1882 1675/1881 2556/2865 
f 2555/2866 1677/1882 2556/2865 
f 1678/1884 1677/1882 2555/2866 
f 2559/2867 1678/1884 2555/2866 
f 2559/2867 1681/1887 1678/1884 
f 1684/1889 1681/1887 2559/2867 
f 2560/2868 1684/1889 2559/2867 
f 2560/2868 2559/2867 2561/2869 
f 2559/2867 406/461 2561/2869 
f 2560/2868 2561/2869 2562/2870 
f 2560/2868 2562/2870 2563/2871 
f 2560/2868 2563/2871 1684/1889 
f 2563/2871 1685/1890 1684/1889 
f 2562/2870 1685/1890 2563/2871 
f 1708/1913 1685/1890 2562/2870 
f 1704/1909 1708/1913 2562/2870 
f 1685/1890 1708/1913 1691/1896 
f 1686/1891 1685/1890 1691/1896 
f 2559/2867 407/462 406/461 
f 2559/2867 2555/2866 407/462 
f 2555/2866 2556/2865 407/462 
f 2556/2865 413/468 407/462 
f 2556/2865 414/469 413/468 
f 2556/2865 2558/2864 414/469 
f 2558/2864 418/473 414/469 
f 421/476 418/473 2558/2864 
f 1795/2000 421/476 2558/2864 
f 421/476 1795/2000 1794/1999 
f 421/476 1794/1999 422/477 
f 423/478 422/477 1794/1999 
f 1098/1196 1108/1206 1100/1198 
f 1105/1203 1108/1206 1098/1196 
f 2489/2872 2488/2873 2564/2874 
f 2565/2875 2489/2872 2564/2874 
f 2564/2874 2488/2873 2566/2876 
f 2488/2873 2490/2877 2566/2876 
f 2566/2876 2490/2877 2567/2878 
f 2490/2877 2491/2879 2567/2878 
f 2568/2880 2565/2875 2564/2874 
f 2568/2880 2564/2874 2288/2881 
f 2287/2882 2568/2880 2288/2881 
f 2566/2876 2569/2883 2564/2874 
f 2569/2883 2566/2876 2567/2878 
f 2288/2881 2564/2874 2569/2883 
f 2475/2884 2569/2883 2567/2878 
f 2289/2885 2288/2881 2569/2883 
f 2289/2885 2569/2883 2475/2884 
f 2282/2886 2289/2885 2475/2884 
f 2570/2887 2568/2880 2287/2882 
f 2286/2888 2570/2887 2287/2882 
f 2570/2887 2286/2888 2446/2717 
f 2280/2723 2446/2717 2286/2888 
f 2570/2887 2446/2717 2445/2716 
f 2571/2889 2570/2887 2445/2716 
f 2570/2887 2571/2889 2568/2880 
f 2571/2889 2565/2875 2568/2880 
f 2571/2889 2489/2872 2565/2875 
f 2444/2715 2486/2890 2445/2716 
f 2571/2889 2445/2716 2486/2890 
f 2571/2889 2486/2890 2489/2872 
f 2439/2710 2455/2729 2431/2702 
f 2455/2729 2424/2695 2431/2702 
f 2439/2710 2450/2724 2455/2729 
f 2455/2729 2421/2692 2424/2695 
f 2422/2693 2421/2692 2455/2729 
f 2454/2728 2422/2693 2455/2729 
f 2422/2693 2454/2728 2423/2694 
f 2454/2728 2456/2730 2423/2694 
f 2423/2694 2456/2730 2457/2732 
f 2572/2891 2423/2694 2457/2732 
f 2423/2694 2572/2891 2416/2687 
f 2572/2891 2415/2686 2416/2687 
f 2457/2732 2459/2733 2572/2891 
f 2459/2733 2481/2892 2572/2891 
f 2572/2891 2481/2892 2415/2686 
f 2481/2892 2418/2689 2415/2686 
f 1493/1684 2573/2893 1490/1681 
f 2574/2894 2573/2893 1493/1684 
f 2575/2895 2574/2894 1493/1684 
f 2575/2895 1493/1684 1505/1696 
f 2576/2896 2574/2894 2575/2895 
f 1490/1681 2573/2893 2577/2897 
f 1501/1692 1490/1681 2577/2897 
f 1501/1692 2577/2897 237/2898 
f 1502/1693 1501/1692 237/2898 
f 2573/2893 2574/2894 235/2899 
f 2577/2897 2573/2893 235/2899 
f 237/2898 2577/2897 235/2899 
f 1502/1693 237/2898 239/2900 
f 1500/1691 1502/1693 239/2900 
f 1503/1694 1500/1691 239/2900 
f 1503/1694 239/2900 241/1701 
f 235/2899 2574/2894 229/2901 
f 2574/2894 2576/2896 230/2902 
f 229/2901 2574/2894 230/2902 
f 1506/2903 1507/2094 1884/2091 
f 1884/2091 2578/2904 1506/2903 
f 2578/2904 1505/2905 1506/2903 
f 2578/2904 2575/2906 1505/2905 
f 1884/2091 1890/2100 2578/2904 
f 2579/2907 2575/2906 2578/2904 
f 2576/2908 2575/2906 2579/2907 
f 2580/2909 2576/2908 2579/2907 
f 2578/2904 1890/2100 2581/2910 
f 2581/2910 2579/2907 2578/2904 
f 2579/2907 2581/2910 2580/2909 
f 2581/2910 1875/2082 2580/2909 
f 1876/2083 1875/2082 2581/2910 
f 1876/2083 2581/2910 1881/2088 
f 1890/2100 1881/2088 2581/2910 
f 2582/2911 1875/2082 1877/2084 
f 2580/2909 1875/2082 2582/2911 
f 2582/2911 234/2912 2580/2909 
f 234/2912 232/2913 2580/2909 
f 2576/2908 2580/2909 232/2913 
f 2582/2911 1877/2084 362/2914 
f 362/2914 1877/2084 360/2915 
f 1877/2084 1874/2081 360/2915 
f 360/2915 1874/2081 358/2916 
f 1874/2081 1870/2077 358/2916 
f 344/2917 358/2916 1870/2077 
f 1871/2078 344/2917 1870/2077 
f 1861/2068 1871/2078 1869/2076 
f 1860/2067 1871/2078 1861/2068 
f 1871/2078 1860/2067 344/2917 
f 1860/2067 341/2918 344/2917 
f 364/2919 2582/2911 362/2914 
f 234/2912 2582/2911 364/2919 
f 1860/2067 337/2063 341/2918 
f 230/2920 2576/2908 232/2913 
f 1918/2128 2583/2921 1909/2119 
f 2583/2921 1908/2118 1909/2119 
f 2583/2921 1918/2128 2584/2922 
f 1918/2128 1923/2133 2584/2922 
f 2585/2923 2584/2922 1923/2133 
f 2584/2922 2585/2923 2586/2924 
f 2587/2925 2584/2922 2586/2924 
f 2587/2925 2586/2924 2588/2926 
f 2589/2927 2587/2925 2588/2926 
f 2590/2928 2585/2923 1923/2133 
f 2590/2928 1923/2133 1924/2134 
f 2591/2929 2583/2921 2584/2922 
f 2584/2922 2587/2925 2591/2929 
f 2587/2925 2589/2927 2591/2929 
f 2588/2926 2592/2930 2589/2927 
f 2588/2926 2593/2931 2592/2930 
f 2594/2932 2592/2930 2593/2931 
f 2592/2930 2594/2932 2595/2933 
f 2595/2933 2594/2932 1859/2065 
f 1858/2064 2595/2933 1859/2065 
f 2592/2930 2596/2934 2589/2927 
f 2596/2934 2592/2930 2595/2933 
f 2595/2933 1862/2070 2596/2934 
f 1864/2071 2596/2934 1862/2070 
f 2591/2929 2589/2927 2597/2935 
f 2591/2929 2597/2935 2583/2921 
f 2589/2927 2598/2936 2597/2935 
f 2596/2934 2598/2936 2589/2927 
f 2596/2934 1864/2071 2598/2936 
f 1897/2107 2598/2936 1864/2071 
f 1858/2064 1861/2068 2595/2933 
f 1862/2070 2595/2933 1861/2068 
f 2583/2921 2597/2935 1908/2118 
f 2597/2935 2599/2937 1908/2118 
f 2599/2937 2597/2935 2598/2936 
f 1908/2118 2599/2937 1907/2117 
f 2599/2937 2600/2938 1907/2117 
f 1902/2112 1907/2117 2600/2938 
f 1900/2110 1902/2112 2600/2938 
f 1900/2110 2600/2938 1895/2105 
f 1895/2105 2600/2938 2599/2937 
f 1896/2106 1900/2110 1895/2105 
f 2599/2937 1897/2107 1895/2105 
f 2598/2936 1897/2107 2599/2937 
f 2133/2365 2301/2550 2300/2549 
f 2301/2550 2133/2365 2294/2543 
f 2133/2365 2131/2363 2294/2543 
f 2294/2543 2131/2363 2302/2551 
f 2131/2363 2130/2362 2302/2551 
f 2302/2551 2130/2362 2362/2939 
f 2130/2362 2128/2360 2362/2939 
f 2128/2360 2127/2359 2362/2939 
f 2361/2940 2302/2551 2362/2939 
f 2302/2551 2361/2940 2292/2541 
f 2361/2940 2293/2542 2292/2541 
f 1747/1955 1746/1951 1756/1961 
f 2601/2941 1747/1955 1756/1961 
f 2602/2942 2601/2941 1756/1961 
f 2602/2942 1756/1961 1757/1962 
f 1769/1974 2602/2942 1757/1962 
f 2602/2942 1769/1974 2603/2943 
f 1769/1974 1765/1970 2603/2943 
f 1765/1970 1766/1971 2603/2943 
f 2603/2943 1766/1971 1768/1973 
f 1768/1973 2604/2944 2603/2943 
f 2605/2945 2604/2944 1768/1973 
f 2605/2945 1768/1973 1649/1855 
f 2604/2944 2606/2946 2603/2943 
f 2606/2946 2604/2944 357/412 
f 357/412 354/409 2606/2946 
f 1751/1956 1747/1955 2601/2941 
f 2607/2947 1751/1956 2601/2941 
f 350/405 1751/1956 2607/2947 
f 1751/1956 350/405 348/403 
f 352/407 350/405 2607/2947 
f 2608/2948 2606/2946 354/409 
f 2607/2947 2608/2948 352/407 
f 354/409 352/407 2608/2948 
f 2608/2948 2607/2947 2606/2946 
f 2607/2947 2601/2941 2606/2946 
f 2606/2946 2602/2942 2603/2943 
f 2601/2941 2602/2942 2606/2946 
f 357/412 2604/2944 2609/2949 
f 2605/2945 2609/2949 2604/2944 
f 1656/1862 2609/2949 2605/2945 
f 1651/1857 1656/1862 2605/2945 
f 2609/2949 1656/1862 365/420 
f 365/420 357/412 2609/2949 
f 365/420 1656/1862 217/268 
f 217/268 1656/1862 2610/2950 
f 2605/2945 1649/1855 1651/1857 
f 217/268 2610/2950 214/265 
f 2610/2950 2611/2951 214/265 
f 2610/2950 1655/1861 2611/2951 
f 1655/1861 2610/2950 1656/1862 
f 214/265 2611/2951 212/263 
f 212/263 2611/2951 210/261 
f 2611/2951 1657/1863 210/261 
f 2611/2951 1655/1861 1657/1863 
f 1589/1787 448/503 447/502 
f 1587/1785 1589/1787 447/502 
f 447/502 446/501 1587/1785 
f 446/501 1585/1783 1587/1785 
f 446/501 2612/2952 1585/1783 
f 2612/2952 1584/1782 1585/1783 
f 2612/2952 2613/2953 1584/1782 
f 2613/2953 1564/1762 1584/1782 
f 2613/2953 511/568 1564/1762 
f 445/500 2612/2952 446/501 
f 444/499 2613/2953 2612/2952 
f 445/500 444/499 2612/2952 
f 511/568 2613/2953 444/499 
f 512/569 1558/1756 511/568 
f 514/571 1558/1756 512/569 
f 517/574 1578/1776 515/572 
f 1578/1776 1563/1761 515/572 
f 517/574 471/576 1578/1776 
f 471/576 1579/1777 1578/1776 
f 2118/2351 2123/2355 2168/2403 
f 2614/2954 2389/2658 2387/2656 
f 2381/2649 2614/2954 2387/2656 
f 2387/2656 2385/2654 2381/2649 
f 2389/2658 2614/2954 2615/2955 
f 2615/2955 2614/2954 2381/2649 
f 2616/2956 2389/2658 2615/2955 
f 2615/2955 2617/2957 2616/2956 
f 2617/2957 2618/2958 2616/2956 
f 2389/2658 2616/2956 2619/2959 
f 2619/2959 2616/2956 2618/2958 
f 2390/2659 2389/2658 2619/2959 
f 2395/2664 2390/2659 2619/2959 
f 2619/2959 2396/2665 2395/2664 
f 2396/2665 2619/2959 2620/2960 
f 2620/2960 2619/2959 2618/2958 
f 2620/2960 2621/2961 2396/2665 
f 2396/2665 2621/2961 2311/2560 
f 2311/2560 2621/2961 2319/2568 
f 2310/2559 2396/2665 2311/2560 
f 2319/2568 2621/2961 2622/2962 
f 2620/2960 2622/2962 2621/2961 
f 2320/2569 2319/2568 2622/2962 
f 2622/2962 2623/2963 2320/2569 
f 2620/2960 2618/2958 2623/2963 
f 2622/2962 2620/2960 2623/2963 
f 2623/2963 2323/2572 2320/2569 
f 2623/2963 2624/2964 2323/2572 
f 2624/2964 2623/2963 2618/2958 
f 2617/2957 2624/2964 2618/2958 
f 2624/2964 2325/2574 2323/2572 
f 2624/2964 2625/2965 2325/2574 
f 2625/2965 2326/2575 2325/2574 
f 2326/2575 2625/2965 2332/2581 
f 2625/2965 2626/2966 2332/2581 
f 2332/2581 2626/2966 2338/2589 
f 2626/2966 2341/2592 2338/2589 
f 2626/2966 2627/2967 2341/2592 
f 2627/2967 2342/2593 2341/2592 
f 2625/2965 2624/2964 2617/2957 
f 2628/2968 2625/2965 2617/2957 
f 2626/2966 2625/2965 2628/2968 
f 2627/2967 2626/2966 2628/2968 
f 2617/2957 2615/2955 2628/2968 
f 2615/2955 2629/2969 2628/2968 
f 2629/2969 2615/2955 2381/2649 
f 2381/2649 2380/2648 2629/2969 
f 2628/2968 2629/2969 2380/2648 
f 2627/2967 2628/2968 2380/2648 
f 2627/2967 2380/2648 2342/2593 
f 2380/2648 2379/2641 2342/2593 
f 2342/2593 2379/2641 1719/2642 
f 2342/2593 1719/2642 1721/2602 
f 2356/2611 2352/2607 2400/2970 
f 2290/2614 2356/2611 2400/2970 
f 2351/2606 2400/2970 2352/2607 
f 1495/1686 2630/2971 1494/1685 
f 2630/2971 2631/2972 1494/1685 
f 2632/2973 2630/2971 1495/1686 
f 2631/2972 1473/1664 1494/1685 
f 1473/1664 2631/2972 1466/1657 
f 1473/1664 1482/1673 1494/1685 
f 1496/1687 2632/2973 1495/1686 
f 1496/1687 2633/2974 2632/2973 
f 1466/1657 2631/2972 1465/1656 
f 2631/2972 2630/2971 1464/1655 
f 1465/1656 2631/2972 1464/1655 
f 2630/2971 2632/2973 1463/1654 
f 1464/1655 2630/2971 1463/1654 
f 2632/2973 2633/2974 1462/1653 
f 1463/1654 2632/2973 1462/1653 
f 2634/2975 2633/2974 1496/1687 
f 1462/1653 2633/2974 2634/2975 
f 2635/2976 2634/2975 1496/1687 
f 1497/1688 2635/2976 1496/1687 
f 1497/1688 1499/1690 2635/2976 
f 1499/1690 2636/2977 2635/2976 
f 2636/2977 2634/2975 2635/2976 
f 2636/2977 1499/1690 1504/1695 
f 1522/1715 2636/2977 1504/1695 
f 2637/2978 2634/2975 2636/2977 
f 2636/2977 1522/1715 2637/2978 
f 1523/1716 2637/2978 1522/1715 
f 1453/1642 2637/2978 1523/1716 
f 2637/2978 1453/1642 1526/1719 
f 2637/2978 1526/1719 2638/2979 
f 2638/2979 1462/1653 2634/2975 
f 2638/2979 2634/2975 2637/2978 
f 2638/2979 1526/1719 1462/1653 
f 1672/1878 1799/2004 1798/2003 
f 1674/1880 1672/1878 1798/2003 
f 1799/2004 1672/1878 1670/1876 
f 2639/2980 1799/2004 1670/1876 
f 1784/1989 1799/2004 2639/2980 
f 1784/1989 2639/2980 1782/1987 
f 2639/2980 1670/1876 1667/1873 
f 1782/1987 2639/2980 1667/1873 
f 1667/1873 1666/1872 1782/1987 
f 1666/1872 1665/1871 1782/1987 
f 1665/1871 1664/1870 1781/1986 
f 146/196 1711/1916 136/197 
f 1711/1916 146/196 147/198 
f 300/351 2182/2418 272/323 
f 2182/2418 300/351 301/352 
f 282/333 287/338 2184/2423 
f 2185/2424 2184/2423 287/338 
f 2193/2432 282/333 2184/2423 
f 282/333 2193/2432 283/334 
f 2193/2432 2209/2448 283/334 
f 2209/2448 285/336 283/334 
f 2185/2424 287/338 289/340 
f 289/340 291/342 2190/2429 
f 291/342 294/345 2190/2429 
f 294/345 2191/2430 2190/2429 
f 294/345 295/346 2191/2430 
f 306/357 285/336 2213/2452 
f 2640/2981 306/357 2213/2452 
f 2214/2453 2640/2981 2213/2452 
f 306/357 2640/2981 305/356 
f 307/358 305/356 2640/2981 
f 2640/2981 2214/2453 2641/2982 
f 2214/2453 2216/2455 2641/2982 
f 2640/2981 2641/2982 309/360 
f 307/358 2640/2981 309/360 
f 311/362 309/360 2641/2982 
f 2218/2457 311/362 2641/2982 
f 2216/2455 2218/2457 2641/2982 
f 311/362 2218/2457 313/364 
f 2218/2457 2642/2983 313/364 
f 2642/2983 2218/2457 2219/2458 
f 2219/2458 2221/2460 2642/2983 
f 2643/2984 2642/2983 2221/2460 
f 2643/2984 2221/2460 2223/2462 
f 2644/2985 2643/2984 2223/2462 
f 2223/2462 2224/2463 2644/2985 
f 2224/2463 2227/2466 2644/2985 
f 2642/2983 2643/2984 315/366 
f 313/364 2642/2983 315/366 
f 317/368 315/366 2643/2984 
f 2644/2985 317/368 2643/2984 
f 2644/2985 2227/2466 320/371 
f 317/368 2644/2985 320/371 
f 320/371 2227/2466 2228/2467 
f 328/382 320/371 2228/2467 
f 328/382 2228/2467 2191/2469 
f 295/383 328/382 2191/2469 
f 2491/2986 2470/2744 2467/2741 
f 2645/2987 2491/2986 2467/2741 
f 2645/2987 2567/2988 2491/2986 
f 2475/2751 2567/2988 2645/2987 
f 2467/2741 2469/2743 2645/2987 
f 2475/2751 2645/2987 2469/2743 
f 194/245 196/247 1660/1866 
f 1663/1869 194/245 1660/1866 
f 1663/1869 192/243 194/245 
f 388/443 2042/2274 390/445 
f 1999/2231 2001/2233 2015/2247 
f 1579/2989 471/526 469/524 
f 473/529 1579/2989 469/524 
f 1579/2989 473/529 1575/2990 
f 109/541 1575/2990 473/529 
f 480/535 109/541 473/529 
f 97/144 95/142 1577/1775 
f 99/146 97/144 1577/1775 
f 119/1234 1137/1237 541/2991 
f 542/2992 541/2991 1137/1237 
f 1141/1241 542/2992 1137/1237 
f 542/2992 1141/1241 543/2993 
f 1141/1241 1155/1255 543/2993 
f 1155/1255 545/1256 543/2993 
f 2646/2994 2647/2995 2648/2996 
f 2648/2996 2649/2997 2646/2994 
f 2649/2997 2648/2996 2650/2998 
f 2648/2996 2651/2999 2650/2998 
f 2649/2997 2652/3000 2646/2994 
f 2646/2994 2652/3000 2647/2995 
f 2647/2995 2652/3000 2653/3001 
f 2654/3002 2647/2995 2653/3001 
f 2655/3003 2654/3002 2653/3001 
f 2656/3004 2653/3001 2652/3000 
f 2653/3001 2656/3004 2657/3005 
f 2656/3004 2658/3006 2657/3005 
f 2659/3007 2658/3006 2656/3004 
f 2659/3007 2660/3008 2658/3006 
f 2660/3008 2661/3009 2658/3006 
f 2658/3006 2661/3009 2657/3005 
f 2660/3008 2662/3010 2661/3009 
f 2662/3010 2663/3011 2661/3009 
f 2664/3012 2661/3009 2663/3011 
f 2661/3009 2664/3012 2657/3005 
f 2665/3013 2664/3012 2663/3011 
f 2665/3013 2666/3014 2664/3012 
f 2666/3014 2667/3015 2664/3012 
f 2668/3016 2666/3014 2665/3013 
f 2669/3017 2668/3016 2665/3013 
f 2669/3017 2665/3013 2663/3011 
f 2670/3018 2667/3015 2666/3014 
f 2670/3018 2671/3019 2667/3015 
f 2671/3019 2672/3020 2667/3015 
f 2673/3021 2670/3018 2666/3014 
f 2673/3021 2666/3014 2668/3016 
f 2674/3022 2673/3021 2668/3016 
f 2671/3019 2675/3023 2672/3020 
f 2675/3023 2676/3024 2672/3020 
f 2677/3025 2675/3023 2671/3019 
f 2678/3026 2677/3025 2671/3019 
f 2678/3026 2671/3019 2670/3018 
f 2679/3027 2677/3025 2678/3026 
f 2681/3028 2679/3027 2680/3029 
f 2682/3030 2681/3028 2680/3029 
f 2682/3030 2680/3029 2683/3031 
f 2684/3032 2682/3030 2683/3031 
f 2684/3032 2683/3031 2685/3033 
f 2686/3034 2684/3032 2685/3033 
f 2681/3028 2687/3035 2679/3027 
f 2687/3035 2688/3036 2679/3027 
f 2679/3027 2688/3036 2677/3025 
f 2689/3037 2687/3035 2681/3028 
f 2689/3037 2681/3028 2682/3030 
f 2690/3038 2684/3032 2686/3034 
f 2691/3039 2685/3033 2683/3031 
f 2690/3038 2692/3040 2684/3032 
f 2689/3037 2693/3041 2687/3035 
f 2694/3042 2690/3038 2686/3034 
f 2691/3039 2683/3031 2674/3022 
f 2683/3031 2673/3021 2674/3022 
f 2683/3031 2680/3029 2673/3021 
f 2680/3029 2670/3018 2673/3021 
f 2680/3029 2678/3026 2670/3018 
f 2679/3027 2678/3026 2680/3029 
f 2695/3043 2689/3037 2692/3040 
f 2696/3044 2695/3043 2692/3040 
f 2696/3044 2692/3040 2690/3038 
f 2697/3045 2695/3043 2696/3044 
f 2698/3046 2697/3045 2696/3044 
f 2698/3046 2696/3044 2699/3047 
f 2700/3048 2698/3046 2699/3047 
f 2700/3048 2699/3047 2701/3049 
f 2701/3049 2699/3047 2694/3042 
f 2697/3045 2702/3050 2695/3043 
f 2702/3050 2693/3041 2695/3043 
f 2703/3051 2698/3046 2700/3048 
f 2704/3052 2703/3051 2700/3048 
f 2703/3051 2704/3052 2705/3053 
f 2703/3051 2705/3053 2706/3054 
f 2707/3055 2703/3051 2706/3054 
f 2707/3055 2697/3045 2698/3046 
f 2703/3051 2707/3055 2698/3046 
f 2707/3055 2706/3054 2702/3050 
f 2697/3045 2707/3055 2702/3050 
f 2704/3052 2708/3056 2705/3053 
f 2708/3056 2704/3052 2700/3048 
f 2701/3049 2708/3056 2700/3048 
f 2695/3043 2693/3041 2689/3037 
f 2699/3047 2690/3038 2694/3042 
f 2699/3047 2696/3044 2690/3038 
f 2709/3057 2710/3058 2711/3059 
f 2712/3060 2709/3057 2711/3059 
f 2709/3057 2713/3061 2710/3058 
f 2714/3062 2715/3063 2713/3061 
f 2716/3064 2714/3062 2713/3061 
f 2712/3060 2711/3059 2717/3065 
f 2711/3059 2654/3002 2717/3065 
f 2714/3062 2716/3064 2718/3066 
f 2718/3066 2716/3064 619/3067 
f 621/3068 2718/3066 619/3067 
f 2719/3069 2718/3066 621/3068 
f 2720/3070 2718/3066 2719/3069 
f 2714/3062 2718/3066 2720/3070 
f 2721/3071 2719/3069 621/3068 
f 2719/3069 2721/3071 2722/3072 
f 2723/3073 2719/3069 2722/3072 
f 2723/3073 2720/3070 2719/3069 
f 2720/3070 2723/3073 2724/3074 
f 2720/3070 2724/3074 2714/3062 
f 2714/3062 2724/3074 2715/3063 
f 2721/3071 2725/3075 2722/3072 
f 2726/3076 2722/3072 2725/3075 
f 2727/3077 2722/3072 2726/3076 
f 2727/3077 2723/3073 2722/3072 
f 2723/3073 2727/3077 2728/3078 
f 2723/3073 2728/3078 2724/3074 
f 2728/3078 2729/3079 2724/3074 
f 2729/3079 2730/3080 2724/3074 
f 2729/3079 2728/3078 2731/3081 
f 2728/3078 2732/3082 2731/3081 
f 2728/3078 2727/3077 2732/3082 
f 2732/3082 2727/3077 2733/3083 
f 2727/3077 2734/3084 2733/3083 
f 2734/3084 2727/3077 2726/3076 
f 2733/3083 2734/3084 2735/3085 
f 2736/3086 2733/3083 2735/3085 
f 2732/3082 2733/3083 2737/3087 
f 2731/3081 2732/3082 2737/3087 
f 2737/3087 2733/3083 2736/3086 
f 2734/3084 2726/3076 2738/3088 
f 2735/3085 2734/3084 2738/3088 
f 2739/3089 2726/3076 2725/3075 
f 2738/3088 2726/3076 2739/3089 
f 1012/3090 2738/3088 2739/3089 
f 2740/3091 2737/3087 2736/3086 
f 2741/3092 2730/3080 2742/3093 
f 2743/3094 2741/3092 2742/3093 
f 2744/3095 2742/3093 2730/3080 
f 2744/3095 2730/3080 2729/3079 
f 2745/3096 2737/3087 2740/3091 
f 2746/3097 2745/3096 2740/3091 
f 2731/3081 2737/3087 2745/3096 
f 2729/3079 2731/3081 2747/3098 
f 2747/3098 2731/3081 2748/3099 
f 2731/3081 2749/3100 2748/3099 
f 2749/3100 2745/3096 2746/3097 
f 2745/3096 2749/3100 2731/3081 
f 2750/3101 2729/3079 2747/3098 
f 2742/3093 2744/3095 2750/3101 
f 2750/3101 2744/3095 2729/3079 
f 2748/3099 2749/3100 2751/3102 
f 574/647 2751/3102 2752/3103 
f 2751/3102 2749/3100 2752/3103 
f 2752/3103 2749/3100 2746/3097 
f 575/648 574/647 2752/3103 
f 2753/3104 2751/3102 574/647 
f 2753/3104 574/647 573/646 
f 2754/3105 2753/3104 573/646 
f 2755/3106 2750/3101 2747/3098 
f 2756/3107 2755/3106 2747/3098 
f 2756/3107 2757/3108 2755/3106 
f 2756/3107 2758/3109 2757/3108 
f 2760/3110 2758/3109 2756/3107 
f 2758/3109 2763/3111 2757/3108 
f 2759/3112 2757/3108 2763/3111 
f 2764/3113 2763/3111 2758/3109 
f 2765/3114 2759/3112 2763/3111 
f 2764/3113 2758/3109 2760/3110 
f 2766/3115 2764/3113 2760/3110 
f 2766/3115 2760/3110 2761/3116 
f 2767/3117 2766/3115 2761/3116 
f 2767/3117 2761/3116 2768/3118 
f 2769/3119 2767/3117 2768/3118 
f 2769/3119 2768/3118 2770/3120 
f 2771/3121 2769/3119 2770/3120 
f 2771/3121 2770/3120 2772/3122 
f 2773/3123 2771/3121 2772/3122 
f 2765/3114 2773/3124 2759/3112 
f 2773/3124 2772/3125 2759/3112 
f 2764/3113 2774/3126 2763/3111 
f 2763/3111 2774/3126 2765/3114 
f 2775/3127 2771/3121 2773/3123 
f 2764/3113 2776/3128 2774/3126 
f 2776/3128 2764/3113 2766/3115 
f 2777/3129 2776/3128 2766/3115 
f 2773/3124 2765/3114 2778/3130 
f 2778/3130 2765/3114 2774/3126 
f 2779/3131 2777/3129 2766/3115 
f 2775/3127 2780/3132 2771/3121 
f 2780/3132 2769/3119 2771/3121 
f 2780/3132 2779/3131 2769/3119 
f 2779/3131 2767/3117 2769/3119 
f 2779/3131 2766/3115 2767/3117 
f 2781/3133 2779/3131 2780/3132 
f 2782/3134 2781/3133 2780/3132 
f 2782/3134 2780/3132 2775/3127 
f 2783/3135 2775/3127 2773/3123 
f 2783/3135 2782/3134 2775/3127 
f 2784/3136 2783/3135 2773/3123 
f 2785/3137 2776/3128 2777/3129 
f 2785/3137 2786/3138 2776/3128 
f 2786/3138 2774/3126 2776/3128 
f 2786/3138 2778/3130 2774/3126 
f 2787/3139 2778/3130 2786/3138 
f 2778/3130 2787/3139 2784/3140 
f 2788/3141 2786/3138 2785/3137 
f 2789/3142 2788/3141 2785/3137 
f 2789/3142 2785/3137 2777/3129 
f 2790/3143 2787/3139 2786/3138 
f 2788/3141 2790/3143 2786/3138 
f 2787/3139 2790/3143 2784/3140 
f 2781/3133 2777/3129 2779/3131 
f 2784/3140 2773/3124 2778/3130 
f 2793/3144 2791/3145 2792/3146 
f 2794/3147 2791/3145 2793/3144 
f 2795/3148 2794/3147 2793/3144 
f 2796/3149 2794/3147 2795/3148 
f 2795/3148 2655/3003 2796/3149 
f 2655/3003 2653/3001 2796/3149 
f 2791/3145 2794/3147 1055/1153 
f 1055/1153 2794/3147 1054/1152 
f 2653/3001 2657/3005 2796/3149 
f 2657/3005 2664/3012 2796/3149 
f 2664/3012 2797/3150 2796/3149 
f 2797/3150 1054/1152 2794/3147 
f 2794/3147 2796/3149 2797/3150 
f 2664/3012 2798/3151 2797/3150 
f 2667/3015 2798/3151 2664/3012 
f 2798/3151 2667/3015 2672/3020 
f 2799/3152 2798/3151 2672/3020 
f 2799/3152 2800/3153 2798/3151 
f 2800/3153 2801/3154 2798/3151 
f 2802/3155 2800/3153 2799/3152 
f 2803/3156 2802/3155 2799/3152 
f 2803/3156 2799/3152 2672/3020 
f 2804/3157 2801/3154 2800/3153 
f 2804/3157 2805/3158 2801/3154 
f 2805/3158 2806/3159 2801/3154 
f 2807/3160 2804/3157 2800/3153 
f 2807/3160 2800/3153 2802/3155 
f 2805/3158 2808/3161 2806/3159 
f 2809/3162 2808/3161 2805/3158 
f 2810/3163 2809/3162 2805/3158 
f 2810/3163 2805/3158 2804/3157 
f 2811/3164 2809/3162 2810/3163 
f 2812/3165 2810/3163 2804/3157 
f 2812/3165 2804/3157 2807/3160 
f 2813/3166 2810/3163 2812/3165 
f 2813/3166 2812/3165 2814/3167 
f 2814/3167 2812/3165 2807/3160 
f 2814/3167 2807/3160 2802/3155 
f 2815/3168 2813/3166 2814/3167 
f 2815/3168 2814/3167 2816/3169 
f 2814/3167 2817/3170 2816/3169 
f 2817/3170 2814/3167 2802/3155 
f 2818/3171 2815/3168 2816/3169 
f 2818/3171 2819/3172 2815/3168 
f 2819/3172 2813/3166 2815/3168 
f 2819/3172 2820/3173 2813/3166 
f 2820/3173 2810/3163 2813/3166 
f 2821/3174 2818/3171 2816/3169 
f 2820/3173 2822/3175 2810/3163 
f 2822/3175 2811/3164 2810/3163 
f 2823/3176 2822/3175 2820/3173 
f 2824/3177 2823/3176 2820/3173 
f 2824/3177 2820/3173 2819/3172 
f 2825/3178 2818/3171 2821/3174 
f 2826/3179 2819/3172 2818/3171 
f 2825/3178 2826/3179 2818/3171 
f 2826/3179 2824/3177 2819/3172 
f 2824/3177 2827/3180 2823/3176 
f 2828/3181 2824/3177 2826/3179 
f 2829/3182 2828/3181 2826/3179 
f 2829/3182 2826/3179 2825/3178 
f 2830/3183 2828/3181 2829/3182 
f 2831/3184 2830/3183 2829/3182 
f 2831/3184 2829/3182 2832/3185 
f 2832/3185 2829/3182 2825/3178 
f 2833/3186 2831/3184 2832/3185 
f 2833/3186 2832/3185 2834/3187 
f 2835/3188 2833/3186 2834/3187 
f 2830/3183 2836/3189 2828/3181 
f 2836/3189 2837/3190 2828/3181 
f 2837/3190 2827/3180 2824/3177 
f 2828/3181 2837/3190 2824/3177 
f 2838/3191 2831/3184 2833/3186 
f 2839/3192 2838/3191 2833/3186 
f 2838/3191 2839/3192 2840/3193 
f 2838/3191 2840/3193 2841/3194 
f 2842/3195 2838/3191 2841/3194 
f 2842/3195 2830/3183 2831/3184 
f 2838/3191 2842/3195 2831/3184 
f 2842/3195 2841/3194 2836/3189 
f 2830/3183 2842/3195 2836/3189 
f 2839/3192 2843/3196 2840/3193 
f 2843/3196 2839/3192 2833/3186 
f 2835/3188 2843/3196 2833/3186 
f 2834/3187 2832/3185 2844/3197 
f 2832/3185 2825/3178 2844/3197 
f 2844/3197 2825/3178 2821/3174 
f 2741/3092 2845/3198 2846/3199 
f 2847/3200 2845/3198 2741/3092 
f 2845/3198 2848/3201 2846/3199 
f 2715/3063 2741/3092 2846/3199 
f 2713/3061 2715/3063 2846/3199 
f 2713/3061 2846/3199 2710/3058 
f 2846/3199 2849/3202 2710/3058 
f 2850/3203 2849/3202 2846/3199 
f 2849/3202 2851/3204 2710/3058 
f 2711/3059 2710/3058 2647/2995 
f 2647/2995 2654/3002 2711/3059 
f 2715/3063 2730/3080 2741/3092 
f 2724/3074 2730/3080 2715/3063 
f 2851/3204 2852/3205 2710/3058 
f 2852/3205 2651/2999 2710/3058 
f 2853/3206 2851/3204 2849/3202 
f 2853/3206 2852/3205 2851/3204 
f 2852/3205 2853/3206 2669/3207 
f 2853/3206 2668/3208 2669/3207 
f 2674/3209 2668/3208 2853/3206 
f 2854/3210 2674/3209 2853/3206 
f 2691/3211 2674/3209 2854/3210 
f 2855/3212 2691/3211 2854/3210 
f 2691/3211 2855/3212 2856/3213 
f 2855/3212 2857/3214 2856/3213 
f 2857/3214 2858/3215 2856/3213 
f 2859/3216 2858/3215 2857/3214 
f 2860/3217 2859/3216 2857/3214 
f 2677/3218 2859/3216 2860/3217 
f 2859/3216 2861/3219 2858/3215 
f 2861/3219 2859/3216 2677/3218 
f 2861/3219 2862/3220 2858/3215 
f 2856/3213 2858/3215 2862/3220 
f 2863/3221 2862/3220 2861/3219 
f 2864/3222 2863/3221 2861/3219 
f 2863/3221 2865/3223 2862/3220 
f 2865/3223 2866/3224 2862/3220 
f 2691/3211 2856/3213 2866/3224 
f 2866/3224 2856/3213 2862/3220 
f 2864/3222 2861/3219 2688/3225 
f 2688/3225 2861/3219 2677/3218 
f 2687/3226 2864/3222 2688/3225 
f 2865/3223 2686/3227 2866/3224 
f 2686/3227 2685/3228 2866/3224 
f 2685/3228 2691/3211 2866/3224 
f 2864/3222 2867/3229 2863/3221 
f 2867/3229 2864/3222 2687/3226 
f 2693/3230 2867/3229 2687/3226 
f 2686/3227 2865/3223 2868/3231 
f 2868/3231 2865/3223 2863/3221 
f 2694/3232 2686/3227 2868/3231 
f 2869/3233 2867/3229 2693/3230 
f 2870/3234 2863/3221 2867/3229 
f 2869/3233 2870/3234 2867/3229 
f 2871/3235 2868/3231 2870/3234 
f 2870/3234 2868/3231 2863/3221 
f 2702/3236 2869/3233 2693/3230 
f 2871/3235 2701/3237 2868/3231 
f 2701/3237 2694/3232 2868/3231 
f 2872/3238 2870/3234 2869/3233 
f 2873/3239 2872/3238 2869/3233 
f 2873/3239 2869/3233 2702/3236 
f 2874/3240 2871/3235 2870/3234 
f 2872/3238 2874/3240 2870/3234 
f 2871/3235 2874/3240 2701/3237 
f 2705/3241 2872/3238 2873/3239 
f 2706/3242 2705/3241 2873/3239 
f 2706/3242 2873/3239 2702/3236 
f 2708/3243 2874/3240 2872/3238 
f 2705/3241 2708/3243 2872/3238 
f 2874/3240 2708/3243 2701/3237 
f 2875/3244 2802/3245 2803/3246 
f 2876/3247 2875/3244 2803/3246 
f 2877/3248 2802/3245 2875/3244 
f 2817/3249 2802/3245 2877/3248 
f 2878/3250 2817/3249 2877/3248 
f 2817/3249 2878/3250 2879/3251 
f 2878/3250 2880/3252 2879/3251 
f 2880/3252 2881/3253 2879/3251 
f 2882/3254 2881/3253 2880/3252 
f 2883/3255 2882/3254 2880/3252 
f 2811/3256 2882/3254 2883/3255 
f 2809/3257 2811/3256 2883/3255 
f 2816/3258 2817/3249 2879/3251 
f 2882/3254 2884/3259 2881/3253 
f 2884/3259 2882/3254 2811/3256 
f 2885/3260 2881/3253 2884/3259 
f 2886/3261 2885/3260 2884/3259 
f 2885/3260 2887/3262 2881/3253 
f 2816/3258 2879/3251 2887/3262 
f 2887/3262 2879/3251 2881/3253 
f 2886/3261 2884/3259 2811/3256 
f 2822/3263 2886/3261 2811/3256 
f 2821/3264 2816/3258 2887/3262 
f 2886/3261 2888/3265 2885/3260 
f 2887/3262 2885/3260 2889/3266 
f 2821/3264 2887/3262 2889/3266 
f 2823/3267 2888/3265 2886/3261 
f 2822/3263 2823/3267 2886/3261 
f 2888/3265 2890/3268 2885/3260 
f 2889/3266 2885/3260 2890/3268 
f 2827/3269 2888/3265 2823/3267 
f 2821/3264 2889/3266 2891/3270 
f 2891/3270 2889/3266 2890/3268 
f 2844/3271 2821/3264 2891/3270 
f 2837/3272 2888/3265 2827/3269 
f 2892/3273 2888/3265 2837/3272 
f 2892/3273 2893/3274 2888/3265 
f 2893/3274 2890/3268 2888/3265 
f 2893/3274 2894/3275 2890/3268 
f 2894/3275 2891/3270 2890/3268 
f 2836/3276 2892/3273 2837/3272 
f 2894/3275 2835/3277 2891/3270 
f 2835/3277 2834/3278 2891/3270 
f 2834/3278 2844/3271 2891/3270 
f 2895/3279 2893/3274 2892/3273 
f 2896/3280 2895/3279 2892/3273 
f 2896/3280 2892/3273 2836/3276 
f 2897/3281 2894/3275 2893/3274 
f 2895/3279 2897/3281 2893/3274 
f 2894/3275 2897/3281 2835/3277 
f 2840/3282 2895/3279 2896/3280 
f 2841/3283 2840/3282 2896/3280 
f 2841/3283 2896/3280 2836/3276 
f 2843/3284 2897/3281 2895/3279 
f 2840/3282 2843/3284 2895/3279 
f 2897/3281 2843/3284 2835/3277 
f 2898/3285 573/3286 576/3287 
f 2899/3288 2898/3285 576/3287 
f 2754/3289 573/3286 2898/3285 
f 2900/3290 2754/3289 2898/3285 
f 2762/3291 2754/3289 2900/3290 
f 2759/3112 2762/3291 2900/3290 
f 2759/3112 2900/3290 2901/3292 
f 2757/3108 2759/3112 2901/3292 
f 2757/3108 2901/3292 2755/3106 
f 2899/3288 576/3287 2808/3293 
f 2902/3294 2899/3288 2808/3293 
f 2903/3295 2902/3294 2808/3293 
f 2883/3255 2903/3295 2808/3293 
f 2883/3255 2880/3252 2903/3295 
f 2880/3252 2904/3296 2903/3295 
f 2903/3295 2904/3296 2902/3294 
f 2880/3252 2878/3250 2904/3296 
f 2878/3250 2877/3248 2904/3296 
f 2809/3257 2883/3255 2808/3293 
f 2904/3296 2877/3248 2905/3297 
f 2904/3296 2905/3297 2902/3294 
f 2905/3297 2845/3198 2902/3294 
f 2905/3297 2875/3244 2845/3198 
f 2877/3248 2875/3244 2905/3297 
f 2875/3244 2848/3201 2845/3198 
f 2845/3198 2847/3200 2902/3294 
f 2875/3244 2876/3247 2848/3201 
f 2848/3201 2876/3247 2846/3199 
f 2876/3247 2850/3203 2846/3199 
f 2906/3298 2850/3203 2876/3247 
f 2906/3298 2876/3247 2676/3299 
f 2907/3300 2906/3298 2676/3299 
f 2675/3301 2907/3300 2676/3299 
f 2860/3217 2907/3300 2675/3301 
f 2860/3217 2857/3214 2907/3300 
f 2857/3214 2908/3302 2907/3300 
f 2907/3300 2908/3302 2906/3298 
f 2857/3214 2855/3212 2908/3302 
f 2855/3212 2854/3210 2908/3302 
f 2677/3218 2860/3217 2675/3301 
f 2876/3247 2803/3246 2676/3299 
f 2849/3202 2850/3203 2906/3298 
f 2909/3303 2849/3202 2906/3298 
f 2908/3302 2854/3210 2909/3303 
f 2908/3302 2909/3303 2906/3298 
f 2909/3303 2853/3206 2849/3202 
f 2854/3210 2853/3206 2909/3303 
f 2910/3304 2659/3007 2656/3004 
f 2910/3304 2656/3004 2652/3000 
f 2911/3305 2659/3007 2910/3304 
f 2911/3305 2912/3306 2659/3007 
f 2912/3306 2660/3008 2659/3007 
f 2912/3306 2913/3307 2660/3008 
f 2913/3307 2662/3010 2660/3008 
f 2913/3307 2914/3308 2662/3010 
f 2915/3309 2914/3308 2913/3307 
f 2916/3310 2915/3309 2913/3307 
f 2916/3310 2913/3307 2912/3306 
f 2917/3311 2916/3310 2912/3306 
f 2918/3312 2917/3311 2912/3306 
f 2918/3312 2912/3306 2911/3305 
f 2919/3313 2918/3312 2911/3305 
f 2919/3313 2911/3305 2920/3314 
f 2921/3315 2919/3313 2920/3314 
f 2917/3311 2922/3316 2916/3310 
f 2922/3316 2915/3309 2916/3310 
f 2921/3315 2920/3314 2923/3317 
f 2926/3318 2924/3319 2925/3320 
f 2926/3318 2925/3320 2915/3321 
f 2922/3322 2926/3318 2915/3321 
f 2926/3318 2927/3323 2924/3319 
f 2924/3319 2927/3323 2928/3324 
f 2923/3317 2924/3319 2928/3324 
f 2921/3315 2923/3317 2928/3324 
f 2925/3320 2924/3319 2929/3325 
f 2930/3326 2925/3320 2929/3325 
f 2931/3327 2930/3326 2929/3325 
f 2915/3321 2930/3326 2931/3327 
f 2914/3328 2915/3321 2931/3327 
f 2925/3320 2930/3326 2915/3321 
f 2920/3314 2932/3329 2923/3317 
f 2923/3317 2932/3329 2924/3319 
f 2932/3329 2929/3325 2924/3319 
f 2920/3314 2911/3305 2910/3304 
f 2920/3314 2910/3304 2652/3000 
f 2932/3329 2920/3314 2652/3000 
f 2932/3329 2652/3000 2649/2997 
f 2929/3325 2932/3329 2649/2997 
f 2929/3325 2649/2997 2933/3330 
f 2931/3327 2929/3325 2933/3330 
f 2931/3327 2933/3330 2934/3331 
f 2934/3331 2933/3330 2935/3332 
f 2933/3330 2650/2998 2935/3332 
f 2933/3330 2649/2997 2650/2998 
f 2914/3328 2931/3327 2934/3331 
f 2650/2998 2852/3205 2935/3332 
f 2852/3205 2669/3207 2935/3332 
f 2650/2998 2651/2999 2852/3205 
f 2651/2999 2648/2996 2710/3058 
f 2648/2996 2647/2995 2710/3058 
f 2934/3333 2935/3334 2663/3011 
f 2662/3010 2934/3333 2663/3011 
f 2914/3308 2934/3333 2662/3010 
f 2935/3334 2669/3017 2663/3011 
f 2940/3335 2937/3336 2939/3337 
f 2942/3338 2943/3339 2941/3340 
f 2942/3338 2944/3341 2943/3339 
f 2944/3341 2945/3342 2943/3339 
f 2944/3341 2946/3343 2945/3342 
f 2946/3343 2947/3344 2945/3342 
f 2946/3343 2940/3345 2947/3344 
f 2940/3345 2939/3346 2947/3344 
f 2948/3347 2936/3348 2937/3336 
f 2949/3349 2948/3347 2937/3336 
f 2950/3350 2949/3349 2937/3336 
f 2950/3350 2937/3336 2940/3335 
f 2949/3349 2951/3351 2948/3347 
f 2951/3351 2952/3352 2948/3347 
f 2952/3352 2951/3351 2941/3340 
f 2948/3347 2952/3352 2936/3348 
f 2952/3352 2938/3353 2936/3348 
f 2953/3354 2944/3341 2942/3338 
f 2954/3355 2946/3343 2944/3341 
f 2953/3354 2954/3355 2944/3341 
f 2946/3343 2954/3355 2940/3345 
f 2954/3355 2953/3354 2950/3356 
f 2954/3355 2950/3356 2940/3345 
f 2953/3354 2949/3357 2950/3356 
f 2953/3354 2942/3338 2949/3357 
f 2942/3338 2951/3358 2949/3357 
f 2941/3340 2951/3358 2942/3338 
f 2938/3353 2952/3352 2941/3340 
f 2921/3315 2928/3324 2938/3353 
f 2938/3353 2928/3324 2927/3323 
f 2957/3359 2926/3318 2922/3322 
f 2947/3344 2956/3360 2955/3361 
f 2947/3344 2939/3346 2956/3360 
f 2939/3346 2957/3362 2956/3360 
f 2937/3336 2926/3318 2957/3359 
f 2939/3337 2937/3336 2957/3359 
f 2936/3348 2927/3323 2926/3318 
f 2937/3336 2936/3348 2926/3318 
f 2936/3348 2938/3353 2927/3323 
f 2956/3360 2957/3362 2922/3316 
f 2956/3360 2922/3316 2917/3311 
f 2956/3360 2917/3311 2918/3312 
f 2955/3361 2918/3312 2919/3313 
f 2955/3361 2956/3360 2918/3312 
f 2945/3342 2947/3344 2955/3361 
f 2945/3342 2955/3361 2919/3313 
f 2943/3339 2945/3342 2919/3313 
f 2943/3339 2919/3313 2921/3315 
f 2941/3340 2943/3339 2921/3315 
f 2941/3340 2921/3315 2938/3353 
f 2958/3363 2788/3364 2789/3365 
f 2959/3366 2958/3363 2789/3365 
f 2958/3363 2960/3367 2788/3364 
f 2960/3367 2790/3368 2788/3364 
f 2960/3367 2958/3363 2783/3135 
f 2790/3368 2960/3367 2783/3135 
f 2958/3363 2782/3134 2783/3135 
f 2958/3363 2959/3366 2782/3134 
f 2959/3366 2781/3133 2782/3134 
f 2784/3136 2790/3368 2783/3135 
f 2959/3366 2789/3365 2777/3129 
f 2781/3133 2959/3366 2777/3129 
f 2770/3120 2961/3369 2762/3370 
f 2762/3370 2772/3122 2770/3120 
f 2762/3370 2961/3369 2754/3105 
f 2961/3369 2753/3104 2754/3105 
f 2961/3369 2962/3371 2753/3104 
f 2962/3371 2751/3102 2753/3104 
f 2962/3371 2761/3116 2751/3102 
f 2761/3116 2748/3099 2751/3102 
f 2761/3116 2760/3110 2748/3099 
f 2760/3110 2747/3098 2748/3099 
f 2760/3110 2756/3107 2747/3098 
f 2768/3118 2962/3371 2961/3369 
f 2770/3120 2768/3118 2961/3369 
f 2768/3118 2761/3116 2962/3371 
f 2772/3125 2762/3291 2759/3112 
f 2963/3372 2964/3373 2965/3374 
f 2966/3375 2963/3372 2965/3374 
f 2963/3372 2967/3376 2964/3373 
f 2967/3376 2968/3377 2964/3373 
f 2966/3375 2965/3374 2969/3378 
f 2970/3379 2966/3375 2969/3378 
f 2967/3376 2971/3380 2968/3377 
f 2971/3380 2972/3381 2968/3377 
f 2971/3380 2973/3382 2972/3381 
f 2973/3382 2974/3383 2972/3381 
f 2973/3382 2975/3384 2974/3383 
f 2975/3384 2976/3385 2974/3383 
f 2975/3384 2977/3386 2976/3385 
f 2977/3386 2978/3387 2976/3385 
f 2977/3386 2970/3388 2978/3387 
f 2970/3388 2969/3389 2978/3387 
f 2966/3375 2979/3390 2963/3372 
f 2980/3391 2979/3390 2966/3375 
f 2970/3379 2980/3391 2966/3375 
f 2980/3392 2970/3388 2977/3386 
f 2973/3382 2971/3380 2981/3393 
f 2982/3394 2979/3390 2980/3391 
f 2979/3390 2982/3394 2983/3395 
f 2979/3390 2983/3395 2963/3372 
f 2963/3372 2983/3395 2984/3396 
f 2967/3376 2963/3372 2984/3396 
f 2971/3380 2967/3376 2984/3396 
f 2981/3393 2971/3380 2984/3396 
f 2985/3397 2983/3395 2982/3394 
f 2986/3398 2985/3397 2982/3394 
f 2985/3397 2987/3399 2983/3395 
f 2987/3399 2988/3400 2983/3395 
f 2981/3393 2984/3396 2988/3400 
f 2988/3400 2984/3396 2983/3395 
f 2986/3398 2982/3394 2980/3391 
f 2989/3401 2986/3398 2980/3391 
f 2987/3399 2990/3402 2988/3400 
f 2990/3402 2981/3393 2988/3400 
f 2990/3402 2991/3403 2981/3393 
f 2991/3403 2973/3382 2981/3393 
f 2991/3403 2992/3404 2973/3382 
f 2992/3404 2975/3384 2973/3382 
f 2992/3404 2993/3405 2975/3384 
f 2993/3405 2977/3386 2975/3384 
f 2993/3405 2989/3406 2977/3386 
f 2989/3406 2980/3392 2977/3386 
f 2994/3407 2989/3406 2993/3405 
f 2995/3408 2994/3407 2993/3405 
f 2995/3408 2993/3405 2992/3404 
f 2995/3408 2996/3409 2994/3407 
f 2996/3409 2995/3408 2997/3410 
f 2997/3410 2995/3408 2992/3404 
f 2998/3411 2996/3409 2997/3410 
f 2996/3409 2998/3411 2999/3412 
f 2996/3409 2999/3412 2994/3407 
f 2998/3411 3000/3413 2999/3412 
f 2998/3411 3001/3414 3000/3413 
f 3001/3414 3002/3415 3000/3413 
f 2998/3411 2997/3410 3003/3416 
f 3001/3414 2998/3411 3003/3416 
f 3002/3415 3001/3414 3003/3416 
f 3004/3417 3002/3415 3003/3416 
f 3003/3416 2997/3410 2991/3403 
f 2997/3410 2992/3404 2991/3403 
f 3003/3416 2991/3403 2990/3402 
f 3004/3417 3003/3416 2990/3402 
f 3004/3417 2990/3402 2987/3399 
f 3005/3418 3004/3417 2987/3399 
f 3007/3419 3005/3418 3006/3420 
f 3007/3419 3006/3420 3008/3421 
f 3000/3422 3007/3419 3008/3421 
f 2999/3423 3000/3422 3008/3421 
f 3002/3424 3005/3418 3007/3419 
f 3000/3422 3002/3424 3007/3419 
f 3005/3418 3002/3424 3004/3417 
f 2999/3423 3008/3421 2994/3425 
f 3005/3418 2987/3399 2985/3397 
f 3006/3420 3005/3418 2985/3397 
f 3006/3420 2985/3397 2986/3398 
f 3008/3421 3006/3420 2986/3398 
f 3008/3421 2986/3398 2989/3401 
f 2994/3425 3008/3421 2989/3401 
f 3009/3426 3010/3427 2717/3428 
f 2654/3429 3009/3426 2717/3428 
f 3010/3427 3009/3426 2969/3378 
f 2965/3374 3010/3427 2969/3378 
f 2965/3374 2964/3373 3010/3427 
f 2964/3373 3011/3430 3010/3427 
f 3012/3431 3010/3427 3011/3430 
f 2717/3428 3010/3427 3012/3431 
f 3013/3432 3012/3431 3011/3430 
f 3014/3433 3013/3432 3011/3430 
f 3015/3434 3014/3433 3011/3430 
f 3014/3433 3015/3434 3016/3435 
f 3017/3436 3014/3433 3016/3435 
f 3011/3430 2964/3373 2968/3377 
f 3015/3434 3011/3430 2968/3377 
f 3015/3434 2968/3377 3016/3435 
f 2968/3377 2972/3381 3016/3435 
f 3016/3435 2972/3381 3018/3437 
f 2972/3381 2974/3383 3018/3437 
f 3018/3437 2974/3383 3019/3438 
f 3018/3437 3019/3438 2793/3439 
f 3018/3437 2793/3439 2792/3440 
f 3016/3435 2792/3440 3017/3436 
f 3018/3437 2792/3440 3016/3435 
f 3019/3438 2795/3441 2793/3439 
f 2795/3441 3019/3438 2655/3442 
f 3019/3438 3020/3443 2655/3442 
f 2655/3442 3020/3443 2654/3444 
f 3020/3443 3009/3445 2654/3444 
f 2974/3383 2976/3385 3019/3438 
f 3019/3438 2976/3385 2978/3387 
f 3020/3443 3019/3438 2978/3387 
f 3009/3445 3020/3443 2978/3387 
f 2969/3389 3009/3445 2978/3387 
f 3014/3446 3021/3447 3022/3448 
f 3013/3449 3014/3446 3022/3448 
f 3021/3447 3014/3446 3017/3450 
f 3023/3451 3021/3447 3017/3450 
f 3013/3449 3022/3448 3024/3452 
f 3012/3453 3013/3449 3024/3452 
f 2717/3065 3012/3453 3024/3452 
f 2712/3060 2717/3065 3024/3452 
f 3025/3454 3024/3452 3022/3448 
f 3025/3454 3026/3455 3024/3452 
f 3021/3447 3027/3456 3022/3448 
f 3027/3456 3025/3454 3022/3448 
f 2716/3064 2713/3061 3026/3455 
f 2713/3061 2709/3057 3026/3455 
f 2709/3057 2712/3060 3024/3452 
f 3026/3455 2709/3057 3024/3452 
f 3025/3454 3027/3456 3028/3457 
f 3028/3457 3027/3456 3029/3458 
f 3027/3456 3030/3459 3029/3458 
f 3029/3458 3030/3459 1000/1137 
f 3030/3459 3031/3460 1000/1137 
f 3032/3461 3031/3460 3030/3459 
f 3023/3451 3032/3461 3030/3459 
f 3029/3458 1000/1137 628/3462 
f 623/3463 3025/3454 3028/3457 
f 3026/3455 3025/3454 623/3463 
f 618/3464 3026/3455 623/3463 
f 3026/3455 618/3464 2716/3064 
f 618/3464 619/3067 2716/3064 
f 623/3463 3028/3457 625/3465 
f 3029/3458 628/3462 626/3466 
f 625/3465 3028/3457 626/3466 
f 3029/3458 626/3466 3028/3457 
f 1000/1137 3031/3460 1039/1136 
f 1039/1136 3031/3460 3032/3461 
f 1043/1141 1039/1136 3032/3461 
f 3032/3461 2791/3145 1043/1141 
f 2791/3145 1057/1155 1043/1141 
f 1057/1155 2791/3145 1055/1153 
f 1056/1154 1057/1155 1055/1153 
f 3023/3451 2792/3146 3032/3461 
f 2792/3146 3023/3451 3017/3450 
f 3032/3461 2792/3146 2791/3145 
f 3023/3451 3030/3459 3021/3447 
f 3030/3459 3027/3456 3021/3447 
f 2752/3467 2801/3154 2806/3159 
f 575/3468 2752/3467 2806/3159 
f 2801/3154 2752/3467 2798/3151 
f 576/3469 575/3468 2806/3159 
f 2808/3161 576/3469 2806/3159 
f 2798/3151 2752/3467 1060/1158 
f 2798/3151 1060/1158 2797/3150 
f 2752/3467 2746/3470 1060/1158 
f 1059/1157 2797/3150 1060/1158 
f 1054/1152 2797/3150 1059/1157 
f 1060/1158 2746/3470 1061/1159 
f 2746/3470 2740/3471 1061/1159 
f 2740/3471 1058/1156 1061/1159 
f 2736/3472 1058/1156 2740/3471 
f 2736/3472 1045/1143 1058/1156 
f 1045/1143 2736/3472 1040/1138 
f 2736/3472 2735/3473 1040/1138 
f 2735/3473 2738/3474 1040/1138 
f 2738/3474 1036/1131 1040/1138 
f 1036/1131 2738/3474 1012/1128 
f 2676/3024 2803/3156 2672/3020 
f 3037/3475 3034/3476 920/1000 
f 3039/3477 3038/3478 3036/3479 
f 3039/3477 3040/3480 3038/3478 
f 3041/3481 3038/3478 3040/3480 
f 3040/3480 3042/3482 3041/3481 
f 3041/3481 3042/3482 3043/3483 
f 3044/3484 3043/3483 3042/3482 
f 3045/3485 3036/3479 3035/3486 
f 3046/3487 3045/3485 3035/3486 
f 3045/3485 3046/3487 3047/3488 
f 3045/3485 3047/3488 3048/3489 
f 3039/3477 3045/3485 3048/3489 
f 3049/3490 3040/3480 3039/3477 
f 3042/3482 3040/3480 3049/3490 
f 3036/3479 3045/3485 3039/3477 
f 3039/3477 3048/3489 3049/3490 
f 3042/3482 3049/3490 3050/3491 
f 3042/3482 3050/3491 3051/3492 
f 3052/3493 3042/3482 3051/3492 
f 3052/3493 3044/3484 3042/3482 
f 3053/3494 3051/3492 3050/3491 
f 3054/3495 3053/3494 3050/3491 
f 3055/3496 3054/3495 3050/3491 
f 3054/3495 3055/3496 3056/3497 
f 3056/3497 3055/3496 3057/3498 
f 3057/3498 3055/3496 3050/3491 
f 3058/3499 3056/3497 3057/3498 
f 3059/3500 3056/3497 3058/3499 
f 3060/3501 3059/3500 3058/3499 
f 3061/3502 3059/3500 3060/3501 
f 3062/3503 3054/3495 3056/3497 
f 3062/3503 3056/3497 3059/3500 
f 3063/3504 3062/3503 3059/3500 
f 3063/3504 3059/3500 3061/3502 
f 3064/3505 3063/3504 3061/3502 
f 3058/3499 3057/3498 3065/3506 
f 3057/3498 3066/3507 3065/3506 
f 3065/3506 3066/3507 3067/3508 
f 3066/3507 3068/3509 3067/3508 
f 3067/3508 3068/3509 3069/3510 
f 3070/3511 3067/3508 3069/3510 
f 3071/3512 3067/3508 3070/3511 
f 3065/3506 3067/3508 3071/3512 
f 3072/3513 3071/3512 3070/3511 
f 3072/3513 3070/3511 3073/3514 
f 3074/3515 3072/3513 3073/3514 
f 3070/3511 3069/3510 3075/3516 
f 3073/3514 3070/3511 3075/3516 
f 3076/3517 3065/3506 3071/3512 
f 3077/3518 3071/3512 3072/3513 
f 3077/3518 3072/3513 3074/3515 
f 3068/3509 3066/3507 3078/3519 
f 3069/3510 3068/3509 3078/3519 
f 3079/3520 3069/3510 3078/3519 
f 3075/3516 3069/3510 3079/3520 
f 3080/3521 3075/3516 3079/3520 
f 3075/3516 3081/3522 3073/3514 
f 3081/3522 3075/3516 3080/3521 
f 3081/3522 3082/3523 3073/3514 
f 3082/3523 3081/3522 3083/3524 
f 3084/3525 3082/3523 3083/3524 
f 3085/3526 3082/3523 3084/3525 
f 3073/3514 3082/3523 3085/3526 
f 3074/3515 3073/3514 3085/3526 
f 3086/3527 3085/3526 3084/3525 
f 3084/3525 3083/3524 3087/3528 
f 3083/3524 3088/3529 3087/3528 
f 3076/3517 3071/3512 3089/3530 
f 3089/3530 3071/3512 3077/3518 
f 3090/3531 3076/3517 3089/3530 
f 3060/3501 3076/3517 3090/3531 
f 3060/3501 3058/3499 3076/3517 
f 3058/3499 3065/3506 3076/3517 
f 3091/3532 3060/3501 3090/3531 
f 3091/3532 3092/3533 3060/3501 
f 3092/3533 3061/3502 3060/3501 
f 3064/3505 3061/3502 3092/3533 
f 3093/3534 3064/3505 3092/3533 
f 3087/3528 3088/3529 741/3535 
f 3088/3529 3094/3536 741/3535 
f 741/3535 3094/3536 3095/3537 
f 743/3538 741/3535 3095/3537 
f 3096/3539 743/3538 3095/3537 
f 3097/3540 3096/3539 3095/3537 
f 3096/3539 3097/3540 3098/3541 
f 3097/3540 3099/3542 3098/3541 
f 3100/3543 3096/3539 3098/3541 
f 3097/3540 3101/3544 3099/3542 
f 3097/3540 3095/3537 3101/3544 
f 3101/3544 3102/3545 3099/3542 
f 3095/3537 3103/3546 3101/3544 
f 3103/3546 3095/3537 3094/3536 
f 3104/3547 3103/3546 3094/3536 
f 3103/3546 3104/3547 3105/3548 
f 3104/3547 3094/3536 3088/3529 
f 3106/3549 3104/3547 3088/3529 
f 3105/3548 3104/3547 3106/3549 
f 3107/3550 3105/3548 3106/3549 
f 3108/3551 3105/3548 3107/3550 
f 3037/3475 3108/3551 3107/3550 
f 3037/3475 3109/3552 3108/3551 
f 3037/3475 918/998 3109/3552 
f 3037/3475 3110/3553 3034/3476 
f 3110/3553 3033/3554 3034/3476 
f 3110/3553 3046/3487 3033/3554 
f 3046/3487 3035/3486 3033/3554 
f 3108/3551 3109/3552 3111/3555 
f 3112/3556 3108/3551 3111/3555 
f 3112/3556 3111/3555 3113/3557 
f 3112/3556 3113/3557 3103/3546 
f 3113/3557 3114/3558 3103/3546 
f 3113/3557 3115/3559 3114/3558 
f 3115/3559 3116/3560 3114/3558 
f 3115/3559 3117/3561 3116/3560 
f 3117/3561 3118/3562 3116/3560 
f 3117/3561 3119/3563 3118/3562 
f 3119/3563 3120/3564 3118/3562 
f 3119/3563 3121/3565 3120/3564 
f 3121/3565 3122/3566 3120/3564 
f 3115/3559 3123/3567 3117/3561 
f 3123/3567 3124/3568 3117/3561 
f 3119/3563 3124/3568 3125/3569 
f 3117/3561 3124/3568 3119/3563 
f 3123/3567 3126/3570 3124/3568 
f 3127/3571 3126/3570 3123/3567 
f 3128/3572 3127/3571 3123/3567 
f 3128/3572 3123/3567 3115/3559 
f 3113/3557 3128/3572 3115/3559 
f 3111/3555 3128/3572 3113/3557 
f 3121/3565 3052/3573 3122/3566 
f 3052/3573 3051/3574 3122/3566 
f 3121/3565 3119/3563 3129/3575 
f 3119/3563 3125/3569 3129/3575 
f 3121/3565 3129/3575 3044/3576 
f 3052/3573 3121/3565 3044/3576 
f 3044/3576 3129/3575 3043/3577 
f 3125/3569 3130/3578 3129/3575 
f 3130/3578 3043/3577 3129/3575 
f 915/995 3127/3571 3128/3572 
f 3111/3555 915/995 3128/3572 
f 3130/3578 3131/3579 3043/3577 
f 3043/3577 3131/3579 945/1125 
f 3132/3580 3131/3579 3130/3578 
f 3125/3569 3132/3580 3130/3578 
f 916/996 915/995 3111/3555 
f 3132/3580 3125/3569 3133/3581 
f 3125/3569 3124/3568 3133/3581 
f 3133/3581 3124/3568 1015/1103 
f 1019/1107 1015/1103 3124/3568 
f 3124/3568 3126/3570 1019/1107 
f 3126/3570 1020/1108 1019/1107 
f 1020/1108 3126/3570 3127/3571 
f 3127/3571 915/995 1023/1111 
f 1023/1111 1020/1108 3127/3571 
f 3131/3579 1018/1106 945/1125 
f 3131/3579 3132/3580 1018/1106 
f 3132/3580 1014/1102 1018/1106 
f 1014/1102 3132/3580 3133/3581 
f 1015/1103 1014/1102 3133/3581 
f 3111/3555 3109/3552 916/996 
f 916/996 3109/3552 918/998 
f 920/1000 3034/3476 926/1006 
f 3034/3476 3033/3554 926/1006 
f 3033/3554 3134/3582 926/1006 
f 920/1000 918/998 3037/3475 
f 3033/3554 3035/3486 3134/3582 
f 3035/3486 3135/3583 3134/3582 
f 3035/3486 3036/3479 3135/3583 
f 3036/3479 3136/3584 3135/3583 
f 3136/3584 3036/3479 3038/3478 
f 3137/3585 3136/3584 3038/3478 
f 3038/3478 3041/3481 3137/3585 
f 3138/3586 3137/3585 3041/3481 
f 943/1023 3138/3586 3041/3481 
f 943/1023 3041/3481 3043/3483 
f 945/1025 943/1023 3043/3483 
f 3134/3582 3135/3583 928/1008 
f 3135/3583 930/1010 928/1008 
f 928/1008 926/1006 3134/3582 
f 3138/3586 3139/3587 3137/3585 
f 3137/3585 3139/3587 3136/3584 
f 930/1010 3135/3583 3136/3584 
f 932/1012 930/1010 3136/3584 
f 932/1012 3136/3584 3139/3587 
f 939/1019 932/1012 3139/3587 
f 3139/3587 3138/3586 939/1019 
f 3138/3586 941/1021 939/1019 
f 941/1021 3138/3586 943/1023 
f 3140/3588 3141/3589 1026/1114 
f 3142/3590 3140/3588 1026/1114 
f 3140/3588 3143/3591 3141/3589 
f 3143/3591 1029/1117 3141/3589 
f 3144/3592 3140/3588 3142/3590 
f 3145/3593 3144/3592 3142/3590 
f 3146/3594 3143/3591 3140/3588 
f 3144/3592 3146/3594 3140/3588 
f 3146/3594 3147/3595 3143/3591 
f 3147/3595 1030/1118 3143/3591 
f 3143/3591 1030/1118 1029/1117 
f 3145/3593 3142/3590 3148/3596 
f 3142/3590 1026/1114 3148/3596 
f 3149/3597 3145/3593 3148/3596 
f 3150/3598 3144/3592 3145/3593 
f 3151/3599 3150/3598 3145/3593 
f 3145/3593 3149/3597 3151/3599 
f 3152/3600 3150/3598 3151/3599 
f 3152/3600 3153/3601 3150/3598 
f 3153/3601 3154/3602 3150/3598 
f 3154/3602 3146/3594 3144/3592 
f 3150/3598 3154/3602 3144/3592 
f 3153/3601 3155/3603 3154/3602 
f 3155/3603 3156/3604 3154/3602 
f 3156/3604 3147/3595 3146/3594 
f 3154/3602 3156/3604 3146/3594 
f 3155/3603 3157/3605 3156/3604 
f 3157/3605 3158/3606 3156/3604 
f 3156/3604 3158/3606 3147/3595 
f 3157/3605 611/683 3158/3606 
f 611/683 3159/3607 3158/3606 
f 3160/3608 3152/3600 3151/3599 
f 609/681 3157/3605 3155/3603 
f 3157/3605 609/681 611/683 
f 603/675 609/681 3155/3603 
f 603/675 3155/3603 3153/3601 
f 601/673 603/675 3153/3601 
f 601/673 3153/3601 3152/3600 
f 3161/3609 601/673 3152/3600 
f 3161/3609 3152/3600 3160/3608 
f 3158/3606 3159/3607 3162/3610 
f 3158/3606 3162/3610 3147/3595 
f 3159/3607 3163/3611 3162/3610 
f 3160/3608 3164/3612 596/668 
f 597/669 3160/3608 596/668 
f 3160/3608 597/669 3161/3609 
f 3160/3608 3165/3613 3164/3612 
f 3160/3608 3151/3599 3165/3613 
f 3151/3599 3166/3614 3165/3613 
f 3151/3599 3149/3597 3166/3614 
f 3166/3614 3149/3597 3167/3615 
f 3149/3597 3148/3596 3167/3615 
f 3148/3596 3168/3616 3167/3615 
f 3168/3616 3169/3617 3167/3615 
f 3170/3618 3167/3615 3169/3617 
f 3167/3615 3170/3618 3166/3614 
f 3171/3619 3170/3618 3169/3617 
f 3170/3618 3171/3619 3172/3620 
f 3171/3619 3173/3621 3172/3620 
f 3172/3620 3173/3621 3174/3622 
f 3175/3623 3172/3620 3174/3622 
f 3175/3623 3174/3622 950/1030 
f 3176/3624 3175/3623 950/1030 
f 3176/3624 950/1030 952/1032 
f 3177/3625 3176/3624 952/1032 
f 3178/3626 3176/3624 3177/3625 
f 3179/3627 3178/3626 3177/3625 
f 3180/3628 3178/3626 3179/3627 
f 3181/3629 3180/3628 3179/3627 
f 3182/3630 3180/3628 3181/3629 
f 3183/3631 3175/3623 3176/3624 
f 3178/3626 3183/3631 3176/3624 
f 948/1028 3174/3622 3173/3621 
f 950/1030 3174/3622 948/1028 
f 938/1018 948/1028 3173/3621 
f 983/1065 3181/3629 3184/3632 
f 983/1065 3184/3632 977/1059 
f 977/1059 3184/3632 3185/3633 
f 3184/3632 3186/3634 3185/3633 
f 3181/3629 3179/3627 3186/3634 
f 3184/3632 3181/3629 3186/3634 
f 977/1059 3185/3633 966/1046 
f 968/1048 977/1059 966/1046 
f 3185/3633 3186/3634 3187/3635 
f 3179/3627 3177/3625 3186/3634 
f 3186/3634 3177/3625 954/1034 
f 3177/3625 952/1032 954/1034 
f 3186/3634 954/1034 956/1036 
f 3187/3635 3186/3634 956/1036 
f 3187/3635 966/1046 3185/3633 
f 3187/3635 956/1036 962/1042 
f 966/1046 3187/3635 962/1042 
f 3181/3629 983/1065 984/1066 
f 3182/3630 3181/3629 984/1066 
f 985/1067 3182/3630 984/1066 
f 3182/3630 985/1067 986/1068 
f 3188/3636 3182/3630 986/1068 
f 3164/3612 3188/3636 986/1068 
f 596/668 3164/3612 986/1068 
f 3188/3636 3189/3637 3182/3630 
f 3189/3637 3180/3628 3182/3630 
f 3180/3628 3189/3637 3178/3626 
f 3189/3637 3183/3631 3178/3626 
f 3189/3637 3188/3636 3190/3638 
f 3164/3612 3190/3638 3188/3636 
f 3164/3612 3165/3613 3190/3638 
f 3183/3631 3189/3637 3191/3639 
f 3190/3638 3191/3639 3189/3637 
f 3183/3631 3191/3639 3175/3623 
f 3191/3639 3172/3620 3175/3623 
f 3192/3640 3191/3639 3190/3638 
f 3165/3613 3192/3640 3190/3638 
f 3166/3614 3192/3640 3165/3613 
f 3170/3618 3172/3620 3191/3639 
f 3192/3640 3170/3618 3191/3639 
f 3170/3618 3192/3640 3166/3614 
f 3193/3641 3194/3642 3062/3643 
f 3063/3644 3193/3641 3062/3643 
f 3062/3643 3194/3642 3054/3645 
f 3194/3642 3195/3646 3054/3645 
f 3194/3642 3196/3647 3195/3646 
f 3196/3647 3194/3642 3193/3641 
f 3196/3647 3197/3648 3195/3646 
f 3196/3647 3198/3649 3197/3648 
f 3198/3649 3199/3650 3197/3648 
f 3198/3649 3200/3651 3199/3650 
f 3200/3651 3201/3652 3199/3650 
f 3198/3649 3196/3647 3202/3653 
f 3203/3654 3200/3651 3198/3649 
f 3202/3653 3203/3654 3198/3649 
f 3204/3655 3203/3654 3202/3653 
f 3205/3656 3204/3655 3202/3653 
f 3202/3653 3196/3647 3205/3656 
f 3197/3648 3199/3650 3206/3657 
f 3207/3658 3199/3650 3201/3652 
f 3199/3650 3207/3658 3206/3657 
f 3197/3648 3206/3657 3208/3659 
f 3195/3646 3197/3648 3208/3659 
f 3195/3646 3208/3659 3053/3660 
f 3054/3645 3195/3646 3053/3660 
f 3206/3657 3207/3658 3120/3564 
f 3207/3658 3118/3562 3120/3564 
f 3207/3658 3102/3545 3118/3562 
f 3207/3658 3201/3652 3102/3545 
f 3102/3545 3116/3560 3118/3562 
f 3102/3545 3101/3544 3116/3560 
f 3101/3544 3114/3558 3116/3560 
f 3101/3544 3103/3546 3114/3558 
f 3206/3657 3120/3564 3122/3566 
f 3208/3659 3206/3657 3122/3566 
f 3208/3659 3122/3566 3051/3574 
f 3053/3660 3208/3659 3051/3574 
f 3112/3556 3103/3546 3105/3548 
f 3108/3551 3112/3556 3105/3548 
f 3102/3545 3201/3652 3099/3542 
f 3099/3542 3201/3652 3200/3651 
f 3098/3541 3099/3542 3200/3651 
f 3098/3541 3200/3651 3203/3654 
f 3100/3543 3098/3541 3203/3654 
f 3100/3543 3203/3654 3204/3655 
f 3100/3543 3204/3655 747/3661 
f 745/3662 3100/3543 747/3661 
f 745/3662 3096/3539 3100/3543 
f 3096/3539 745/3662 743/3538 
f 3209/3663 3204/3655 3205/3656 
f 3205/3656 3210/3664 3209/3663 
f 3211/3665 3210/3664 3205/3656 
f 3196/3647 3211/3665 3205/3656 
f 3211/3665 3196/3647 3193/3641 
f 3193/3641 3063/3644 3064/3666 
f 3193/3641 3064/3666 3093/3667 
f 3212/3668 3193/3641 3093/3667 
f 3211/3665 3193/3641 3212/3668 
f 3210/3664 3211/3665 3212/3668 
f 3210/3664 3212/3668 3213/3669 
f 705/781 3214/3670 3215/3671 
f 707/783 705/781 3215/3671 
f 3214/3670 3216/3672 3215/3671 
f 3216/3672 3217/3673 3215/3671 
f 3217/3673 3216/3672 3218/3674 
f 3219/3675 3217/3673 3218/3674 
f 3218/3674 3216/3672 3220/3676 
f 3216/3672 3221/3677 3220/3676 
f 3220/3676 3221/3677 3222/3678 
f 3221/3677 3223/3679 3222/3678 
f 3215/3671 3217/3673 3224/3680 
f 3217/3673 3225/3681 3224/3680 
f 3225/3681 3217/3673 3219/3675 
f 3226/3682 3225/3681 3219/3675 
f 3218/3674 3220/3676 3227/3683 
f 3220/3676 3228/3684 3227/3683 
f 3220/3676 3222/3678 3228/3684 
f 3218/3674 3227/3683 3229/3685 
f 3219/3675 3218/3674 3229/3685 
f 3219/3675 3229/3685 3230/3686 
f 3226/3682 3219/3675 3230/3686 
f 3230/3686 3232/3687 3231/3688 
f 3232/3687 3233/3689 3231/3688 
f 3233/3689 3234/3690 3231/3688 
f 3235/3691 3234/3690 3233/3689 
f 3230/3686 3231/3688 3236/3692 
f 3226/3682 3230/3686 3236/3692 
f 3236/3692 3231/3688 3234/3690 
f 3237/3693 3236/3692 3234/3690 
f 3234/3690 3235/3691 3237/3693 
f 3226/3682 3236/3692 3238/3694 
f 3225/3681 3226/3682 3238/3694 
f 3239/3695 3238/3694 3236/3692 
f 3237/3693 3239/3695 3236/3692 
f 3240/3696 3239/3695 3237/3693 
f 3240/3696 3237/3693 3235/3691 
f 3238/3694 3241/3697 3225/3681 
f 3238/3694 3239/3695 3241/3697 
f 3241/3697 3224/3680 3225/3681 
f 3241/3697 711/787 3224/3680 
f 711/787 710/786 3224/3680 
f 3215/3671 3224/3680 710/786 
f 707/783 3215/3671 710/786 
f 705/781 703/779 3214/3670 
f 703/779 3242/3698 3214/3670 
f 3216/3672 3214/3670 3242/3698 
f 3221/3677 3216/3672 3242/3698 
f 703/779 701/777 3242/3698 
f 701/777 3243/3699 3242/3698 
f 3221/3677 3242/3698 3243/3699 
f 3223/3679 3221/3677 3243/3699 
f 3223/3679 3243/3699 699/775 
f 699/775 3243/3699 701/777 
f 3223/3679 699/775 697/773 
f 3244/3700 3223/3679 697/773 
f 3223/3679 3244/3700 3222/3678 
f 3244/3700 3245/3701 3222/3678 
f 3245/3701 3244/3700 3246/3702 
f 3244/3700 3247/3703 3246/3702 
f 3246/3702 3247/3703 3248/3704 
f 3247/3703 3249/3705 3248/3704 
f 3247/3703 693/769 3249/3705 
f 693/769 3250/3706 3249/3705 
f 693/769 692/768 3250/3706 
f 3250/3706 692/768 3251/3707 
f 692/768 3252/3708 3251/3707 
f 692/768 688/764 3252/3708 
f 3253/3709 3252/3708 688/764 
f 3254/3710 3251/3707 3252/3708 
f 3255/3711 3254/3710 3252/3708 
f 3255/3711 3252/3708 3253/3709 
f 3254/3710 3255/3711 3256/3712 
f 3255/3711 3257/3713 3256/3712 
f 3256/3712 3257/3713 3258/3714 
f 3257/3713 3259/3715 3258/3714 
f 3260/3716 3261/3717 3259/3715 
f 3261/3717 3260/3716 3262/3718 
f 3263/3719 3262/3718 3260/3716 
f 3264/3720 3263/3719 3260/3716 
f 3264/3720 3260/3716 3259/3715 
f 3257/3713 3264/3720 3259/3715 
f 3263/3719 3265/3721 3262/3718 
f 3263/3719 3267/3722 3265/3721 
f 3267/3722 3268/3723 3265/3721 
f 3269/3724 3268/3723 3267/3722 
f 3270/3725 3269/3724 3267/3722 
f 3272/3726 3273/3727 3271/3728 
f 3273/3727 3274/3729 3271/3728 
f 3274/3729 3275/3730 3271/3728 
f 3271/3728 3275/3730 3270/3725 
f 3273/3727 3276/3731 3274/3729 
f 662/738 3276/3731 3273/3727 
f 663/739 662/738 3273/3727 
f 663/739 3273/3727 3272/3726 
f 658/734 3276/3731 662/738 
f 658/734 3277/3732 3276/3731 
f 3274/3729 3276/3731 3275/3730 
f 3276/3731 3277/3732 3275/3730 
f 3277/3732 3278/3733 3275/3730 
f 3277/3732 658/734 3279/3734 
f 658/734 656/732 3279/3734 
f 3277/3732 3279/3734 3278/3733 
f 3278/3733 3279/3734 3280/3735 
f 1698/1902 3280/3735 1697/1903 
f 3279/3734 3281/3736 3280/3735 
f 3279/3734 656/732 3281/3736 
f 3282/3737 3280/3735 1698/1902 
f 3282/3737 3278/3733 3280/3735 
f 1701/1906 3282/3737 1698/1902 
f 3283/3738 3282/3737 1701/1906 
f 3278/3733 3282/3737 3283/3738 
f 1703/1908 3283/3738 1701/1906 
f 3275/3730 3278/3733 3283/3738 
f 1704/1909 3283/3738 1703/1908 
f 1705/1910 1697/1903 3280/3735 
f 3284/3739 1705/1910 3280/3735 
f 3284/3739 3280/3735 3281/3736 
f 3285/3740 3284/3739 3281/3736 
f 3286/3741 3283/3738 1704/1909 
f 3275/3730 3283/3738 3286/3741 
f 3281/3736 652/728 3285/3740 
f 3281/3736 654/730 652/728 
f 656/732 654/730 3281/3736 
f 652/728 3287/3742 3285/3740 
f 3287/3742 652/728 648/724 
f 3288/3743 3287/3742 648/724 
f 3288/3743 648/724 3289/3744 
f 3290/3745 3288/3743 3289/3744 
f 3289/3744 637/723 3290/3745 
f 637/723 3291/3746 3290/3745 
f 3290/3745 3291/3746 3292/3747 
f 3290/3745 3292/3747 3288/3743 
f 3291/3746 3293/3748 3292/3747 
f 3292/3747 3294/3749 3288/3743 
f 3288/3743 3294/3749 3287/3742 
f 3293/3748 3295/3750 3292/3747 
f 3295/3750 3296/3751 3292/3747 
f 3296/3751 3297/3752 3292/3747 
f 3292/3747 3297/3752 3298/3753 
f 3292/3747 3298/3753 3294/3749 
f 3297/3752 3299/3754 3298/3753 
f 3298/3753 3299/3754 3300/3755 
f 3299/3754 3301/3756 3300/3755 
f 3302/3757 3300/3755 3301/3756 
f 3303/3758 3300/3755 3304/3759 
f 3304/3759 3300/3755 3302/3757 
f 3305/3760 3303/3758 3304/3759 
f 3306/3761 3300/3755 3303/3758 
f 3298/3753 3300/3755 3306/3761 
f 3294/3749 3298/3753 3306/3761 
f 3287/3742 3306/3761 3303/3758 
f 3294/3749 3306/3761 3287/3742 
f 3285/3740 3287/3742 3303/3758 
f 3303/3758 3305/3760 3285/3740 
f 3304/3759 1729/1934 3305/3760 
f 1730/1935 1729/1934 3304/3759 
f 3307/3762 1730/1935 3304/3759 
f 3307/3762 3304/3759 3302/3757 
f 1732/1937 1730/1935 3307/3762 
f 3308/3763 1732/1937 3307/3762 
f 3307/3762 3302/3757 3308/3763 
f 3302/3757 3309/3764 3308/3763 
f 1729/1934 1705/1910 3305/3760 
f 3305/3760 3284/3739 3285/3740 
f 3305/3760 1705/1910 3284/3739 
f 3308/3763 3309/3764 3310/3765 
f 3309/3764 3311/3766 3310/3765 
f 3310/3765 3311/3766 3312/3767 
f 3313/3768 3310/3765 3312/3767 
f 3313/3768 1739/1944 3310/3765 
f 1739/1944 1740/1945 3310/3765 
f 1740/1945 1732/1937 3308/3763 
f 3310/3765 1740/1945 3308/3763 
f 3314/3769 3315/3770 3316/3771 
f 3317/3772 3314/3769 3316/3771 
f 3318/3773 3314/3769 3317/3772 
f 1749/1952 3318/3773 3317/3772 
f 3318/3773 1749/1952 3319/3774 
f 1749/1952 1754/1959 3319/3774 
f 3319/3774 1754/1959 1753/1958 
f 3320/3775 3319/3774 1753/1958 
f 1749/1952 3317/3772 1748/1953 
f 3317/3772 3316/3771 1750/1954 
f 1748/1953 3317/3772 1750/1954 
f 3320/3775 1753/1958 1752/1957 
f 3321/3776 3320/3775 1752/1957 
f 845/925 1752/1957 347/402 
f 3321/3776 1752/1957 845/925 
f 3318/3773 3319/3774 3322/3777 
f 3319/3774 3323/3778 3322/3777 
f 3319/3774 3320/3775 3323/3778 
f 3324/3779 3322/3777 3323/3778 
f 3322/3777 3325/3780 3318/3773 
f 3325/3780 3314/3769 3318/3773 
f 3325/3780 3326/3781 3314/3769 
f 3326/3781 3315/3770 3314/3769 
f 3327/3782 3325/3780 3322/3777 
f 3322/3777 3324/3779 3327/3782 
f 3327/3782 3329/3783 3328/3784 
f 3331/3785 3330/3786 3329/3783 
f 3332/3787 3329/3783 3327/3782 
f 3332/3787 3333/3788 3329/3783 
f 3333/3788 3334/3789 3329/3783 
f 3329/3783 3334/3789 3331/3785 
f 3333/3788 3335/3790 3334/3789 
f 3335/3790 3232/3687 3334/3789 
f 3232/3687 3335/3790 3233/3689 
f 3336/3791 3332/3787 3327/3782 
f 3324/3779 3336/3791 3327/3782 
f 3230/3686 3337/3792 3232/3687 
f 3230/3686 3229/3685 3337/3792 
f 3338/3793 3337/3792 3229/3685 
f 3227/3683 3338/3793 3229/3685 
f 3337/3792 3338/3793 3331/3785 
f 3232/3687 3337/3792 3331/3785 
f 3334/3789 3232/3687 3331/3785 
f 3338/3793 3339/3794 3331/3785 
f 3340/3795 3331/3785 3339/3794 
f 3330/3786 3331/3785 3340/3795 
f 3227/3683 3228/3684 3338/3793 
f 3228/3684 3341/3796 3338/3793 
f 3339/3794 3338/3793 3341/3796 
f 3341/3796 3228/3684 3342/3797 
f 3343/3798 3342/3797 3228/3684 
f 3222/3678 3343/3798 3228/3684 
f 3222/3678 3245/3701 3343/3798 
f 3245/3701 3344/3799 3343/3798 
f 3343/3798 3344/3799 3342/3797 
f 3344/3799 3345/3800 3342/3797 
f 3245/3701 3246/3702 3344/3799 
f 3344/3799 3246/3702 3346/3801 
f 3246/3702 3248/3704 3346/3801 
f 3346/3801 3248/3704 3347/3802 
f 3248/3704 3348/3803 3347/3802 
f 3249/3705 3349/3804 3348/3803 
f 3347/3802 3348/3803 3350/3805 
f 3348/3803 3351/3806 3350/3805 
f 3351/3806 3348/3803 3349/3804 
f 3351/3806 3352/3807 3350/3805 
f 3352/3807 3353/3808 3350/3805 
f 3353/3808 3354/3809 3350/3805 
f 3355/3810 3353/3808 3352/3807 
f 3356/3811 3355/3810 3352/3807 
f 1792/1997 3355/3810 3356/3811 
f 1792/1997 3357/3812 3355/3810 
f 3357/3812 1792/1997 1791/1996 
f 3356/3811 1793/1998 1792/1997 
f 1793/1998 3356/3811 1794/1999 
f 3356/3811 3358/3813 1794/1999 
f 3356/3811 3352/3807 3358/3813 
f 3355/3810 3357/3812 3359/3814 
f 3353/3808 3355/3810 3359/3814 
f 3352/3807 3360/3815 3358/3813 
f 3360/3815 3352/3807 3361/3816 
f 3360/3815 3361/3816 3258/3714 
f 3361/3816 3352/3807 3351/3806 
f 3362/3817 3361/3816 3351/3806 
f 3363/3818 3359/3814 3357/3812 
f 3354/3809 3359/3814 3363/3818 
f 3354/3809 3353/3808 3359/3814 
f 3363/3818 3364/3819 3354/3809 
f 3364/3819 3363/3818 3365/3820 
f 3366/3821 3365/3820 3363/3818 
f 3366/3821 3363/3818 3367/3822 
f 3367/3822 3363/3818 3357/3812 
f 1800/2005 3367/3822 3357/3812 
f 1791/1996 1800/2005 3357/3812 
f 3368/3823 3366/3821 3367/3822 
f 3369/3824 3368/3823 3367/3822 
f 3369/3824 3367/3822 1800/2005 
f 1807/2012 3369/3824 1800/2005 
f 1807/2012 1808/2013 3369/3824 
f 1808/2013 3370/3825 3369/3824 
f 3370/3825 1808/2013 3371/3826 
f 1808/2013 1811/2016 3371/3826 
f 3371/3826 1811/2016 3372/3827 
f 3373/3828 3371/3826 3372/3827 
f 3374/3829 3373/3828 3372/3827 
f 1811/2016 1815/2020 3372/3827 
f 3371/3826 3373/3828 3370/3825 
f 3375/3830 3369/3824 3370/3825 
f 3368/3823 3369/3824 3375/3830 
f 3366/3821 3368/3823 3375/3830 
f 3376/3831 3366/3821 3375/3830 
f 3365/3820 3366/3821 3376/3831 
f 3377/3832 3365/3820 3376/3831 
f 3377/3832 3378/3833 3365/3820 
f 3378/3833 3364/3819 3365/3820 
f 3364/3819 3378/3833 3379/3834 
f 3379/3834 3380/3835 3364/3819 
f 3380/3835 3354/3809 3364/3819 
f 3354/3809 3380/3835 3350/3805 
f 3350/3805 3380/3835 3347/3802 
f 3380/3835 3381/3836 3347/3802 
f 3380/3835 3379/3834 3381/3836 
f 3346/3801 3347/3802 3381/3836 
f 3382/3837 3346/3801 3381/3836 
f 3346/3801 3382/3837 3344/3799 
f 3382/3837 3345/3800 3344/3799 
f 3382/3837 3383/3838 3345/3800 
f 3383/3838 3384/3839 3345/3800 
f 3342/3797 3345/3800 3384/3839 
f 3384/3839 3341/3796 3342/3797 
f 3385/3840 3341/3796 3384/3839 
f 3385/3840 3339/3794 3341/3796 
f 3340/3795 3339/3794 3385/3840 
f 3386/3841 3340/3795 3385/3840 
f 3387/3842 3385/3840 3384/3839 
f 3384/3839 3383/3838 3387/3842 
f 3386/3841 3385/3840 3387/3842 
f 3388/3843 3340/3795 3386/3841 
f 3340/3795 3388/3843 3330/3786 
f 3330/3786 3328/3784 3329/3783 
f 3330/3786 3389/3844 3328/3784 
f 3328/3784 3325/3780 3327/3782 
f 3326/3781 3325/3780 3328/3784 
f 3390/3845 3326/3781 3328/3784 
f 3389/3844 3391/3846 3328/3784 
f 3391/3846 3390/3845 3328/3784 
f 3392/3847 3390/3845 3391/3846 
f 3393/3848 3389/3844 3330/3786 
f 3388/3843 3393/3848 3330/3786 
f 3389/3844 3393/3848 3391/3846 
f 3394/3849 3388/3843 3386/3841 
f 3388/3843 3394/3849 3395/3850 
f 3393/3848 3388/3843 3395/3850 
f 3396/3851 3395/3850 3394/3849 
f 3397/3852 3396/3851 3394/3849 
f 3397/3852 3394/3849 3398/3853 
f 3394/3849 3386/3841 3398/3853 
f 3398/3853 3386/3841 3399/3854 
f 3399/3854 3386/3841 3387/3842 
f 3399/3854 3387/3842 3400/3855 
f 3400/3855 3387/3842 3383/3838 
f 3400/3855 3383/3838 3382/3837 
f 3382/3837 3381/3836 3379/3834 
f 3382/3837 3379/3834 3400/3855 
f 3400/3855 3379/3834 3399/3854 
f 3398/3853 3399/3854 3401/3856 
f 3379/3834 3401/3856 3399/3854 
f 3401/3856 3402/3857 3398/3853 
f 3401/3856 3378/3833 3402/3857 
f 3379/3834 3378/3833 3401/3856 
f 3403/3858 3402/3857 3378/3833 
f 3403/3858 3397/3852 3402/3857 
f 3397/3852 3398/3853 3402/3857 
f 3378/3833 3377/3832 3403/3858 
f 3396/3851 3397/3852 3403/3858 
f 3404/3859 3396/3851 3403/3858 
f 3403/3858 3377/3832 3404/3859 
f 3405/3860 3404/3859 3377/3832 
f 3377/3832 3376/3831 3405/3860 
f 3406/3861 3405/3860 3376/3831 
f 3376/3831 3375/3830 3406/3861 
f 3375/3830 3370/3825 3406/3861 
f 3370/3825 3373/3828 3406/3861 
f 3373/3828 3407/3862 3406/3861 
f 3396/3851 3404/3859 3408/3863 
f 3395/3850 3396/3851 3408/3863 
f 3408/3863 3409/3864 3395/3850 
f 3393/3848 3395/3850 3409/3864 
f 3409/3864 3391/3846 3393/3848 
f 3409/3864 3410/3865 3391/3846 
f 3410/3865 3392/3847 3391/3846 
f 3408/3863 3411/3866 3409/3864 
f 3410/3865 3409/3864 3411/3866 
f 3373/3828 3374/3829 3407/3862 
f 3374/3829 3412/3867 3407/3862 
f 3406/3861 3407/3862 3413/3868 
f 3407/3862 3412/3867 3413/3868 
f 3405/3860 3406/3861 3413/3868 
f 3414/3869 3413/3868 3412/3867 
f 3413/3868 3414/3869 3415/3870 
f 3413/3868 3415/3870 3405/3860 
f 3404/3859 3405/3860 3415/3870 
f 3415/3870 3408/3863 3404/3859 
f 3408/3863 3415/3870 3416/3871 
f 3411/3866 3408/3863 3416/3871 
f 3416/3871 3415/3870 3414/3869 
f 838/3872 338/2066 1859/2065 
f 3417/3873 838/3872 1859/2065 
f 838/3872 3417/3873 3418/3874 
f 3417/3873 3419/3875 3418/3874 
f 3420/3876 3421/3877 3419/3875 
f 3422/3878 3421/3877 3420/3876 
f 3423/3879 3421/3877 3422/3878 
f 3424/3880 3423/3879 3422/3878 
f 3423/3879 3425/3881 3421/3877 
f 3421/3877 3425/3881 3426/3882 
f 3427/3883 3421/3877 3426/3882 
f 3419/3875 3421/3877 3427/3883 
f 3426/3882 3428/3884 3427/3883 
f 3428/3884 3429/3885 3427/3883 
f 3426/3882 3425/3881 3430/3886 
f 3425/3881 3431/3887 3430/3886 
f 3432/3888 3428/3884 3426/3882 
f 3430/3886 3432/3888 3426/3882 
f 3430/3886 3431/3887 3433/3889 
f 3432/3888 3430/3886 3433/3889 
f 3431/3887 3434/3890 3433/3889 
f 3435/3891 3432/3888 3433/3889 
f 3431/3887 3436/3892 3434/3890 
f 3436/3892 3431/3887 3425/3881 
f 3423/3879 3436/3892 3425/3881 
f 3437/3893 3436/3892 3423/3879 
f 3423/3879 3424/3880 3437/3893 
f 3438/3894 3437/3893 3424/3880 
f 3436/3892 3439/3895 3434/3890 
f 3436/3892 3437/3893 3439/3895 
f 3437/3893 3440/3896 3439/3895 
f 3438/3894 3441/3897 3437/3893 
f 3442/3898 3439/3895 3443/3899 
f 3443/3899 3444/3900 3091/3901 
f 3443/3899 3091/3901 3442/3898 
f 3444/3900 3092/3902 3091/3901 
f 3093/3903 3092/3902 3444/3900 
f 3445/3904 3093/3903 3444/3900 
f 3446/3905 3445/3904 3444/3900 
f 3446/3905 3444/3900 3447/3906 
f 3448/3907 3439/3895 3442/3898 
f 3444/3900 3443/3899 3449/3908 
f 3447/3906 3444/3900 3449/3908 
f 3449/3908 3443/3899 3439/3895 
f 3440/3896 3449/3908 3439/3895 
f 3440/3896 3437/3893 3449/3908 
f 3437/3893 3441/3897 3449/3908 
f 3447/3906 3449/3908 3450/3909 
f 3447/3906 3450/3909 3451/3910 
f 3446/3905 3447/3906 3451/3910 
f 3449/3908 3441/3897 3452/3911 
f 3449/3908 3452/3911 3450/3909 
f 3441/3897 3438/3894 3452/3911 
f 3438/3894 3453/3912 3452/3911 
f 3453/3912 3454/3913 3452/3911 
f 3453/3912 3438/3894 3455/3914 
f 3455/3914 3438/3894 3424/3880 
f 3455/3914 3424/3880 3422/3878 
f 3452/3911 3454/3913 3450/3909 
f 3450/3909 3456/3915 3451/3910 
f 3450/3909 3454/3913 3456/3915 
f 3454/3913 3457/3916 3456/3915 
f 3454/3913 3458/3917 3457/3916 
f 3458/3917 3459/3918 3457/3916 
f 3458/3917 3460/3919 3459/3918 
f 3460/3919 3461/3920 3459/3918 
f 3461/3920 3460/3919 3462/3921 
f 3460/3919 3463/3922 3462/3921 
f 3464/3923 3463/3922 3460/3919 
f 3465/3924 3464/3923 3460/3919 
f 3465/3924 3466/3925 3464/3923 
f 3466/3925 3467/3926 3464/3923 
f 3462/3921 3463/3922 643/715 
f 3464/3923 3468/3927 3463/3922 
f 3464/3923 3467/3926 3468/3927 
f 3467/3926 3469/3928 3468/3927 
f 3468/3927 3469/3928 3470/3929 
f 3469/3928 3471/3930 3470/3929 
f 3469/3928 3472/3931 3471/3930 
f 3472/3931 3473/3932 3471/3930 
f 3468/3927 3470/3929 3474/3933 
f 3475/3934 3468/3927 3474/3933 
f 3468/3927 3475/3934 3463/3922 
f 3476/3935 3472/3931 3469/3928 
f 3467/3926 3476/3935 3469/3928 
f 3472/3931 3477/3936 3473/3932 
f 3477/3936 3478/3937 3473/3932 
f 1921/2131 3478/3937 3477/3936 
f 1922/2132 1921/2131 3477/3936 
f 1922/2132 3477/3936 3479/3938 
f 3479/3938 3477/3936 3472/3931 
f 3476/3935 3479/3938 3472/3931 
f 1924/2134 1922/2132 3479/3938 
f 3470/3929 3471/3930 3480/3939 
f 3471/3930 3481/3940 3480/3939 
f 3471/3930 3473/3932 3481/3940 
f 3473/3932 3482/3941 3481/3940 
f 3473/3932 3478/3937 3482/3941 
f 1921/2131 1928/2138 3478/3937 
f 1928/2138 3483/3942 3478/3937 
f 3478/3937 3483/3942 3482/3941 
f 3480/3939 3481/3940 3484/3943 
f 3480/3939 3484/3943 3485/3944 
f 3485/3944 3484/3943 3486/3945 
f 3484/3943 3487/3946 3486/3945 
f 3487/3946 3488/3947 3486/3945 
f 3488/3947 3487/3946 3489/3948 
f 3487/3946 3490/3949 3489/3948 
f 3489/3948 3490/3949 3491/3950 
f 3490/3949 3492/3951 3491/3950 
f 3488/3947 3489/3948 3493/3952 
f 3488/3947 3493/3952 3486/3945 
f 3489/3948 3494/3953 3493/3952 
f 3494/3953 3489/3948 3491/3950 
f 3491/3950 3492/3951 3495/3954 
f 1942/2152 3491/3950 3495/3954 
f 3491/3950 1942/2152 3496/3955 
f 1942/2152 1944/2154 3496/3955 
f 1945/2155 1942/2152 3495/3954 
f 3497/3956 3491/3950 3496/3955 
f 3497/3956 3494/3953 3491/3950 
f 3498/3957 3490/3949 3487/3946 
f 3484/3943 3498/3957 3487/3946 
f 3499/3958 3492/3951 3490/3949 
f 3498/3957 3499/3958 3490/3949 
f 3500/3959 3495/3954 3492/3951 
f 3499/3958 3500/3959 3492/3951 
f 3495/3954 3500/3959 1950/2160 
f 1945/2155 3495/3954 1950/2160 
f 3496/3955 1944/2154 1952/2162 
f 3501/3960 1952/2162 3313/3961 
f 3496/3955 1952/2162 3501/3960 
f 3497/3956 3496/3955 3501/3960 
f 3312/3962 3501/3960 3313/3961 
f 1952/2162 1739/2166 3313/3961 
f 3501/3960 3312/3962 3502/3963 
f 3481/3940 3498/3957 3484/3943 
f 3482/3941 3499/3958 3498/3957 
f 3481/3940 3482/3941 3498/3957 
f 3483/3942 3500/3959 3499/3958 
f 3482/3941 3483/3942 3499/3958 
f 3500/3959 3483/3942 1928/2138 
f 1950/2160 3500/3959 1928/2138 
f 3501/3960 3502/3963 3503/3964 
f 3497/3956 3501/3960 3503/3964 
f 3497/3956 3503/3964 3504/3965 
f 3494/3953 3497/3956 3504/3965 
f 3494/3953 3504/3965 3493/3952 
f 3504/3965 3505/3966 3493/3952 
f 3505/3966 3506/3967 3493/3952 
f 3506/3967 3486/3945 3493/3952 
f 3486/3945 3506/3967 3295/3968 
f 3506/3967 3296/3969 3295/3968 
f 3485/3944 3486/3945 3295/3968 
f 3293/3970 3485/3944 3295/3968 
f 3507/3971 3485/3944 3293/3970 
f 3507/3971 3480/3939 3485/3944 
f 3470/3929 3480/3939 3507/3971 
f 3474/3933 3470/3929 3507/3971 
f 3474/3933 3507/3971 637/709 
f 3507/3971 3291/3972 637/709 
f 3291/3972 3507/3971 3293/3970 
f 637/709 636/708 3474/3933 
f 3474/3933 636/708 3475/3934 
f 636/708 640/712 3475/3934 
f 640/712 3463/3922 3475/3934 
f 3463/3922 640/712 643/715 
f 3508/3973 3509/3974 3445/3975 
f 3509/3974 3508/3973 3510/3976 
f 3511/3977 3509/3974 3510/3976 
f 3510/3976 3508/3973 3512/3978 
f 3512/3978 3513/3979 3510/3976 
f 3512/3978 3514/3980 3513/3979 
f 3512/3978 3508/3973 3515/3981 
f 3515/3981 3508/3973 3446/3982 
f 3446/3982 3508/3973 3445/3975 
f 3516/3983 3514/3980 3512/3978 
f 3516/3983 3512/3978 3517/3984 
f 3517/3984 3512/3978 3515/3981 
f 3451/3985 3517/3984 3515/3981 
f 3446/3982 3451/3985 3515/3981 
f 3518/3986 3511/3977 3510/3976 
f 3513/3979 3519/3987 3510/3976 
f 3519/3987 3513/3979 3520/3988 
f 3513/3979 3514/3980 3520/3988 
f 3451/3985 3456/3989 3517/3984 
f 3517/3984 3456/3989 3516/3983 
f 3516/3983 3521/3990 3514/3980 
f 3516/3983 3456/3989 3522/3991 
f 3522/3991 3521/3990 3516/3983 
f 3522/3991 3523/3992 3521/3990 
f 3524/3993 3521/3990 3523/3992 
f 3524/3993 3523/3992 3525/3994 
f 3523/3992 3526/3995 3525/3994 
f 3525/3994 3526/3995 3527/3996 
f 3461/3997 3526/3995 3523/3992 
f 3461/3997 3462/3998 3526/3995 
f 3526/3995 3462/3998 645/719 
f 3462/3998 643/716 645/719 
f 3459/3999 3461/3997 3523/3992 
f 3523/3992 3522/3991 3459/3999 
f 3522/3991 3457/4000 3459/3999 
f 3457/4000 3522/3991 3456/3989 
f 645/719 651/727 3526/3995 
f 3527/3996 3526/3995 651/727 
f 661/737 3527/3996 651/727 
f 661/737 682/758 3527/3996 
f 3527/3996 682/758 3525/3994 
f 3525/3994 682/758 681/757 
f 3525/3994 681/757 3524/3993 
f 3524/3993 681/757 680/756 
f 3521/3990 3524/3993 680/756 
f 680/756 3528/4001 3521/3990 
f 3528/4001 3514/3980 3521/3990 
f 3514/3980 3528/4001 3520/3988 
f 3528/4001 680/756 683/759 
f 3528/4001 683/759 684/760 
f 3520/3988 3528/4001 684/760 
f 3520/3988 684/760 685/761 
f 3520/3988 685/761 686/762 
f 3519/3987 3520/3988 686/762 
f 3519/3987 686/762 690/766 
f 3529/4002 3519/3987 690/766 
f 3529/4002 3510/3976 3519/3987 
f 3510/3976 3529/4002 3518/3986 
f 3529/4002 3530/4003 3518/3986 
f 3530/4003 3531/4004 3518/3986 
f 3511/3977 3518/3986 3531/4004 
f 3213/4005 3511/3977 3531/4004 
f 3210/4006 3213/4005 3531/4004 
f 3509/3974 3511/3977 3213/4005 
f 3509/3974 3213/4005 3212/4007 
f 3445/3975 3509/3974 3212/4007 
f 3093/4008 3445/3975 3212/4007 
f 3530/4003 3532/4009 3531/4004 
f 749/825 3532/4009 3530/4003 
f 3204/4010 3532/4009 749/825 
f 3531/4004 3209/4011 3210/4006 
f 3532/4009 3209/4011 3531/4004 
f 3209/4011 3532/4009 3204/4010 
f 749/825 747/823 3204/4010 
f 3530/4003 752/828 749/825 
f 754/830 752/828 3530/4003 
f 3530/4003 3529/4002 754/830 
f 754/830 3529/4002 690/766 
f 1985/2216 1988/2219 3533/4012 
f 3534/4013 1985/2216 3533/4012 
f 3534/4013 3533/4012 3535/4014 
f 3536/4015 3534/4013 3535/4014 
f 3536/4015 3535/4014 3537/4016 
f 3538/4017 3536/4015 3537/4016 
f 3538/4017 3537/4016 3539/4018 
f 3540/4019 3538/4017 3539/4018 
f 3540/4019 3539/4018 3541/4020 
f 3542/4021 3540/4019 3541/4020 
f 3542/4021 3541/4020 3411/4022 
f 3543/4023 3542/4021 3411/4022 
f 3544/4024 3542/4021 3543/4023 
f 3544/4024 3543/4023 3545/4025 
f 3546/4026 3544/4024 3545/4025 
f 3547/4027 3546/4026 3545/4025 
f 3543/4023 3548/4028 3545/4025 
f 3549/4029 3550/4030 3548/4028 
f 3549/4029 3551/4031 3550/4030 
f 3551/4031 3552/4032 3550/4030 
f 3553/4033 3552/4032 3551/4031 
f 3554/4034 3553/4033 3551/4031 
f 3552/4032 3555/4035 3550/4030 
f 3555/4035 3556/4036 3550/4030 
f 3550/4030 3557/4037 3548/4028 
f 3556/4036 3557/4037 3550/4030 
f 3558/4038 3556/4036 3555/4035 
f 3559/4039 3549/4029 3548/4028 
f 3560/4040 3555/4035 3552/4032 
f 3553/4033 3560/4040 3552/4032 
f 3558/4038 3555/4035 3560/4040 
f 3557/4037 3545/4025 3548/4028 
f 3561/4041 3553/4033 3554/4034 
f 3553/4033 3561/4041 3560/4040 
f 3562/4042 3561/4041 3554/4034 
f 3561/4041 3562/4042 3563/4043 
f 3562/4042 3564/4044 3563/4043 
f 3564/4044 3565/4045 3563/4043 
f 3566/4046 3563/4043 3565/4045 
f 3566/4046 3561/4041 3563/4043 
f 3567/4047 3566/4046 3565/4045 
f 3568/4048 3561/4041 3566/4046 
f 3567/4047 3565/4045 3569/4049 
f 3570/4050 3567/4047 3569/4049 
f 3570/4050 3569/4049 2026/2258 
f 2027/2259 3570/4050 2026/2258 
f 2028/2260 2026/2258 3569/4049 
f 3567/4047 3571/4051 3566/4046 
f 3572/4052 3566/4046 3571/4051 
f 3573/4053 3572/4052 3571/4051 
f 3573/4053 3571/4051 3574/4054 
f 2034/2265 3574/4054 2033/2266 
f 3572/4052 3575/4055 3566/4046 
f 3574/4054 3571/4051 3576/4056 
f 3574/4054 3576/4056 2037/2269 
f 2033/2266 3574/4054 2037/2269 
f 3575/4055 3577/4057 3568/4048 
f 3575/4055 3568/4048 3566/4046 
f 3577/4057 3561/4041 3568/4048 
f 3577/4057 3575/4055 3578/4058 
f 3578/4058 3575/4055 3572/4052 
f 3579/4059 3577/4057 3578/4058 
f 3577/4057 3579/4059 3580/4060 
f 3581/4061 3580/4060 3579/4059 
f 3580/4060 3558/4038 3560/4040 
f 3561/4041 3577/4057 3560/4040 
f 3560/4040 3577/4057 3580/4060 
f 3558/4038 3582/4062 3556/4036 
f 3581/4061 3579/4059 885/965 
f 3579/4059 883/963 885/965 
f 883/963 3579/4059 3578/4058 
f 3582/4062 3583/4063 3556/4036 
f 3583/4063 3582/4062 3584/4064 
f 3585/4065 3583/4063 3584/4064 
f 3586/4066 3585/4065 3584/4064 
f 3587/4067 3585/4065 3586/4066 
f 3587/4067 3588/4068 3585/4065 
f 3589/4069 3588/4068 3587/4067 
f 3586/4066 3591/4070 3590/4071 
f 3592/4072 3593/4073 3591/4070 
f 3590/4071 3594/4074 3586/4066 
f 3594/4074 3595/4075 3586/4066 
f 3595/4075 3587/4067 3586/4066 
f 3595/4075 3589/4069 3587/4067 
f 3584/4064 3592/4072 3591/4070 
f 3586/4066 3584/4064 3591/4070 
f 3591/4070 3596/4076 3590/4071 
f 3596/4076 3597/4077 3590/4071 
f 3597/4077 3596/4076 3598/4078 
f 3596/4076 3599/4079 3598/4078 
f 3598/4078 3599/4079 3600/4080 
f 3599/4079 3601/4081 3600/4080 
f 3600/4080 3601/4081 3602/4082 
f 3601/4081 3603/4083 3602/4082 
f 3603/4083 3604/4084 3602/4082 
f 3604/4084 3605/4085 3602/4082 
f 3598/4078 3606/4086 3597/4077 
f 3598/4078 3600/4080 3606/4086 
f 3602/4082 3605/4085 3607/4087 
f 3605/4085 3608/4088 3607/4087 
f 3607/4087 3608/4088 3609/4089 
f 3610/4090 3607/4087 3609/4089 
f 3611/4091 3607/4087 3610/4090 
f 3602/4082 3607/4087 3611/4091 
f 3600/4080 3602/4082 3611/4091 
f 3600/4080 3611/4091 3606/4086 
f 3612/4092 3611/4091 3610/4090 
f 3611/4091 3612/4092 3606/4086 
f 3612/4092 3610/4090 3613/4093 
f 3614/4094 3612/4092 3613/4093 
f 3612/4092 3614/4094 3615/4095 
f 3612/4092 3615/4095 3606/4086 
f 3614/4094 3616/4096 3615/4095 
f 3614/4094 3613/4093 3616/4096 
f 3610/4090 3609/4089 3617/4097 
f 3613/4093 3610/4090 3617/4097 
f 3613/4093 3617/4097 3618/4098 
f 3613/4093 3618/4098 3616/4096 
f 3616/4096 3618/4098 3619/4099 
f 3620/4100 3616/4096 3619/4099 
f 3618/4098 3621/4101 3619/4099 
f 3617/4097 3621/4101 3618/4098 
f 3621/4101 3622/4102 3619/4099 
f 3623/4103 3619/4099 3622/4102 
f 3623/4103 3622/4102 3624/4104 
f 3625/4105 3623/4103 3624/4104 
f 3626/4106 3623/4103 3625/4105 
f 3619/4099 3623/4103 3626/4106 
f 3620/4100 3619/4099 3626/4106 
f 3620/4100 3626/4106 3627/4107 
f 3628/4108 3620/4100 3627/4107 
f 3616/4096 3620/4100 3628/4108 
f 3615/4095 3616/4096 3628/4108 
f 3629/4109 3626/4106 3625/4105 
f 3626/4106 3629/4109 3630/4110 
f 3627/4107 3626/4106 3630/4110 
f 3621/4101 3617/4097 3631/4111 
f 3631/4111 3617/4097 3632/4112 
f 3631/4111 3632/4112 2095/2327 
f 3632/4112 2096/2328 2095/2327 
f 2096/2328 3632/4112 2097/2329 
f 3632/4112 3633/4113 2097/2329 
f 3634/4114 3631/4111 2095/2327 
f 2099/2331 3634/4114 2095/2327 
f 3635/4115 3634/4114 2099/2331 
f 2101/2333 3635/4115 2099/2331 
f 3636/4116 3635/4115 2101/2333 
f 2103/2335 3636/4116 2101/2333 
f 3637/4117 3636/4116 2103/2335 
f 3632/4112 3609/4089 3633/4113 
f 3617/4097 3609/4089 3632/4112 
f 3609/4089 3608/4088 3633/4113 
f 3634/4114 3635/4115 3622/4102 
f 3621/4101 3634/4114 3622/4102 
f 3634/4114 3621/4101 3631/4111 
f 3636/4116 3622/4102 3635/4115 
f 3624/4104 3622/4102 3636/4116 
f 3637/4117 3624/4104 3636/4116 
f 3633/4113 3608/4088 3638/4118 
f 3633/4113 3638/4118 2105/2337 
f 2097/2329 3633/4113 2105/2337 
f 3608/4088 3605/4085 3638/4118 
f 3639/4119 3637/4117 2103/2335 
f 2107/2339 3639/4119 2103/2335 
f 3640/4120 3624/4104 3637/4117 
f 3639/4119 3640/4120 3637/4117 
f 3624/4104 3640/4120 3641/4121 
f 3625/4105 3624/4104 3641/4121 
f 3625/4105 3641/4121 3642/4122 
f 3629/4109 3625/4105 3642/4122 
f 3642/4122 3643/4123 3629/4109 
f 3643/4123 3630/4110 3629/4109 
f 3630/4110 3643/4123 3644/4124 
f 3627/4107 3630/4110 3644/4124 
f 3645/4125 3628/4108 3627/4107 
f 3615/4095 3628/4108 3645/4125 
f 3606/4086 3615/4095 3645/4125 
f 3644/4124 3646/4126 3627/4107 
f 3646/4126 3647/4127 3627/4107 
f 3627/4107 3647/4127 3594/4074 
f 3645/4125 3627/4107 3594/4074 
f 3594/4074 3647/4127 3595/4075 
f 3595/4075 3647/4127 3646/4126 
f 3594/4074 3590/4071 3597/4077 
f 3645/4125 3594/4074 3597/4077 
f 3606/4086 3645/4125 3597/4077 
f 3589/4069 3595/4075 3646/4126 
f 3589/4069 3646/4126 3644/4124 
f 3546/4026 3589/4069 3644/4124 
f 3546/4026 3547/4027 3589/4069 
f 3547/4027 3588/4068 3589/4069 
f 3585/4065 3588/4068 3547/4027 
f 3583/4063 3585/4065 3547/4027 
f 3546/4026 3644/4124 3643/4123 
f 3546/4026 3643/4123 3544/4024 
f 3643/4123 3542/4021 3544/4024 
f 3542/4021 3643/4123 3642/4122 
f 3540/4019 3542/4021 3642/4122 
f 3642/4122 3538/4017 3540/4019 
f 3640/4120 3536/4015 3538/4017 
f 3536/4015 3640/4120 3648/4128 
f 3534/4013 3536/4015 3648/4128 
f 3534/4013 3648/4128 2117/2349 
f 1985/2216 3534/4013 2117/2349 
f 3641/4121 3538/4017 3642/4122 
f 3641/4121 3640/4120 3538/4017 
f 3648/4128 3640/4120 3639/4119 
f 3648/4128 3639/4119 2107/2339 
f 2117/2349 3648/4128 2107/2339 
f 3649/4129 3650/4130 3651/4131 
f 3653/4132 3651/4131 3652/4133 
f 3649/4129 3654/4134 3650/4130 
f 3654/4134 3655/4135 3650/4130 
f 3653/4132 3652/4133 3656/4136 
f 3657/4137 3653/4132 3656/4136 
f 3658/4138 3656/4136 3652/4133 
f 3659/4139 3658/4138 3652/4133 
f 3652/4133 3651/4131 3659/4139 
f 3651/4131 3660/4140 3659/4139 
f 3651/4131 3650/4130 3660/4140 
f 3661/4141 3659/4139 3660/4140 
f 3662/4142 3661/4141 3660/4140 
f 3662/4142 3660/4140 3663/4143 
f 3650/4130 3663/4143 3660/4140 
f 3663/4143 3650/4130 3655/4135 
f 3664/4144 3662/4142 3663/4143 
f 3664/4144 3663/4143 3665/4145 
f 3665/4145 3663/4143 3655/4135 
f 3655/4135 3666/4146 3665/4145 
f 3666/4146 3667/4147 3665/4145 
f 3666/4146 3668/4148 3667/4147 
f 3668/4148 3669/4149 3667/4147 
f 3669/4149 3670/4150 3667/4147 
f 3671/4151 3670/4150 3669/4149 
f 3672/4152 3671/4151 3669/4149 
f 3672/4152 3669/4149 3673/4153 
f 3673/4153 3674/4154 3672/4152 
f 3674/4154 3675/4155 3672/4152 
f 3672/4152 3675/4155 3671/4151 
f 3674/4154 3676/4156 3675/4155 
f 3676/4156 3677/4157 3675/4155 
f 3669/4149 3678/4158 3673/4153 
f 3678/4158 3669/4149 3668/4148 
f 3676/4156 3679/4159 3677/4157 
f 3680/4160 3679/4159 3676/4156 
f 3676/4156 3681/4161 3680/4160 
f 3681/4161 3682/4162 3680/4160 
f 3681/4161 760/836 3682/4162 
f 760/836 776/852 3682/4162 
f 761/837 760/836 3681/4161 
f 3683/4163 761/837 3681/4161 
f 3674/4154 3683/4163 3681/4161 
f 3676/4156 3674/4154 3681/4161 
f 3674/4154 3684/4164 3683/4163 
f 3684/4164 3685/4165 3683/4163 
f 3685/4165 3684/4164 3686/4166 
f 3678/4158 3686/4166 3684/4164 
f 3687/4167 3685/4165 3686/4166 
f 3679/4159 3688/4168 3677/4157 
f 3679/4159 3657/4169 3688/4168 
f 3657/4169 3679/4159 3680/4160 
f 3657/4169 3656/4170 3688/4168 
f 3684/4164 3674/4154 3673/4153 
f 3673/4153 3678/4158 3684/4164 
f 3658/4171 3688/4168 3656/4170 
f 3678/4158 3689/4172 3686/4166 
f 3689/4172 3678/4158 3668/4148 
f 3668/4148 3666/4146 3689/4172 
f 3666/4146 3690/4173 3689/4172 
f 3690/4173 3666/4146 3655/4135 
f 3654/4134 3690/4173 3655/4135 
f 3689/4172 3691/4174 3686/4166 
f 3686/4166 3691/4174 3687/4167 
f 3689/4172 3690/4173 3691/4174 
f 3691/4174 3692/4175 3687/4167 
f 3692/4175 3693/4176 3687/4167 
f 3693/4176 3692/4175 3694/4177 
f 771/847 3693/4176 3694/4177 
f 3695/4178 3694/4177 3692/4175 
f 3691/4174 3695/4178 3692/4175 
f 3690/4173 3695/4178 3691/4174 
f 3694/4177 3695/4178 3696/4179 
f 3690/4173 3654/4134 3697/4180 
f 3695/4178 3690/4173 3697/4180 
f 3697/4180 3696/4179 3695/4178 
f 3696/4179 3697/4180 3698/4181 
f 3697/4180 3654/4134 3699/4182 
f 3699/4182 3698/4181 3697/4180 
f 3698/4181 3699/4182 3700/4183 
f 3698/4181 3700/4183 3701/4184 
f 3701/4184 3700/4183 3702/4185 
f 3700/4183 3703/4186 3702/4185 
f 3704/4187 3698/4181 3701/4184 
f 3700/4183 3699/4182 3703/4186 
f 3703/4186 3699/4182 3649/4129 
f 3651/4131 3703/4186 3649/4129 
f 3702/4185 3703/4186 3705/4188 
f 3703/4186 3706/4189 3705/4188 
f 3707/4190 3703/4186 3651/4131 
f 3707/4190 3706/4189 3703/4186 
f 3653/4132 3707/4190 3651/4131 
f 3708/4191 3707/4190 3653/4132 
f 3657/4137 3708/4191 3653/4132 
f 3707/4190 3708/4191 3709/4192 
f 3705/4188 3706/4189 3709/4192 
f 3709/4192 3706/4189 3707/4190 
f 3710/4193 3705/4188 3709/4192 
f 3710/4193 3709/4192 3711/4194 
f 3711/4194 3709/4192 3708/4191 
f 3712/4195 3710/4193 3711/4194 
f 3712/4195 778/4196 3710/4193 
f 3710/4193 778/4196 824/902 
f 778/4196 780/901 824/902 
f 826/904 3705/4188 3710/4193 
f 3710/4193 824/902 826/904 
f 826/904 828/906 3705/4188 
f 3702/4185 3705/4188 828/906 
f 832/912 3702/4185 828/906 
f 3702/4185 832/912 834/914 
f 3701/4184 3702/4185 834/914 
f 3704/4187 3701/4184 834/914 
f 806/882 3704/4187 834/914 
f 804/880 3704/4187 806/882 
f 3713/4197 3704/4187 804/880 
f 3704/4187 3713/4197 3698/4181 
f 3696/4179 3698/4181 3713/4197 
f 3696/4179 3713/4197 773/849 
f 3694/4177 3696/4179 773/849 
f 771/847 3694/4177 773/849 
f 3693/4176 771/847 769/845 
f 3693/4176 769/845 767/843 
f 3693/4176 767/843 3687/4167 
f 3687/4167 767/843 765/841 
f 3685/4165 3687/4167 765/841 
f 763/839 3685/4165 765/841 
f 3685/4165 763/839 3683/4163 
f 763/839 761/837 3683/4163 
f 778/854 3712/4198 776/852 
f 776/852 3712/4198 3682/4162 
f 3712/4198 3711/4199 3682/4162 
f 3680/4160 3682/4162 3711/4199 
f 3708/4200 3680/4160 3711/4199 
f 3708/4200 3657/4169 3680/4160 
f 3714/4201 3715/4202 3716/4203 
f 3716/4203 3715/4202 3717/4204 
f 3715/4202 3718/4205 3717/4204 
f 3718/4205 3719/4206 3717/4204 
f 3720/4207 3716/4203 3717/4204 
f 3716/4203 3720/4207 790/866 
f 3720/4207 3721/4208 790/866 
f 3722/4209 3721/4208 3720/4207 
f 3723/4210 3722/4209 3720/4207 
f 3715/4202 3714/4201 3724/4211 
f 3725/4212 3715/4202 3724/4211 
f 3726/4213 3718/4205 3715/4202 
f 3725/4212 3726/4213 3715/4202 
f 3727/4214 3718/4205 3726/4213 
f 3718/4205 3727/4214 3719/4206 
f 3728/4215 3727/4214 3726/4213 
f 3728/4215 3726/4213 3729/4216 
f 3728/4215 3729/4216 3730/4217 
f 3731/4218 3728/4215 3730/4217 
f 3732/4219 3731/4218 3730/4217 
f 3733/4220 3732/4219 3730/4217 
f 3734/4221 3732/4219 3733/4220 
f 3735/4222 3734/4221 3733/4220 
f 3726/4213 3736/4223 3729/4216 
f 3733/4220 3730/4217 3737/4224 
f 3730/4217 3729/4216 3737/4224 
f 3738/4225 3733/4220 3737/4224 
f 3735/4222 3733/4220 3738/4225 
f 3739/4226 3736/4223 3726/4213 
f 3725/4212 3739/4226 3726/4213 
f 3724/4211 3740/4227 3725/4212 
f 3739/4226 3740/4227 3741/4228 
f 3725/4212 3740/4227 3739/4226 
f 3739/4226 3741/4228 3742/4229 
f 3736/4223 3739/4226 3742/4229 
f 3743/4230 3742/4229 3741/4228 
f 3743/4230 3741/4228 3744/4231 
f 3744/4231 3741/4228 786/862 
f 3741/4228 3740/4227 786/862 
f 3745/4232 3743/4230 3744/4231 
f 3746/4233 3743/4230 3745/4232 
f 3743/4230 3746/4233 3742/4229 
f 3747/4234 3746/4233 3745/4232 
f 3746/4233 3748/4235 3742/4229 
f 3747/4234 3749/4236 3746/4233 
f 3749/4236 3750/4237 3746/4233 
f 3746/4233 3750/4237 3748/4235 
f 3751/4238 3748/4235 3750/4237 
f 3751/4238 3750/4237 3752/4239 
f 3751/4238 3752/4239 3753/4240 
f 3754/4241 3753/4240 3752/4239 
f 3753/4240 3754/4241 3755/4242 
f 3756/4243 3753/4240 3755/4242 
f 3757/4244 3756/4243 3755/4242 
f 3755/4242 3758/4245 3757/4244 
f 3758/4245 3759/4246 3757/4244 
f 3723/4247 3757/4244 3759/4246 
f 3722/4248 3723/4247 3759/4246 
f 3756/4243 3757/4244 3760/4249 
f 3723/4247 3760/4249 3757/4244 
f 3761/4250 3756/4243 3760/4249 
f 3756/4243 3761/4250 3753/4240 
f 3761/4250 3762/4251 3753/4240 
f 3753/4240 3762/4251 3751/4238 
f 3762/4251 3763/4252 3751/4238 
f 3763/4252 3764/4253 3751/4238 
f 3764/4253 3748/4235 3751/4238 
f 3748/4235 3764/4253 3742/4229 
f 3764/4253 3765/4254 3742/4229 
f 3765/4254 3736/4223 3742/4229 
f 3729/4216 3736/4223 3765/4254 
f 3766/4255 3729/4216 3765/4254 
f 3766/4255 3737/4224 3729/4216 
f 3762/4251 3761/4250 3767/4256 
f 3768/4257 3762/4251 3767/4256 
f 3762/4251 3768/4257 3763/4252 
f 3768/4257 3769/4258 3763/4252 
f 3764/4253 3763/4252 3769/4258 
f 3768/4257 3770/4259 3769/4258 
f 3770/4259 3771/4260 3769/4258 
f 3772/4261 3770/4259 3768/4257 
f 3767/4256 3772/4261 3768/4257 
f 3773/4262 3772/4261 3767/4256 
f 3774/4263 3773/4262 3767/4256 
f 3774/4263 3767/4256 3761/4250 
f 3775/4264 3774/4263 3761/4250 
f 3772/4261 3773/4262 3782/4265 
f 3782/4265 3776/4266 3772/4261 
f 3772/4261 3776/4266 3770/4259 
f 3777/4267 3770/4259 3776/4266 
f 3771/4260 3770/4259 3777/4267 
f 3777/4267 3776/4266 3778/4268 
f 3776/4266 3779/4269 3778/4268 
f 3779/4269 3776/4266 3782/4265 
f 3780/4270 3779/4269 3782/4265 
f 3780/4270 3781/4271 3779/4269 
f 3782/4265 3783/4272 3780/4270 
f 3781/4271 3780/4270 3783/4272 
f 3778/4268 3784/4273 3777/4267 
f 3784/4273 3771/4260 3777/4267 
f 3778/4268 3785/4274 3784/4273 
f 3771/4260 3786/4275 3787/4276 
f 3771/4260 3787/4276 3788/4277 
f 3769/4258 3771/4260 3788/4277 
f 3788/4277 3764/4253 3769/4258 
f 3764/4253 3788/4277 3765/4254 
f 3788/4277 3766/4255 3765/4254 
f 3766/4255 3788/4277 3789/4278 
f 3787/4276 3789/4278 3788/4277 
f 3766/4255 3789/4278 3737/4224 
f 3737/4224 3789/4278 3790/4279 
f 3738/4225 3737/4224 3790/4279 
f 3790/4279 3789/4278 3787/4276 
f 3771/4260 3784/4273 3791/4280 
f 3786/4275 3771/4260 3791/4280 
f 3786/4275 3791/4280 3787/4276 
f 3791/4280 3792/4281 3787/4276 
f 3787/4276 3792/4281 3790/4279 
f 3738/4225 3790/4279 3793/4282 
f 3792/4281 3793/4282 3790/4279 
f 3794/4283 3738/4225 3793/4282 
f 3794/4283 3735/4222 3738/4225 
f 3795/4284 3796/4285 3734/4221 
f 3797/4286 3796/4285 3795/4284 
f 3798/4287 3797/4286 3795/4284 
f 3734/4221 3796/4285 3732/4219 
f 3732/4219 3796/4285 3731/4218 
f 3796/4285 3799/4288 3731/4218 
f 3728/4215 3731/4218 3799/4288 
f 3727/4214 3728/4215 3799/4288 
f 3796/4285 3800/4289 3799/4288 
f 3800/4289 3796/4285 3797/4286 
f 3801/4290 3800/4289 3797/4286 
f 3802/4291 3801/4290 3797/4286 
f 3802/4291 3797/4286 3798/4287 
f 3782/4292 3801/4290 3802/4291 
f 3783/4293 3782/4292 3802/4291 
f 3782/4292 3773/4294 3801/4290 
f 3803/4295 3727/4214 3799/4288 
f 3727/4214 3803/4295 3719/4206 
f 3803/4295 3774/4296 3719/4206 
f 3773/4294 3774/4296 3803/4295 
f 3774/4296 3775/4297 3719/4206 
f 3719/4206 3775/4297 3760/4298 
f 3717/4204 3719/4206 3760/4298 
f 3717/4204 3760/4298 3720/4207 
f 3760/4298 3723/4210 3720/4207 
f 3804/4299 3773/4294 3803/4295 
f 3804/4299 3801/4290 3773/4294 
f 3801/4290 3804/4299 3800/4289 
f 3804/4299 3803/4295 3799/4288 
f 3804/4299 3799/4288 3800/4289 
f 3783/4293 3802/4291 3805/4300 
f 3806/4301 3783/4293 3805/4300 
f 3805/4300 3802/4291 3798/4287 
f 3805/4300 3798/4287 3807/4302 
f 3807/4302 3798/4287 3808/4303 
f 3798/4287 3795/4284 3808/4303 
f 3809/4304 3808/4303 3795/4284 
f 3734/4221 3809/4304 3795/4284 
f 3809/4304 3734/4221 3810/4305 
f 3734/4221 3735/4222 3810/4305 
f 3810/4305 3735/4222 3811/4306 
f 3735/4222 3812/4307 3811/4306 
f 3794/4283 3812/4307 3735/4222 
f 3805/4300 3807/4302 3813/4308 
f 3806/4301 3805/4300 3813/4308 
f 3814/4309 3812/4307 3794/4283 
f 3814/4309 3811/4306 3812/4307 
f 3793/4282 3814/4309 3794/4283 
f 3814/4309 3793/4282 3815/4310 
f 3793/4282 3792/4281 3815/4310 
f 3815/4310 3792/4281 3816/4311 
f 3792/4281 3791/4280 3816/4311 
f 3785/4274 3816/4311 3791/4280 
f 3784/4273 3785/4274 3791/4280 
f 3811/4306 3814/4309 3817/4312 
f 3814/4309 3815/4310 3817/4312 
f 3816/4311 3817/4312 3815/4310 
f 3816/4311 3785/4274 3818/4313 
f 3816/4311 3818/4313 3817/4312 
f 3818/4313 3785/4274 3819/4314 
f 3785/4274 3778/4268 3819/4314 
f 3819/4314 3778/4268 3820/4315 
f 3778/4268 3779/4269 3820/4315 
f 3779/4269 3781/4271 3820/4315 
f 3781/4271 3813/4316 3820/4315 
f 3781/4271 3806/4317 3813/4316 
f 3806/4317 3781/4271 3783/4272 
f 3821/4318 3822/4319 3823/4320 
f 3824/4321 3821/4318 3823/4320 
f 3824/4321 3823/4320 3825/4322 
f 3826/4323 3824/4321 3825/4322 
f 3826/4323 3825/4322 3827/4324 
f 3825/4322 3828/4325 3827/4324 
f 3827/4324 3828/4325 3829/4326 
f 3830/4327 3827/4324 3829/4326 
f 3829/4326 3828/4325 3831/4328 
f 3828/4325 3832/4329 3831/4328 
f 3832/4329 3828/4325 3825/4322 
f 3823/4320 3833/4330 3825/4322 
f 3834/4331 3831/4328 3667/4147 
f 3667/4147 3835/4332 3834/4331 
f 3667/4147 3670/4150 3835/4332 
f 3670/4150 3836/4333 3835/4332 
f 3836/4333 3670/4150 3671/4151 
f 3837/4334 3836/4333 3671/4151 
f 3831/4328 3665/4145 3667/4147 
f 3834/4331 3835/4332 3838/4335 
f 3835/4332 3836/4333 3839/4336 
f 3838/4335 3835/4332 3839/4336 
f 3836/4333 3837/4334 3840/4337 
f 3839/4336 3836/4333 3840/4337 
f 3841/4338 3839/4336 3840/4337 
f 3842/4339 3841/4338 3840/4337 
f 3831/4328 3664/4144 3665/4145 
f 3832/4329 3664/4144 3831/4328 
f 3664/4144 3832/4329 3825/4322 
f 3662/4142 3664/4144 3825/4322 
f 3662/4142 3825/4322 3833/4330 
f 3661/4141 3662/4142 3833/4330 
f 3661/4141 3833/4330 3843/4340 
f 3659/4139 3661/4141 3843/4340 
f 3658/4138 3659/4139 3843/4340 
f 3833/4330 3844/4341 3843/4340 
f 3844/4341 3833/4330 3823/4320 
f 3822/4319 3844/4341 3823/4320 
f 3842/4339 3840/4337 3845/4342 
f 3840/4337 3846/4343 3845/4342 
f 3846/4343 3840/4337 3837/4334 
f 3847/4344 3846/4343 3837/4334 
f 3847/4344 3837/4334 3671/4151 
f 3848/4345 3847/4344 3671/4151 
f 3675/4155 3848/4345 3671/4151 
f 3675/4155 3677/4157 3848/4345 
f 3677/4157 3849/4346 3848/4345 
f 3688/4168 3849/4346 3677/4157 
f 3845/4342 3846/4343 3850/4347 
f 3845/4342 3850/4347 3851/4348 
f 3852/4349 3845/4342 3851/4348 
f 3852/4349 3851/4348 3853/4350 
f 3851/4348 3854/4351 3853/4350 
f 3854/4351 3855/4352 3853/4350 
f 3855/4352 3856/4353 3853/4350 
f 3856/4353 3855/4352 3857/4354 
f 3858/4355 3856/4353 3857/4354 
f 3858/4355 3857/4354 3859/4356 
f 3857/4354 3860/4357 3859/4356 
f 3857/4354 3861/4358 3860/4357 
f 3857/4354 3855/4352 3861/4358 
f 3861/4358 3862/4359 3860/4357 
f 3863/4360 3862/4359 3861/4358 
f 3864/4361 3863/4360 3861/4358 
f 3860/4357 3865/4362 3859/4356 
f 3865/4362 3860/4357 3866/4363 
f 3866/4363 3860/4357 3867/4364 
f 3860/4357 3862/4359 3867/4364 
f 3868/4365 3866/4363 3867/4364 
f 3869/4366 3866/4363 3868/4365 
f 3870/4367 3869/4366 3868/4365 
f 3302/4368 3869/4366 3870/4367 
f 3309/4369 3302/4368 3870/4367 
f 3871/4370 3865/4362 3866/4363 
f 3871/4370 3866/4363 3869/4366 
f 3872/4371 3871/4370 3869/4366 
f 3869/4366 3302/4368 3872/4371 
f 3872/4371 3873/4372 3871/4370 
f 3873/4372 3874/4373 3871/4370 
f 3873/4372 3875/4374 3874/4373 
f 3868/4365 3867/4364 3876/4375 
f 3878/4376 3876/4375 3877/4377 
f 3879/4378 3876/4375 3878/4376 
f 3868/4365 3876/4375 3879/4378 
f 3870/4367 3868/4365 3879/4378 
f 3870/4367 3879/4378 3309/4369 
f 3880/4379 3879/4378 3878/4376 
f 3879/4378 3880/4379 3311/4380 
f 3879/4378 3311/4380 3309/4369 
f 3880/4379 3312/4381 3311/4380 
f 3302/4368 3301/4382 3872/4371 
f 3299/4383 3873/4372 3872/4371 
f 3301/4382 3299/4383 3872/4371 
f 3299/4383 3875/4374 3873/4372 
f 3876/4375 3863/4360 3877/4377 
f 3863/4360 3876/4375 3862/4359 
f 3876/4375 3867/4364 3862/4359 
f 3863/4360 3881/4384 3877/4377 
f 3881/4384 3863/4360 3882/4385 
f 3863/4360 3864/4361 3882/4385 
f 3864/4361 3883/4386 3882/4385 
f 3883/4386 3884/4387 3882/4385 
f 3883/4386 3885/4388 3884/4387 
f 3886/4389 3883/4386 3864/4361 
f 3861/4358 3886/4389 3864/4361 
f 3883/4386 3886/4389 3887/4390 
f 3885/4388 3883/4386 3887/4390 
f 3887/4390 3888/4391 3885/4388 
f 3888/4391 3889/4392 3885/4388 
f 3888/4391 3890/4393 3889/4392 
f 3890/4393 3891/4394 3889/4392 
f 3850/4347 3890/4393 3888/4391 
f 3851/4348 3850/4347 3888/4391 
f 3888/4391 3887/4390 3851/4348 
f 3889/4392 3891/4394 3821/4395 
f 3891/4394 3822/4396 3821/4395 
f 3890/4393 3892/4397 3891/4394 
f 3892/4397 3893/4398 3891/4394 
f 3891/4394 3893/4398 3822/4396 
f 3893/4398 3844/4399 3822/4396 
f 3843/4400 3844/4399 3893/4398 
f 3894/4401 3843/4400 3893/4398 
f 3893/4398 3892/4397 3894/4401 
f 3894/4401 3688/4168 3843/4400 
f 3688/4168 3658/4171 3843/4400 
f 3895/4402 3892/4397 3890/4393 
f 3850/4347 3895/4402 3890/4393 
f 3846/4343 3895/4402 3850/4347 
f 3688/4168 3894/4401 3849/4346 
f 3894/4401 3896/4403 3849/4346 
f 3896/4403 3892/4397 3895/4402 
f 3896/4403 3894/4401 3892/4397 
f 3849/4346 3896/4403 3848/4345 
f 3896/4403 3847/4344 3848/4345 
f 3896/4403 3895/4402 3847/4344 
f 3846/4343 3847/4344 3895/4402 
f 3887/4390 3854/4351 3851/4348 
f 3887/4390 3886/4389 3854/4351 
f 3886/4389 3855/4352 3854/4351 
f 3855/4352 3886/4389 3861/4358 
f 3880/4404 3878/4405 3897/4406 
f 3898/4407 3880/4404 3897/4406 
f 3897/4406 3878/4405 3899/4408 
f 3878/4405 3877/4409 3899/4408 
f 3898/4407 3897/4406 3900/4410 
f 3503/4411 3898/4407 3900/4410 
f 3503/4411 3900/4410 3901/4412 
f 3900/4410 3902/4413 3901/4412 
f 3901/4412 3902/4413 3903/4414 
f 3904/4415 3901/4412 3903/4414 
f 3902/4413 3900/4410 3905/4416 
f 3900/4410 3906/4417 3905/4416 
f 3897/4406 3899/4408 3906/4417 
f 3900/4410 3897/4406 3906/4417 
f 3904/4415 3903/4414 3907/4418 
f 3908/4419 3904/4415 3907/4418 
f 3908/4419 3907/4418 3909/4420 
f 3296/4421 3909/4420 3910/4422 
f 3297/4423 3296/4421 3910/4422 
f 3506/4424 3908/4419 3909/4420 
f 3296/4421 3506/4424 3909/4420 
f 3908/4419 3506/4424 3505/4425 
f 3904/4415 3908/4419 3505/4425 
f 3904/4415 3505/4425 3504/4426 
f 3901/4412 3904/4415 3504/4426 
f 3504/4426 3503/4411 3901/4412 
f 3502/4427 3898/4407 3503/4411 
f 3502/4427 3312/4428 3898/4407 
f 3312/4428 3880/4404 3898/4407 
f 3910/4422 3909/4420 3911/4429 
f 3909/4420 3912/4430 3911/4429 
f 3909/4420 3907/4418 3912/4430 
f 3903/4414 3913/4431 3907/4418 
f 3913/4431 3903/4414 3902/4413 
f 3905/4416 3913/4431 3902/4413 
f 3899/4408 3914/4432 3906/4417 
f 3914/4432 3899/4408 3881/4433 
f 3899/4408 3877/4409 3881/4433 
f 3915/4434 3913/4431 3905/4416 
f 3913/4431 3915/4434 3916/4435 
f 3907/4418 3913/4431 3916/4435 
f 3912/4430 3907/4418 3916/4435 
f 3916/4435 3915/4434 3917/4436 
f 3917/4436 3918/4437 3916/4435 
f 3919/4438 3918/4437 3917/4436 
f 3919/4438 3920/4439 3918/4437 
f 3921/4440 3920/4439 3919/4438 
f 3919/4438 3922/4441 3921/4440 
f 3922/4441 3919/4438 3923/4442 
f 3830/4327 3922/4441 3923/4442 
f 3924/4443 3922/4441 3830/4327 
f 3829/4326 3924/4443 3830/4327 
f 3834/4331 3924/4443 3829/4326 
f 3831/4328 3834/4331 3829/4326 
f 3924/4443 3925/4444 3922/4441 
f 3925/4444 3926/4445 3922/4441 
f 3926/4445 3921/4440 3922/4441 
f 3924/4443 3834/4331 3838/4335 
f 3925/4444 3924/4443 3838/4335 
f 3925/4444 3838/4335 3839/4336 
f 3841/4338 3925/4444 3839/4336 
f 3926/4445 3925/4444 3841/4338 
f 3927/4446 3926/4445 3841/4338 
f 3923/4442 3919/4438 3928/4447 
f 3928/4447 3919/4438 3917/4436 
f 3923/4442 3929/4448 3830/4327 
f 3929/4448 3827/4324 3830/4327 
f 3827/4324 3929/4448 3826/4323 
f 3930/4449 3824/4321 3826/4323 
f 3821/4318 3824/4321 3930/4449 
f 3931/4450 3821/4318 3930/4449 
f 3929/4448 3932/4451 3826/4323 
f 3932/4451 3929/4448 3923/4442 
f 3928/4447 3932/4451 3923/4442 
f 3932/4451 3933/4452 3826/4323 
f 3826/4323 3933/4452 3930/4449 
f 3933/4452 3932/4451 3934/4453 
f 3934/4453 3932/4451 3928/4447 
f 3917/4436 3934/4453 3928/4447 
f 3934/4453 3917/4436 3915/4434 
f 3935/4454 3933/4452 3934/4453 
f 3935/4454 3934/4453 3915/4434 
f 3935/4454 3936/4455 3933/4452 
f 3906/4417 3936/4455 3935/4454 
f 3906/4417 3914/4432 3936/4455 
f 3914/4432 3937/4456 3936/4455 
f 3937/4456 3914/4432 3882/4457 
f 3914/4432 3881/4433 3882/4457 
f 3905/4416 3906/4417 3935/4454 
f 3905/4416 3935/4454 3915/4434 
f 3936/4455 3938/4458 3933/4452 
f 3936/4455 3937/4456 3938/4458 
f 3882/4457 3884/4459 3937/4456 
f 3939/4460 3884/4459 3931/4450 
f 3884/4459 3939/4460 3937/4456 
f 3937/4456 3939/4460 3938/4458 
f 3938/4458 3939/4460 3930/4449 
f 3938/4458 3930/4449 3933/4452 
f 3930/4449 3939/4460 3931/4450 
f 3940/4461 3941/4462 3942/4463 
f 3943/4464 3940/4461 3942/4463 
f 3942/4463 3944/4465 3943/4464 
f 3944/4465 3945/4466 3943/4464 
f 3941/4462 3940/4461 3946/4467 
f 3947/4468 3941/4462 3946/4467 
f 3940/4461 3948/4469 3946/4467 
f 3948/4469 3949/4470 3946/4467 
f 3950/4471 3948/4469 3940/4461 
f 3943/4464 3950/4471 3940/4461 
f 3951/4472 3950/4471 3943/4464 
f 3945/4466 3951/4472 3943/4464 
f 3942/4463 3941/4462 3952/4473 
f 3942/4463 3952/4473 3944/4465 
f 3941/4462 3953/4474 3952/4473 
f 3953/4474 3941/4462 3947/4468 
f 3954/4475 3953/4474 3947/4468 
f 3944/4465 3952/4473 3955/4476 
f 3944/4465 3955/4476 3956/4477 
f 3957/4478 3944/4465 3956/4477 
f 3945/4466 3944/4465 3957/4478 
f 3958/4479 3957/4478 3956/4477 
f 3958/4479 3959/4480 3957/4478 
f 3959/4480 3960/4481 3957/4478 
f 3960/4481 3951/4472 3945/4466 
f 3957/4478 3960/4481 3945/4466 
f 3956/4477 3955/4476 3961/4482 
f 3955/4476 3962/4483 3961/4482 
f 3963/4484 3964/4485 3961/4482 
f 3964/4485 3958/4479 3956/4477 
f 3961/4482 3964/4485 3956/4477 
f 3963/4484 3965/4486 3964/4485 
f 3966/4487 3965/4486 3963/4484 
f 3967/4488 3966/4487 3963/4484 
f 3967/4488 3963/4484 3968/4489 
f 3968/4489 3963/4484 3961/4482 
f 3961/4482 3962/4483 3968/4489 
f 3962/4483 3969/4490 3968/4489 
f 3962/4483 3970/4491 3969/4490 
f 3970/4491 3971/4492 3969/4490 
f 3969/4490 3971/4492 3972/4493 
f 3972/4493 3968/4489 3969/4490 
f 3971/4492 3973/4494 3972/4493 
f 3966/4487 3967/4488 3974/4495 
f 3974/4495 3967/4488 3975/4496 
f 3967/4488 3976/4497 3975/4496 
f 3976/4497 3967/4488 3977/4498 
f 3967/4488 3978/4499 3977/4498 
f 3978/4499 3967/4488 3968/4489 
f 3978/4499 3968/4489 3972/4493 
f 3972/4493 3973/4494 3810/4500 
f 3973/4494 3979/4501 3810/4500 
f 3980/4502 3978/4499 3972/4493 
f 3810/4500 3980/4502 3972/4493 
f 3978/4499 3980/4502 3977/4498 
f 3979/4501 3809/4503 3810/4500 
f 3980/4502 3810/4500 3811/4504 
f 3980/4502 3811/4504 3977/4498 
f 3970/4491 3981/4505 3971/4492 
f 3981/4505 3970/4491 3982/4506 
f 3982/4506 3970/4491 3962/4483 
f 3983/4507 3981/4505 3982/4506 
f 3985/4508 3986/4509 3984/4510 
f 3986/4509 3985/4508 3987/4511 
f 3988/4512 3986/4509 3987/4511 
f 3989/4513 3986/4509 3988/4512 
f 3986/4509 3989/4513 3984/4510 
f 3990/4514 3989/4513 3988/4512 
f 3989/4513 3990/4514 3991/4515 
f 3990/4514 3992/4516 3991/4515 
f 3991/4515 3992/4516 3993/4517 
f 3992/4516 3994/4518 3993/4517 
f 3993/4517 3994/4518 3995/4519 
f 3993/4517 3995/4519 3996/4520 
f 3991/4515 3993/4517 3996/4520 
f 3995/4519 3997/4521 3996/4520 
f 3994/4518 3998/4522 3995/4519 
f 3989/4513 3999/4523 3984/4510 
f 3989/4513 3991/4515 3999/4523 
f 3991/4515 4000/4524 3999/4523 
f 4000/4524 3991/4515 3996/4520 
f 3997/4521 4001/4525 3996/4520 
f 4001/4525 4002/4526 3996/4520 
f 3813/4527 4001/4525 3997/4521 
f 4001/4525 3813/4527 3807/4528 
f 4001/4525 3807/4528 4002/4526 
f 4003/4529 3813/4527 3997/4521 
f 4002/4526 3807/4528 3808/4530 
f 3808/4530 4004/4531 4002/4526 
f 4004/4531 3808/4530 3979/4501 
f 3808/4530 3809/4503 3979/4501 
f 4004/4531 3979/4501 3973/4494 
f 4005/4532 4004/4531 3973/4494 
f 4005/4532 3973/4494 3971/4492 
f 4006/4533 4005/4532 3971/4492 
f 3981/4505 4006/4533 3971/4492 
f 4006/4533 3981/4505 4007/4534 
f 4008/4535 4006/4533 4007/4534 
f 3981/4505 3983/4507 4007/4534 
f 4009/4536 4005/4532 4006/4533 
f 4008/4535 4009/4536 4006/4533 
f 4005/4532 4009/4536 4004/4531 
f 4009/4536 4002/4526 4004/4531 
f 4002/4526 4009/4536 4010/4537 
f 4002/4526 4010/4537 3996/4520 
f 3996/4520 4010/4537 4000/4524 
f 4009/4536 4008/4535 4000/4524 
f 4010/4537 4009/4536 4000/4524 
f 4008/4535 4007/4534 3999/4523 
f 4000/4524 4008/4535 3999/4523 
f 3999/4523 4007/4534 3984/4510 
f 4007/4534 3983/4507 3984/4510 
f 3948/4538 3950/4539 4011/4540 
f 3949/4541 3948/4538 4011/4540 
f 3950/4539 3951/4542 4011/4540 
f 4011/4540 4012/4543 3949/4541 
f 4012/4543 4011/4540 4013/4544 
f 3987/4545 4012/4543 4013/4544 
f 4013/4544 3960/4546 3959/4547 
f 4011/4540 3960/4546 4013/4544 
f 3951/4542 3960/4546 4011/4540 
f 3959/4547 4014/4548 4013/4544 
f 3990/4549 3988/4550 4013/4544 
f 4013/4544 3988/4550 3987/4545 
f 4014/4548 3965/4551 4013/4544 
f 3965/4551 3966/4552 4013/4544 
f 3966/4552 4015/4553 4013/4544 
f 4013/4544 4015/4553 3992/4554 
f 3990/4549 4013/4544 3992/4554 
f 3994/4555 3992/4554 4015/4553 
f 3994/4555 4015/4553 4016/4556 
f 4016/4556 4015/4553 3974/4557 
f 3974/4557 4015/4553 3966/4552 
f 3975/4558 4016/4556 3974/4557 
f 3975/4558 4017/4559 4016/4556 
f 4017/4559 4018/4560 4016/4556 
f 4019/4561 4018/4560 4017/4559 
f 4020/4562 4019/4561 4017/4559 
f 4019/4561 4021/4563 4018/4560 
f 4021/4563 4022/4564 4018/4560 
f 3998/4565 4016/4556 4018/4560 
f 4022/4564 3998/4565 4018/4560 
f 3998/4565 3994/4555 4016/4556 
f 3965/4486 4014/4566 3964/4485 
f 3964/4485 4014/4566 3958/4479 
f 4014/4566 3959/4480 3958/4479 
f 4023/4567 4024/4568 2494/2788 
f 2493/2787 4023/4567 2494/2788 
f 4023/4567 2493/2787 2496/2790 
f 4025/4569 4023/4567 2496/2790 
f 4025/4569 2496/2790 2498/2792 
f 4026/4570 4025/4569 2498/2792 
f 2500/2794 4026/4570 2498/2792 
f 4025/4569 4026/4570 4027/4571 
f 4028/4572 4025/4569 4027/4571 
f 4025/4569 4028/4572 4023/4567 
f 4029/4573 4027/4571 4026/4570 
f 2500/2794 4029/4573 4026/4570 
f 4023/4567 4030/4574 4024/4568 
f 4028/4572 4030/4574 4023/4567 
f 4030/4574 4031/4575 4024/4568 
f 4032/4576 4030/4574 4028/4572 
f 4033/4577 4032/4576 4028/4572 
f 4033/4577 4028/4572 4027/4571 
f 4032/4576 4033/4577 4034/4578 
f 4034/4578 871/947 4032/4576 
f 871/947 900/980 4032/4576 
f 900/980 4031/4575 4030/4574 
f 4032/4576 900/980 4030/4574 
f 4033/4577 4035/4579 4034/4578 
f 4035/4579 4033/4577 4036/4580 
f 4033/4577 4027/4571 4036/4580 
f 4037/4581 4035/4579 4036/4580 
f 4037/4581 4036/4580 4038/4582 
f 4036/4580 4039/4583 4038/4582 
f 4039/4583 3603/4083 4038/4582 
f 4036/4580 4027/4571 4040/4584 
f 4029/4573 4040/4584 4027/4571 
f 4039/4583 4036/4580 4040/4584 
f 4039/4583 4040/4584 3604/4084 
f 4039/4583 3604/4084 3603/4083 
f 896/976 4035/4579 4037/4581 
f 4041/4585 896/976 4037/4581 
f 4037/4581 4038/4582 4041/4585 
f 4038/4582 4042/4586 4041/4585 
f 4038/4582 3603/4083 4042/4586 
f 4041/4585 4042/4586 4043/4587 
f 4044/4588 4041/4585 4043/4587 
f 4035/4579 896/976 899/979 
f 4034/4578 4035/4579 899/979 
f 4043/4587 4042/4586 3599/4079 
f 4042/4586 3601/4081 3599/4079 
f 3603/4083 3601/4081 4042/4586 
f 4041/4585 4044/4588 895/975 
f 896/976 4041/4585 895/975 
f 4034/4578 899/979 871/947 
f 893/973 895/975 4044/4588 
f 4045/4589 893/973 4044/4588 
f 4045/4589 4046/4590 893/973 
f 4043/4587 4045/4589 4044/4588 
f 4045/4589 3596/4076 4046/4590 
f 4043/4587 3599/4079 3596/4076 
f 4045/4589 4043/4587 3596/4076 
f 3596/4076 3591/4070 4046/4590 
f 893/973 4046/4590 892/972 
f 3593/4073 4047/4591 4046/4590 
f 3591/4070 3593/4073 4046/4590 
f 4048/4592 4047/4591 3593/4073 
f 3582/4062 4049/4593 4048/4592 
f 4047/4591 4048/4592 887/967 
f 887/967 4048/4592 3581/4061 
f 4048/4592 4049/4593 3581/4061 
f 887/967 898/978 4047/4591 
f 3581/4061 4049/4593 3580/4060 
f 4049/4593 3558/4038 3580/4060 
f 3558/4038 4049/4593 3582/4062 
f 3584/4064 3582/4062 4048/4592 
f 3592/4072 3584/4064 4048/4592 
f 3592/4072 4048/4592 3593/4073 
f 3581/4061 885/965 887/967 
f 897/977 4047/4591 898/978 
f 4047/4591 897/977 4046/4590 
f 4046/4590 897/977 892/972 
f 2105/2337 4050/4594 2532/2826 
f 4050/4594 4029/4573 2532/2826 
f 4029/4573 4050/4594 4040/4584 
f 4050/4594 3604/4084 4040/4584 
f 3604/4084 4050/4594 3638/4118 
f 2105/2337 3638/4118 4050/4594 
f 3604/4084 3638/4118 3605/4085 
f 4029/4573 2500/2794 2532/2826 
f 4051/4595 4052/4596 2034/2265 
f 2524/2818 4051/4595 2034/2265 
f 4051/4595 2524/2818 4053/4597 
f 2524/2818 2523/2817 4053/4597 
f 4051/4595 4053/4597 4054/4598 
f 4053/4597 901/981 4054/4598 
f 4052/4596 4051/4595 4055/4599 
f 4051/4595 4056/4600 4055/4599 
f 4054/4598 4056/4600 4051/4595 
f 901/981 902/982 4054/4598 
f 2523/2817 2521/2815 4053/4597 
f 4053/4597 2521/2815 875/955 
f 2521/2815 2520/2814 875/955 
f 2520/2814 4057/4601 875/955 
f 4057/4601 2520/2814 4024/4568 
f 2520/2814 2494/2788 4024/4568 
f 4057/4601 4024/4568 4031/4575 
f 873/951 4057/4601 4031/4575 
f 901/981 4053/4597 875/955 
f 873/951 4031/4575 900/980 
f 4057/4601 873/951 874/953 
f 4057/4601 874/953 875/955 
f 3583/4063 3545/4025 3557/4037 
f 3583/4063 3557/4037 3556/4036 
f 3547/4027 3545/4025 3583/4063 
f 3576/4056 3571/4051 3567/4047 
f 3570/4050 3576/4056 3567/4047 
f 2037/2269 3576/4056 3570/4050 
f 2027/2259 2037/2269 3570/4050 
f 3565/4045 4058/4602 3569/4049 
f 3564/4044 4058/4602 3565/4045 
f 4059/4603 3562/4042 3554/4034 
f 4060/4604 4059/4603 3554/4034 
f 4060/4604 3554/4034 3551/4031 
f 4060/4604 3551/4031 3549/4029 
f 3559/4039 4060/4604 3549/4029 
f 4061/4605 4060/4604 3559/4039 
f 4062/4606 4061/4605 3559/4039 
f 4062/4606 3559/4039 3548/4028 
f 4062/4606 3548/4028 3543/4023 
f 4060/4604 4061/4605 4059/4603 
f 4062/4606 4063/4607 4061/4605 
f 4063/4607 4064/4608 4061/4605 
f 3411/4022 4063/4607 4062/4606 
f 3543/4023 3411/4022 4062/4606 
f 4061/4605 4065/4609 4059/4603 
f 4061/4605 4064/4608 4065/4609 
f 3411/4022 3416/4610 4063/4607 
f 4063/4607 3416/4610 4064/4608 
f 3541/4020 3410/4611 3411/4022 
f 3392/4612 3410/4611 3541/4020 
f 3539/4018 3392/4612 3541/4020 
f 3390/4613 3392/4612 3539/4018 
f 3537/4016 3390/4613 3539/4018 
f 3326/4614 3390/4613 3537/4016 
f 3535/4014 3326/4614 3537/4016 
f 3535/4014 3533/4012 3326/4614 
f 3533/4012 3315/4615 3326/4614 
f 3533/4012 3316/4616 3315/4615 
f 1988/2219 3316/4616 3533/4012 
f 1750/2847 3316/4616 1988/2219 
f 3562/4042 4059/4603 4058/4602 
f 4059/4603 4065/4609 4058/4602 
f 3564/4044 3562/4042 4058/4602 
f 2546/2848 2028/2260 4058/4602 
f 4065/4609 4066/4617 4058/4602 
f 3412/4618 4064/4608 3414/4619 
f 4064/4608 3412/4618 4065/4609 
f 3374/4620 4065/4609 3412/4618 
f 3372/4621 4065/4609 3374/4620 
f 3372/4621 4066/4617 4065/4609 
f 3416/4610 3414/4619 4064/4608 
f 3372/4621 1815/2854 2548/2855 
f 3372/4621 2548/2855 2549/2856 
f 4066/4617 3372/4621 2549/2856 
f 2549/2856 2546/2848 4058/4602 
f 4066/4617 2549/2856 4058/4602 
f 4058/4602 2028/2260 3569/4049 
f 4052/4596 3574/4054 2034/2265 
f 4052/4596 3573/4053 3574/4054 
f 4067/4622 3572/4052 3573/4053 
f 4067/4622 3578/4058 3572/4052 
f 4052/4596 4055/4599 3573/4053 
f 4055/4599 4067/4622 3573/4053 
f 4055/4599 4056/4600 4067/4622 
f 4054/4598 880/960 4056/4600 
f 4054/4598 902/982 880/960 
f 882/962 3578/4058 4067/4622 
f 882/962 883/963 3578/4058 
f 881/961 882/962 4067/4622 
f 881/961 4067/4622 4056/4600 
f 881/961 4056/4600 880/960 
f 3272/3726 665/741 663/739 
f 4068/4623 665/741 3272/3726 
f 665/741 4068/4623 667/743 
f 4068/4623 3272/3726 4069/4624 
f 3272/3726 3271/3728 4069/4624 
f 4068/4623 4069/4624 3266/4625 
f 673/749 4068/4623 3266/4625 
f 4068/4623 673/749 667/743 
f 3266/4625 4069/4624 3263/3719 
f 4069/4624 3267/3722 3263/3719 
f 4069/4624 3271/3728 3270/3725 
f 3267/3722 4069/4624 3270/3725 
f 4070/4626 673/749 3266/4625 
f 4070/4626 3266/4625 3263/3719 
f 4070/4626 3263/3719 3264/3720 
f 4071/4627 4070/4626 3264/3720 
f 3264/3720 3257/3713 4071/4627 
f 3255/3711 4071/4627 3257/3713 
f 3253/3709 4071/4627 3255/3711 
f 4071/4627 3253/3709 4070/4626 
f 3253/3709 675/751 4070/4626 
f 4070/4626 675/751 673/749 
f 675/751 3253/3709 688/764 
f 2899/3288 2847/3200 2741/3092 
f 2743/3094 2899/3288 2741/3092 
f 2902/3294 2847/3200 2899/3288 
f 2898/3285 2899/3288 2743/3094 
f 2898/3285 2743/3094 2742/3093 
f 4072/4628 2898/3285 2742/3093 
f 4072/4628 2742/3093 2750/3101 
f 2900/3290 2898/3285 4072/4628 
f 2901/3292 2900/3290 4072/4628 
f 2901/3292 4072/4628 2750/3101 
f 2755/3106 2901/3292 2750/3101 
f 4076/4629 4075/4630 4074/4631 
f 3358/3813 4075/4630 4076/4629 
f 4074/4631 4075/4630 3259/3715 
f 4075/4630 3258/3714 3259/3715 
f 3360/3815 3258/3714 4075/4630 
f 3360/3815 4075/4630 3358/3813 
f 3261/3717 4073/4632 4074/4631 
f 3259/3715 3261/3717 4074/4631 
f 3261/3717 3262/3718 4073/4632 
f 3262/3718 4077/4633 4073/4632 
f 3265/3721 4077/4633 3262/3718 
f 3265/3721 3268/3723 4077/4633 
f 3268/3723 4078/4634 4077/4633 
f 4078/4634 2561/2869 4077/4633 
f 406/461 4077/4633 2561/2869 
f 2562/2870 2561/2869 4079/4635 
f 4079/4635 4078/4634 3268/3723 
f 4078/4634 4079/4635 2561/2869 
f 3269/3724 4079/4635 3268/3723 
f 4079/4635 3286/3741 2562/2870 
f 3269/3724 3286/3741 4079/4635 
f 2562/2870 3286/3741 1704/1909 
f 3286/3741 3269/3724 3275/3730 
f 3269/3724 3270/3725 3275/3730 
f 904/984 4077/4633 406/461 
f 4073/4632 4077/4633 904/984 
f 4074/4631 4073/4632 904/984 
f 906/986 4074/4631 904/984 
f 907/987 4074/4631 906/986 
f 4076/4629 4074/4631 907/987 
f 910/990 4076/4629 907/987 
f 910/990 912/992 4076/4629 
f 912/992 3358/3813 4076/4629 
f 3358/3813 912/992 913/993 
f 3358/3813 913/993 1794/1999 
f 913/993 423/478 1794/1999 
f 2692/3040 2682/3030 2684/3032 
f 2692/3040 2689/3037 2682/3030 
f 4020/4636 4080/4637 4081/4638 
f 4019/4639 4020/4636 4081/4638 
f 4019/4639 4081/4638 4082/4640 
f 4021/4641 4019/4639 4082/4640 
f 4021/4641 4082/4640 4083/4642 
f 4022/4643 4021/4641 4083/4642 
f 4080/4637 4084/4644 4081/4638 
f 4081/4638 4084/4644 3819/4645 
f 4084/4644 3818/4646 3819/4645 
f 4085/4647 4082/4640 4081/4638 
f 4082/4640 4085/4647 4083/4642 
f 4081/4638 3819/4645 4085/4647 
f 4085/4647 4003/4648 4083/4642 
f 3819/4645 3820/4649 4085/4647 
f 4085/4647 3820/4649 4003/4648 
f 3820/4649 3813/4650 4003/4648 
f 4084/4644 4086/4651 3818/4646 
f 4086/4651 3817/4652 3818/4646 
f 3817/4652 4086/4651 3977/4498 
f 3977/4498 3811/4504 3817/4652 
f 3977/4498 4086/4651 3976/4497 
f 4086/4651 4087/4653 3976/4497 
f 4087/4653 4086/4651 4084/4644 
f 4080/4637 4087/4653 4084/4644 
f 4020/4636 4087/4653 4080/4637 
f 4017/4654 3975/4496 3976/4497 
f 3976/4497 4087/4653 4017/4654 
f 4017/4654 4087/4653 4020/4636 
f 4088/4655 3077/3518 3074/3515 
f 4088/4655 4089/4656 3077/3518 
f 4089/4656 4090/4657 3077/3518 
f 3077/3518 4090/4657 3089/3530 
f 4089/4656 4091/4658 4090/4657 
f 4088/4655 3074/3515 4092/4659 
f 3074/3515 3085/3526 4092/4659 
f 4092/4659 3085/3526 737/4660 
f 3085/3526 3086/3527 737/4660 
f 4088/4655 4092/4659 735/4661 
f 4089/4656 4088/4655 735/4661 
f 4092/4659 737/4660 735/4661 
f 737/4660 3086/3527 739/4662 
f 3086/3527 3084/3525 739/4662 
f 3084/3525 3087/3528 739/4662 
f 739/4662 3087/3528 741/3535 
f 4089/4656 735/4661 729/4663 
f 4089/4656 729/4663 730/4664 
f 4091/4658 4089/4656 730/4664 
f 3091/3901 3090/4665 3442/3898 
f 4093/4666 3442/3898 3090/4665 
f 3089/4667 4093/4666 3090/4665 
f 4090/4668 4093/4666 3089/4667 
f 3448/3907 3442/3898 4093/4666 
f 4090/4668 4094/4669 4093/4666 
f 4090/4668 4091/4670 4094/4669 
f 4091/4670 4095/4671 4094/4669 
f 3448/3907 4093/4666 4096/4672 
f 4094/4669 4096/4672 4093/4666 
f 4096/4672 4094/4669 4095/4671 
f 3433/3889 4096/4672 4095/4671 
f 3433/3889 3434/3890 4096/4672 
f 4096/4672 3434/3890 3439/3895 
f 3439/3895 3448/3907 4096/4672 
f 3433/3889 4097/4673 3435/3891 
f 3433/3889 4095/4671 4097/4673 
f 734/4674 4097/4673 4095/4671 
f 732/4675 734/4674 4095/4671 
f 4095/4671 4091/4670 732/4675 
f 3435/3891 4097/4673 859/4676 
f 3435/3891 859/4676 857/4677 
f 3432/3888 3435/3891 857/4677 
f 3432/3888 857/4677 855/4678 
f 3428/3884 3432/3888 855/4678 
f 855/4678 843/4679 3428/3884 
f 843/4679 3429/3885 3428/3884 
f 3429/3885 3419/3875 3427/3883 
f 3429/3885 3418/3874 3419/3875 
f 3418/3874 3429/3885 843/4679 
f 840/4680 3418/3874 843/4679 
f 4097/4673 861/4681 859/4676 
f 4097/4673 734/4674 861/4681 
f 838/3872 3418/3874 840/4680 
f 4091/4670 730/4682 732/4675 
f 3955/4476 3982/4506 3962/4483 
f 3952/4473 3982/4506 3955/4476 
f 3952/4473 3953/4474 3982/4506 
f 3953/4474 3983/4507 3982/4506 
f 3983/4507 3953/4474 3954/4475 
f 3984/4510 3983/4507 3954/4475 
f 3984/4510 3954/4475 3985/4508 
f 3954/4475 4098/4683 3985/4508 
f 4098/4683 3954/4475 3947/4468 
f 3946/4467 4098/4683 3947/4468 
f 3987/4511 3985/4508 4098/4683 
f 4012/4684 3987/4511 4098/4683 
f 4012/4684 4098/4683 3946/4467 
f 3949/4470 4012/4684 3946/4467 
f 4099/4685 3476/3935 3467/3926 
f 3466/3925 4099/4685 3467/3926 
f 3476/3935 4099/4685 4100/4686 
f 3479/3938 3476/3935 4100/4686 
f 4100/4686 2585/2923 3479/3938 
f 2585/2923 4100/4686 2586/2924 
f 4100/4686 4101/4687 2586/2924 
f 2586/2924 4101/4687 2588/2926 
f 4101/4687 4102/4688 2588/2926 
f 2585/2923 2590/2928 3479/3938 
f 3479/3938 2590/2928 1924/2134 
f 4099/4685 4103/4689 4100/4686 
f 4101/4687 4100/4686 4103/4689 
f 4102/4688 4101/4687 4103/4689 
f 4104/4690 2588/2926 4102/4688 
f 2593/2931 2588/2926 4104/4690 
f 4104/4690 2594/2932 2593/2931 
f 2594/2932 4104/4690 4105/4691 
f 2594/2932 4105/4691 1859/2065 
f 4105/4691 3417/3873 1859/2065 
f 4106/4692 4104/4690 4102/4688 
f 4104/4690 4106/4692 4105/4691 
f 3420/3876 4105/4691 4106/4692 
f 4106/4692 3422/3878 3420/3876 
f 4102/4688 4103/4689 4107/4693 
f 4107/4693 4103/4689 4099/4685 
f 4108/4694 4102/4688 4107/4693 
f 4108/4694 4106/4692 4102/4688 
f 3422/3878 4106/4692 4108/4694 
f 4108/4694 3455/3914 3422/3878 
f 3419/3875 3417/3873 4105/4691 
f 4105/4691 3420/3876 3419/3875 
f 4107/4693 4099/4685 3466/3925 
f 4109/4695 4107/4693 3466/3925 
f 4107/4693 4109/4695 4108/4694 
f 4109/4695 3466/3925 3465/3924 
f 4110/4696 4109/4695 3465/3924 
f 3465/3924 3460/3919 4110/4696 
f 3460/3919 3458/3917 4110/4696 
f 4110/4696 3458/3917 3453/3912 
f 4110/4696 3453/3912 4109/4695 
f 3458/3917 3454/3913 3453/3912 
f 3455/3914 4109/4695 3453/3912 
f 3455/3914 4108/4694 4109/4695 
f 3320/3775 4111/4697 3323/3778 
f 4111/4697 4112/4698 3323/3778 
f 3323/3778 4112/4698 3324/3779 
f 4112/4698 3336/3791 3324/3779 
f 3336/3791 4112/4698 4113/4699 
f 3332/3787 3336/3791 4113/4699 
f 3333/3788 3332/3787 4113/4699 
f 3333/3788 4113/4699 3335/3790 
f 4114/4700 3335/3790 4113/4699 
f 4114/4700 4115/4701 3335/3790 
f 3335/3790 4115/4701 3233/3689 
f 4116/4702 4114/4700 4113/4699 
f 4114/4700 4116/4702 854/934 
f 851/931 854/934 4116/4702 
f 3320/3775 3321/3776 4111/4697 
f 3321/3776 4117/4703 4111/4697 
f 3321/3776 847/927 4117/4703 
f 847/927 3321/3776 845/925 
f 847/927 849/929 4117/4703 
f 4116/4702 4118/4704 851/931 
f 4118/4704 4117/4703 849/929 
f 849/929 851/931 4118/4704 
f 4117/4703 4118/4704 4116/4702 
f 4111/4697 4117/4703 4116/4702 
f 4112/4698 4116/4702 4113/4699 
f 4112/4698 4111/4697 4116/4702 
f 4114/4700 854/934 4119/4705 
f 4119/4705 4115/4701 4114/4700 
f 4119/4705 3240/3696 4115/4701 
f 3240/3696 3235/3691 4115/4701 
f 3240/3696 4119/4705 862/942 
f 854/934 862/942 4119/4705 
f 3240/3696 862/942 718/794 
f 3240/3696 718/794 4120/4706 
f 3233/3689 4115/4701 3235/3691 
f 4120/4706 718/794 715/791 
f 4121/4707 4120/4706 715/791 
f 3239/3695 4120/4706 4121/4707 
f 4120/4706 3239/3695 3240/3696 
f 4121/4707 715/791 713/789 
f 4121/4707 713/789 711/787 
f 3241/3697 4121/4707 711/787 
f 3239/3695 4121/4707 3241/3697 
f 3173/3621 3171/3619 937/1017 
f 938/1018 3173/3621 937/1017 
f 936/1016 937/1017 3171/3619 
f 3169/3617 936/1016 3171/3619 
f 4122/4708 936/1016 3169/3617 
f 3168/3616 4122/4708 3169/3617 
f 4123/4709 4122/4708 3168/3616 
f 3148/3596 4123/4709 3168/3616 
f 1026/1114 4123/4709 3148/3596 
f 4122/4708 935/1015 936/1016 
f 934/1014 935/1015 4122/4708 
f 4123/4709 934/1014 4122/4708 
f 4123/4709 1026/1114 934/1014 
f 3141/3589 1027/1115 1026/1114 
f 3141/3589 1029/1117 1027/1115 
f 3162/3610 1032/1120 1030/1118 
f 3147/3595 3162/3610 1030/1118 
f 961/1122 1032/1120 3162/3610 
f 3163/3611 961/1122 3162/3610 
f 3654/4134 3649/4129 3699/4182 
f 3920/4439 4124/4710 3918/4437 
f 4124/4710 3912/4430 3918/4437 
f 3916/4435 3918/4437 3912/4430 
f 4124/4710 3920/4439 4125/4711 
f 4124/4710 4125/4711 3912/4430 
f 3920/4439 4126/4712 4125/4711 
f 4127/4713 4125/4711 4126/4712 
f 4128/4714 4127/4713 4126/4712 
f 4126/4712 3920/4439 4129/4715 
f 4126/4712 4129/4715 4128/4714 
f 3920/4439 3921/4440 4129/4715 
f 3921/4440 3926/4445 4129/4715 
f 3927/4446 4129/4715 3926/4445 
f 4129/4715 3927/4446 4130/4716 
f 4129/4715 4130/4716 4128/4714 
f 4131/4717 4130/4716 3927/4446 
f 4131/4717 3927/4446 3842/4339 
f 4131/4717 3842/4339 3852/4349 
f 3842/4339 3845/4342 3852/4349 
f 3927/4446 3841/4338 3842/4339 
f 4131/4717 3852/4349 4132/4718 
f 4132/4718 4130/4716 4131/4717 
f 3852/4349 3853/4350 4132/4718 
f 4133/4719 4132/4718 3853/4350 
f 4130/4716 4132/4718 4133/4719 
f 4128/4714 4130/4716 4133/4719 
f 3856/4353 4133/4719 3853/4350 
f 4134/4720 4133/4719 3856/4353 
f 4133/4719 4134/4720 4128/4714 
f 3858/4355 4134/4720 3856/4353 
f 4135/4721 4134/4720 3858/4355 
f 3859/4356 4135/4721 3858/4355 
f 4135/4721 3859/4356 3865/4362 
f 4136/4722 4135/4721 3865/4362 
f 4136/4722 3865/4362 3871/4370 
f 3874/4373 4136/4722 3871/4370 
f 4137/4723 4136/4722 3874/4373 
f 3875/4374 4137/4723 3874/4373 
f 4134/4720 4135/4721 4127/4713 
f 4134/4720 4127/4713 4128/4714 
f 4135/4721 4138/4724 4127/4713 
f 4136/4722 4137/4723 4138/4724 
f 4135/4721 4136/4722 4138/4724 
f 4125/4711 4127/4713 4138/4724 
f 4139/4725 4125/4711 4138/4724 
f 4125/4711 4139/4725 3912/4430 
f 3911/4429 3912/4430 4139/4725 
f 4138/4724 4137/4723 3911/4429 
f 4139/4725 4138/4724 3911/4429 
f 3911/4429 4137/4723 3875/4374 
f 3910/4422 3911/4429 3875/4374 
f 3910/4422 3875/4374 3297/4423 
f 3297/4423 3875/4374 3299/4383 
f 3889/4392 3821/4395 3931/4726 
f 3885/4388 3889/4392 3931/4726 
f 3931/4726 3884/4387 3885/4388 
f 4140/4727 3079/3520 3078/3519 
f 4141/4728 4140/4727 3078/3519 
f 4140/4727 4142/4729 3079/3520 
f 3057/3498 4141/4728 3078/3519 
f 4141/4728 3057/3498 3050/3491 
f 3066/3507 3057/3498 3078/3519 
f 4142/4729 3080/3521 3079/3520 
f 4143/4730 3080/3521 4142/4729 
f 4141/4728 3050/3491 3049/3490 
f 4141/4728 3049/3490 3048/3489 
f 4140/4727 4141/4728 3048/3489 
f 4140/4727 3048/3489 3047/3488 
f 4142/4729 4140/4727 3047/3488 
f 4142/4729 3047/3488 3046/3487 
f 4143/4730 4142/4729 3046/3487 
f 4143/4730 4144/4731 3080/3521 
f 4143/4730 3046/3487 4144/4731 
f 4144/4731 4145/4732 3080/3521 
f 4145/4732 3081/3522 3080/3521 
f 3083/3524 3081/3522 4145/4732 
f 4146/4733 3083/3524 4145/4732 
f 4144/4731 4146/4733 4145/4732 
f 3083/3524 4146/4733 3088/3529 
f 4146/4733 3106/3549 3088/3529 
f 4144/4731 4147/4734 4146/4733 
f 3106/3549 4146/4733 4147/4734 
f 4147/4734 3107/3550 3106/3549 
f 4147/4734 3037/3475 3107/3550 
f 3037/3475 4147/4734 3110/3553 
f 3110/3553 4147/4734 4148/4735 
f 3046/3487 4148/4735 4144/4731 
f 4144/4731 4148/4735 4147/4734 
f 3110/3553 4148/4735 3046/3487 
f 3256/3712 3258/3714 3361/3816 
f 3362/3817 3256/3712 3361/3816 
f 3256/3712 3362/3817 3254/3710 
f 3362/3817 4149/4736 3254/3710 
f 3362/3817 3351/3806 4149/4736 
f 4149/4736 3351/3806 3349/3804 
f 4149/4736 3349/3804 3251/3707 
f 3254/3710 4149/4736 3251/3707 
f 3250/3706 3251/3707 3349/3804 
f 3249/3705 3250/3706 3349/3804 
f 3248/3704 3249/3705 3348/3803 
f 3289/3744 647/722 637/723 
f 647/722 3289/3744 648/724 
f 3713/4197 803/879 773/849 
f 803/879 3713/4197 804/880 
f 788/864 783/859 3714/4201 
f 3714/4201 3716/4203 788/864 
f 783/859 3724/4211 3714/4201 
f 3724/4211 783/859 784/860 
f 3740/4227 3724/4211 784/860 
f 786/862 3740/4227 784/860 
f 788/864 3716/4203 790/866 
f 792/868 790/866 3721/4208 
f 795/871 792/868 3721/4208 
f 3722/4209 795/871 3721/4208 
f 796/872 795/871 3722/4209 
f 786/862 798/874 3744/4231 
f 798/874 4150/4737 3744/4231 
f 4150/4737 3745/4232 3744/4231 
f 4150/4737 798/874 799/875 
f 799/875 808/884 4150/4737 
f 3745/4232 4150/4737 4151/4738 
f 3747/4234 3745/4232 4151/4738 
f 4150/4737 808/884 810/886 
f 4151/4738 4150/4737 810/886 
f 810/886 812/888 4151/4738 
f 3749/4236 3747/4234 4151/4738 
f 812/888 3749/4236 4151/4738 
f 3749/4236 812/888 814/890 
f 4152/4739 3749/4236 814/890 
f 3749/4236 4152/4739 3750/4237 
f 3752/4239 3750/4237 4152/4739 
f 4152/4739 4153/4740 3752/4239 
f 3752/4239 4153/4740 3754/4241 
f 4153/4740 4154/4741 3754/4241 
f 3755/4242 3754/4241 4154/4741 
f 3758/4245 3755/4242 4154/4741 
f 4152/4739 814/890 816/892 
f 4153/4740 4152/4739 816/892 
f 818/894 4154/4741 4153/4740 
f 816/892 818/894 4153/4740 
f 4154/4741 818/894 821/897 
f 3758/4245 4154/4741 821/897 
f 3758/4245 821/897 3759/4246 
f 821/897 829/908 3759/4246 
f 3759/4246 829/908 3722/4248 
f 829/908 796/909 3722/4248 
f 4022/4742 4155/4743 3995/4519 
f 3998/4522 4022/4742 3995/4519 
f 4083/4744 4155/4743 4022/4742 
f 4083/4744 4003/4529 4155/4743 
f 3997/4521 3995/4519 4155/4743 
f 4155/4743 4003/4529 3997/4521 
f 695/771 3247/3703 3244/3700 
f 697/773 695/771 3244/3700 
f 693/769 3247/3703 695/771 
f 3163/4745 963/1044 959/1039 
f 961/1041 3163/4745 959/1039 
f 963/1044 3163/4745 3159/4746 
f 3159/4746 611/1056 963/1044 
f 611/1056 970/1050 963/1044 
f 597/669 599/671 3161/3609 
f 599/671 601/673 3161/3609 
f 2721/3071 621/3068 1008/4747 
f 1008/4747 1009/4748 2721/3071 
f 1009/4748 2725/3075 2721/3071 
f 2725/3075 1009/4748 1010/4749 
f 2739/3089 2725/3075 1010/4749 
f 1012/3090 2739/3089 1010/4749 
f 3761/4250 3760/4249 3775/4264 
f 2229/2470 2230/2471 2244/2485 
f 367/422 366/421 4156/4750 
f 4156/4750 366/421 369/426 
f 367/422 4156/4750 391/446 
f 4156/4750 369/426 4157/4751 
f 381/437 4156/4750 4157/4751 
f 4156/4750 381/437 391/446 
f 379/435 381/437 4157/4751 
f 369/426 370/428 4157/4751 
f 4157/4751 370/428 371/430 
f 392/448 367/422 391/446 
f 389/444 392/448 391/446 
f 367/422 392/448 393/447 
f 379/435 4157/4751 371/430 
f 379/435 371/430 372/432 
f 863/944 865/943 4158/4752 
f 863/944 4158/4752 866/948 
f 4158/4752 865/943 888/968 
f 866/948 4158/4752 4159/4753 
f 4158/4752 878/958 4159/4753 
f 878/958 4158/4752 888/968 
f 878/958 876/957 4159/4753 
f 867/950 866/948 4159/4753 
f 867/950 4159/4753 868/952 
f 889/969 886/966 888/968 
f 865/943 889/969 888/968 
f 889/969 865/943 890/970 
f 4159/4753 876/957 868/952 
f 868/952 876/957 869/954 

