<?xml version="1.0" ?>
<COLLADA xmlns="http://www.collada.org/2005/11/COLLADASchema" version="1.4.1">
    <asset>
        <unit />
        <up_axis>Z_UP</up_axis>
    </asset>
    <library_materials>
        <material id="MAT" name="CoC_iOS_HER_PPA_SEN_B">
            <instance_effect url="#MAT-fx" />
        </material>
    </library_materials>
    <library_effects>
        <effect id="MAT-fx" name="CoC_iOS_HER_PPA_SEN_B">
            <profile_COMMON>
                <image id="IMAGE" height="0" width="0">
                    <init_from>/C:/Users/huydo/Downloads/___OPEN3D/Sketchfab/temp/78466/textures/CoC_iOS_HER_PPA_SEN_B_baseColor.png</init_from>
                </image>
                <technique sid="standard">
                    <phong>
                        <emission>
                            <color>0 0 0 1</color>
                        </emission>
                        <ambient>
                            <color>0.117647 0.117647 0.117647 1</color>
                        </ambient>
                        <diffuse>
                            <texture texture="IMAGE" texcoord="" />
                        </diffuse>
                        <specular>
                            <color>0.752941 0.752941 0.752941 1</color>
                        </specular>
                        <shininess>
                            <float>0.6</float>
                        </shininess>
                        <reflective>
                            <color>0 0 0 1</color>
                        </reflective>
                        <reflectivity>
                            <float>1</float>
                        </reflectivity>
                        <transparent>
                            <color>1 1 1 1</color>
                        </transparent>
                        <transparency>
                            <float>0</float>
                        </transparency>
                    </phong>
                </technique>
            </profile_COMMON>
        </effect>
    </library_effects>
    <library_geometries>
        <geometry id="NODE1-lib" name="NODE1Mesh">
            <mesh>
                <source id="NODE1-lib-positions">
                    <float_array id="NODE1-lib-positions-array" count="10149">0.140157 -0.0342449 1.12834 0.132921 -0.0460368 1.12683 0.131298 -0.044082 1.12896 0.138533 -0.032292 1.13047 0.127839 -0.0429283 1.12672 0.135074 -0.0311385 1.12823 0.136047 -0.042384 1.08686 0.133816 -0.041447 1.08486 0.126532 -0.053555 1.08303 0.130962 -0.039281 1.08675 0.123678 -0.051388 1.08492 0.143584 -0.0176889 1.12979 0.145096 -0.00353392 1.1314 0.141102 -0.016588 1.13209 0.142612 -0.002434 1.13371 0.137671 -0.0170223 1.13008 0.139182 -0.00286846 1.13169 0.142261 -0.013271 1.09145 0.139548 -0.013332 1.08983 0.137702 -0.0273 1.08798 0.136348 -0.012594 1.09174 0.134502 -0.026562 1.08989 0.11838 -0.0650766 1.0821 0.108492 -0.0751613 1.08019 0.116097 -0.063919 1.07988 0.106209 -0.074004 1.07798 0.114117 -0.0609157 1.08204 0.104229 -0.0709995 1.08014 0.115205 -0.06781 1.12321 0.113957 -0.065538 1.12539 0.123939 -0.055213 1.12739 0.110941 -0.06365 1.12316 0.120924 -0.053325 1.12517 -0.132921 -0.0460368 1.12683 -0.140157 -0.0342449 1.12834 -0.131298 -0.044082 1.12896 -0.138533 -0.032292 1.13047 -0.127839 -0.0429283 1.12672 -0.135074 -0.0311385 1.12823 -0.136047 -0.042384 1.08686 -0.133816 -0.041447 1.08486 -0.126532 -0.053555 1.08303 -0.130962 -0.039281 1.08675 -0.123678 -0.051388 1.08492 -0.143584 -0.0176889 1.12979 -0.145096 -0.00353392 1.1314 -0.141102 -0.016588 1.13209 -0.142612 -0.002434 1.13371 -0.137671 -0.0170223 1.13008 -0.139182 -0.00286846 1.13169 -0.142261 -0.013271 1.09145 -0.139548 -0.013332 1.08983 -0.137702 -0.0273 1.08798 -0.136348 -0.012594 1.09174 -0.134502 -0.026562 1.08989 -0.11838 -0.0650766 1.0821 -0.108492 -0.0751613 1.08019 -0.116097 -0.063919 1.07988 -0.106209 -0.074004 1.07798 -0.114117 -0.0609157 1.08204 -0.104229 -0.0709995 1.08014 -0.115205 -0.06781 1.12321 -0.113957 -0.065538 1.12539 -0.123939 -0.055213 1.12739 -0.110941 -0.06365 1.12316 -0.120924 -0.053325 1.12517 0.670647 0.0213327 0.978024 0.669701 0.01952 0.978969 0.661554 0.019402 0.972831 0.664458 0.0232932 0.971387 0.609324 0.014785 1.10844 0.612183 0.040268 1.09951 0.577891 0.0274529 1.13966 0.602967 -0.0113545 1.10828 0.560657 0.0690559 1.11918 0.590725 0.056643 1.08744 0.543626 0.0760263 1.11067 0.570333 0.0601539 1.07401 0.560788 0.047079 1.0592 0.518136 0.061645 1.0873 0.521222 0.0392363 1.07727 0.519991 0.0778018 1.10299 0.567282 0.000914 1.14209 0.573754 0.0286635 1.13859 0.564392 0.005184 1.14003 0.548051 -0.0124973 1.13746 0.546159 -0.007511 1.13648 0.523836 -0.017412 1.12725 0.523708 -0.0120226 1.12771 0.499021 -0.00963422 1.11794 0.498574 -0.003538 1.12055 0.560714 -0.0273039 1.09562 0.498433 0.00613167 1.09873 0.481892 0.004597 1.11551 0.482449 0.0072027 1.1183 0.467538 0.021545 1.11637 0.469083 0.022556 1.11899 0.578767 -0.0230838 1.10182 0.601944 -0.011001 1.10539 0.606997 0.014893 1.10536 0.610582 0.038693 1.09698 0.612665 -0.014229 1.09325 0.617744 0.009675 1.0936 0.608512 -0.01119 1.08981 0.615465 0.009757 1.09117 0.620563 0.033669 1.08486 0.616475 0.030316 1.08267 0.591569 -0.025233 1.09028 0.589556 -0.019936 1.08885 0.573691 -0.028549 1.08447 0.57279 -0.024092 1.08366 0.563081 -0.019667 1.077 0.560936 -0.023182 1.07538 0.566653 -0.009714 1.06694 0.562505 -0.012869 1.06219 0.56237 -0.025019 1.09379 0.550067 -0.020633 1.08427 0.551569 -0.008948 1.06961 0.54722 -0.022802 1.0844 0.547503 -0.009854 1.06679 0.138723 -0.00363241 1.09652 0.13926 -0.017233 1.09429 0.136445 -0.015706 1.09284 0.135454 -0.002996 1.09552 0.137999 0.00587611 1.12894 0.141061 0.005395 1.12847 0.141118 -0.012205 1.1257 0.140146 -0.0107762 1.12787 0.130179 -0.0425974 1.12289 0.132305 -0.0438243 1.12225 0.130768 -0.047129 1.08838 0.127908 -0.0457665 1.08744 0.108994 -0.0683345 1.08243 0.110954 -0.0703329 1.08304 0.116141 -0.06367 1.11927 0.114159 -0.061893 1.12011 0.0921944 -0.0791654 1.07953 0.093559 -0.081774 1.08 0.0868987 -0.0821223 1.08617 0.089324 -0.083915 1.08583 0.0921719 -0.0818147 1.1151 0.0918318 -0.0777382 1.13415 0.0990562 -0.0750332 1.16417 0.101765 -0.0743406 1.13389 0.10027 -0.0719425 1.13312 0.097912 -0.07215 1.17078 0.101777 -0.0705597 1.19634 0.104808 -0.0722698 1.19644 0.116763 -0.0738246 1.24271 0.118523 -0.0757407 1.23943 0.12485 -0.072176 1.27487 0.127237 -0.073988 1.27449 0.110691 -0.0649853 1.19395 0.126114 -0.0675505 1.24368 0.136424 -0.0644434 1.28345 0.118278 -0.079403 1.28756 0.121261 -0.08057 1.28732 0.131697 -0.069526 1.30871 0.13409 -0.070716 1.30729 0.149492 -0.0534927 1.31449 0.11877 -0.0655562 1.22311 0.109381 -0.0621711 1.19526 0.104512 -0.0662983 1.1661 0.128824 -0.0645236 1.26199 0.135868 -0.061625 1.28849 0.147517 -0.0511689 1.31588 0.167911 -0.04766 1.33463 0.169932 -0.049312 1.33354 0.15616 -0.062626 1.32744 0.154311 -0.061024 1.32913 0.177165 -0.050812 1.35671 0.174408 -0.0491415 1.35634 0.18982 -0.035086 1.37955 0.191833 -0.037453 1.38059 0.198764 -0.022617 1.39853 0.200257 -0.024761 1.40003 0.199058 -0.0195463 1.40952 0.222351 -0.009881 1.40983 0.224686 -0.01191 1.41025 0.246707 0.003678 1.40902 0.248612 0.002006 1.40939 0.266994 0.0222381 1.40784 0.269479 0.020741 1.4085 0.280328 0.0419697 1.40541 0.283535 0.041545 1.40585 0.287501 0.0669715 1.40131 0.290424 0.066316 1.40253 0.276849 0.097899 1.40671 0.274196 0.0971423 1.40562 0.250579 0.1273 1.40475 0.229894 0.138522 1.39907 0.232148 0.140259 1.39875 0.198367 0.148912 1.3925 0.198615 0.151321 1.39132 0.172118 0.153343 1.40083 0.172195 0.156395 1.40051 0.293449 0.038589 1.38597 0.275422 0.014543 1.38828 0.301745 0.063844 1.38348 0.294832 0.087321 1.38906 0.275657 0.109619 1.38909 0.259075 0.127638 1.38831 0.24674 0.135364 1.36956 0.196676 0.150111 1.37716 0.23133 0.138074 1.36497 0.230479 0.134898 1.36503 0.20674 0.142998 1.37324 0.186947 0.150276 1.38053 0.166746 0.15818 1.3872 0.166319 0.155625 1.38702 0.2458 0.132838 1.36906 0.264337 0.125272 1.373 0.265869 0.127315 1.37402 0.287989 0.108498 1.37472 0.290286 0.109958 1.37636 0.305085 0.084896 1.371 0.307369 0.084908 1.373 0.311411 0.062482 1.36506 0.312722 0.061765 1.36793 0.296226 0.035099 1.36634 0.298424 0.033453 1.36715 0.272417 0.01465 1.36799 0.274777 0.012257 1.36859 0.22071 -0.0165008 1.37407 0.242162 -0.00789518 1.37245 0.200588 -0.029943 1.37524 0.202054 -0.032122 1.37595 0.18682 -0.038598 1.35874 0.188698 -0.040948 1.35862 0.252495 -0.002901 1.38923 0.22579 -0.017302 1.39064 0.097434 0.013952 0.407577 0.115142 -0.004497 0.408693 0.116456 -0.00240029 0.409634 0.0996448 0.0156076 0.408462 0.133214 -0.00519239 0.410759 0.133228 -0.007924 0.40974 0.150811 0.00148928 0.411641 0.152328 -0.000987 0.410575 0.167543 0.0191933 0.412697 0.169204 0.017323 0.412249 0.182641 0.038355 0.429603 0.18577 0.037684 0.429718 0.190646 0.0576189 0.445646 0.193836 0.057032 0.44514 0.187104 0.0738296 0.457877 0.190192 0.074554 0.457489 0.078318 0.040431 0.433427 0.0813034 0.0410725 0.433517 0.071494 0.066289 0.451614 0.074604 0.066942 0.452344 0.070692 0.072527 0.438305 0.073702 0.073685 0.438765 0.153736 0.003367 0.384146 0.134428 -0.003311 0.382612 0.133933 -0.000274 0.382608 0.151852 0.00562 0.384134 0.17512 0.025212 0.385377 0.172434 0.026792 0.38438 0.118335 -0.000437 0.381779 0.118085 0.003388 0.381843 0.0954 0.023361 0.381582 0.0974502 0.0258517 0.380903 0.078909 0.044778 0.400772 0.0770332 0.0560741 0.407524 0.07196 0.059784 0.412528 0.0715377 0.0738212 0.417772 0.191029 0.042387 0.403884 0.198312 0.0596575 0.418828 0.199437 0.073701 0.429019 0.192279 0.0798708 0.444377 0.185618 0.098873 0.435006 0.188444 0.099996 0.435563 0.176606 0.118249 0.424288 0.189187 0.044559 0.403579 0.196856 0.073445 0.426879 0.196059 0.097906 0.419766 0.193487 0.097467 0.417735 0.185175 0.121094 0.405009 0.183236 0.119321 0.403722 0.173898 0.134202 0.392966 0.172678 0.132347 0.391229 0.153784 0.143965 0.391966 0.138222 0.145454 0.39049 0.126232 0.148483 0.391289 0.106701 0.140798 0.388398 0.105107 0.142648 0.390584 0.086545 0.126839 0.403049 0.088823 0.125639 0.401207 0.073411 0.101285 0.413391 0.073779 0.096253 0.43418 0.077102 0.096876 0.433948 0.081459 0.11397 0.428278 0.084164 0.112165 0.428438 0.094827 0.129927 0.420472 0.096869 0.127935 0.420623 0.076719 0.10038 0.412052 0.12294 0.138846 0.424172 0.122867 0.135521 0.424281 0.153184 0.133673 0.425183 0.152266 0.130626 0.4252 0.020216 0.150086 1.35054 0 0.144964 1.35001 0 0.147175 1.34958 0.019813 0.153075 1.35094 0.037564 0.155543 1.36669 0.036762 0.158515 1.36677 0.0657082 0.159657 1.37041 0.0637096 0.156273 1.3698 0 0.148782 1.37736 0 0.14615 1.37835 0.0315928 0.155071 1.37836 0.034192 0.158739 1.37759 0.0708793 0.160044 1.38203 0.0759185 0.15711 1.38428 0.107558 0.162716 1.38904 0.110485 0.159871 1.39027 0.136818 0.159704 1.39421 0.136896 0.156591 1.39506 0.097742 0.160393 1.37457 0.106287 0.163476 1.37656 0.116572 0.16098 1.37778 0.142821 0.156788 1.38279 0.147232 0.159446 1.38377 0.051487 -0.0826411 1.66643 0.0590115 -0.0741144 1.65507 0.062727 -0.067697 1.67536 0.0403736 -0.0921561 1.65864 0.0264798 -0.097823 1.64692 0.020116 -0.0975325 1.63543 0.062581 -0.0615492 1.68806 0.0485883 -0.081854 1.67457 0.0359841 -0.0926292 1.66485 0.0246812 -0.0975588 1.65323 0.0164615 -0.0984932 1.64346 0.0117416 -0.0980019 1.63684 0.0349495 -0.089293 1.62876 0.048218 -0.0774556 1.62119 0.0306353 -0.0871159 1.61633 0.038227 -0.0799208 1.61317 0.0469905 -0.0718607 1.61243 0.0548825 -0.0643439 1.61491 0.0566668 -0.0692991 1.62268 0.0608411 -0.0577387 1.62007 0.0663565 -0.0593181 1.63657 0.0656287 -0.0510357 1.6288 0.0562139 -0.074314 1.63794 0.0701193 -0.0547957 1.65292 0.0702274 -0.055009 1.66668 0.0726361 -0.0426646 1.66056 0.0708819 -0.0418063 1.68763 0.0688861 -0.052833 1.68542 0.0671091 -0.0432662 1.70198 0.0706507 -0.0458524 1.64256 0.0166648 -0.0963217 1.6292 0.0222894 -0.0933909 1.62288 0 -0.112941 1.29764 0.0196046 -0.107651 1.3126 0.016689 -0.113907 1.31464 0 -0.116679 1.30183 0 -0.115743 1.3194 0.017479 -0.110443 1.33027 0.0188536 -0.102773 1.34505 0 -0.10725 1.34796 0.007641 -0.102372 1.35292 0.010125 -0.097747 1.35235 0 -0.0950409 1.36434 0.00629199 -0.0965302 1.36134 0.00860387 -0.0924905 1.3612 0 -0.0888324 1.36463 0.410443 0.057221 1.28926 0.407792 0.0710132 1.2913 0.408697 0.057295 1.28688 0.413029 0.084826 1.2825 0.414439 0.085557 1.285 0.416335 0.0968527 1.26462 0.420522 0.103278 1.26067 0.422996 0.069546 1.28457 0.422876 0.056789 1.28381 0.428656 0.08281 1.27709 0.433656 0.0988203 1.25635 0.420842 0.108345 1.25163 0.42479 0.121524 1.23439 0.427073 0.123149 1.23485 0.416182 0.123405 1.22441 0.417916 0.125965 1.224 0.409003 0.116713 1.19371 0.410053 0.119556 1.1925 0.423155 0.0568989 1.28008 0.422545 0.069417 1.28117 0.427954 0.0818197 1.27396 0.430969 0.0912935 1.25999 0.434733 0.102271 1.24726 0.406592 0.101764 1.17957 0.40373 0.0917075 1.16874 0.403587 0.0845237 1.16714 0.400479 0.0626673 1.15882 0.399619 0.063645 1.15595 0.390698 0.0400667 1.16963 0.388932 0.038908 1.16721 0.438014 0.111319 1.23839 0.438927 0.119992 1.22002 0.438761 0.11677 1.2189 0.436559 0.119219 1.20107 0.437109 0.116089 1.20114 0.431844 0.113116 1.17448 0.432688 0.109549 1.17444 0.425425 0.0930297 1.15443 0.42205 0.0743831 1.14275 0.421922 0.0613114 1.13694 0.412125 0.0449864 1.1416 0.404558 0.033181 1.14963 0.40834 0.034752 1.14986 0.430944 0.0423505 1.13374 0.428406 0.0435307 1.13154 0.439632 0.0680498 1.13073 0.438237 0.0688807 1.13503 0.467701 0.0591708 1.11746 0.460669 0.034828 1.12088 0.458618 0.0355162 1.11796 0.461111 0.049691 1.11711 0.464077 0.058979 1.11487 0.491766 0.070683 1.10581 0.472562 0.0342495 1.10744 0.476373 0.0509134 1.10494 0.477455 0.017918 1.10954 0.520592 0.0747413 1.10724 0.539966 0.072245 1.11263 0.577259 0.053215 1.13199 0.571743 0.0486234 1.1312 0.556487 0.065975 1.12029 0.494625 0.0700587 1.1082 0.389068 0.018897 1.21232 0.397188 0.0280492 1.23978 0.394731 0.0289193 1.22985 0.38929 0.022237 1.21251 0.38568 0.021927 1.18856 0.386621 0.0250481 1.18956 0.397047 0.030937 1.2398 0.406556 0.028309 1.24803 0.409924 0.038686 1.27536 0.409273 0.040581 1.27303 0.421994 0.036187 1.27093 0.417961 0.021964 1.24631 0.422579 0.0377984 1.26824 0.419435 0.0243741 1.24514 0.414901 0.017822 1.22245 0.416781 0.019705 1.22017 0.407561 0.0106094 1.19425 0.405344 0.008209 1.19551 0.404498 0.017259 1.16781 0.401405 0.015476 1.16817 0.385863 0.028075 1.17753 0.567546 -0.005406 1.05319 0.571547 -0.004262 1.05734 0.564635 0.013427 1.04882 0.55631 0.005271 1.05375 0.54125 0.0200729 1.06258 0.500685 0.0246151 1.0917 0.543234 0.0264112 1.06082 0.556805 0.011209 1.05303 0.554218 0.017001 1.04813 0.559924 0.0262645 1.0506 0.562912 0.0140366 1.04804 0.563384 0.044404 1.05981 0.572595 0.055983 1.07369 0.59017 0.052546 1.08571 0.597108 0.049818 1.07538 0.582385 0.051638 1.06673 0.573427 0.041867 1.0534 0.597429 0.046497 1.07544 0.583392 0.048002 1.06733 0.574879 0.040563 1.05417 0.573901 0.029581 1.04369 0.575962 0.028835 1.04637 0.581205 0.020204 1.03791 0.578079 0.02122 1.03563 0.576557 0.009282 1.03789 0.577273 -0.000149 1.04073 0.581447 -0.000729032 1.04445 0.590515 0.0125032 1.0197 0.588333 0.005385 1.01966 0.588395 -0.002004 1.02176 0.590664 -0.002189 1.02398 0.615234 0.00311235 1.003 0.616495 0.00392943 1.00741 0.61132 -0.00950789 1.0041 0.627666 0.008832 0.998999 0.636688 0.00347055 0.99239 0.639123 -0.00670971 0.98852 0.61663 -0.020021 0.999098 0.625303 -0.022418 0.993422 0.635248 -0.0175136 0.989569 0.628435 -0.02528 0.998051 0.617202 -0.02207 1.00297 0.612562 -0.010132 1.00867 0.605053 -0.007028 1.01111 0.629499 0.010678 1.00143 -0.670647 0.0213327 0.978024 -0.664458 0.0232932 0.971387 -0.661554 0.019402 0.972831 -0.669701 0.01952 0.978969 -0.609324 0.014785 1.10844 -0.577891 0.0274529 1.13966 -0.612183 0.040268 1.09951 -0.602967 -0.0113545 1.10828 -0.560657 0.0690559 1.11918 -0.590725 0.056643 1.08744 -0.543626 0.0760263 1.11067 -0.570333 0.0601539 1.07401 -0.560788 0.047079 1.0592 -0.518136 0.061645 1.0873 -0.521222 0.0392363 1.07727 -0.519991 0.0778018 1.10299 -0.601944 -0.011001 1.10539 -0.577259 0.053215 1.13199 -0.567282 0.000914 1.14209 -0.573754 0.0286635 1.13859 -0.564392 0.005184 1.14003 -0.548051 -0.0124973 1.13746 -0.546159 -0.007511 1.13648 -0.523836 -0.017412 1.12725 -0.523708 -0.0120226 1.12771 -0.499021 -0.00963422 1.11794 -0.498574 -0.003538 1.12055 -0.560714 -0.0273039 1.09562 -0.498433 0.00613167 1.09873 -0.481892 0.004597 1.11551 -0.482449 0.0072027 1.1183 -0.467538 0.021545 1.11637 -0.469083 0.022556 1.11899 -0.578767 -0.0230838 1.10182 -0.612665 -0.014229 1.09325 -0.606997 0.014893 1.10536 -0.610582 0.038693 1.09698 -0.617744 0.009675 1.0936 -0.608512 -0.01119 1.08981 -0.615465 0.009757 1.09117 -0.620563 0.033669 1.08486 -0.616475 0.030316 1.08267 -0.591569 -0.025233 1.09028 -0.589556 -0.019936 1.08885 -0.573691 -0.028549 1.08447 -0.57279 -0.024092 1.08366 -0.563081 -0.019667 1.077 -0.560936 -0.023182 1.07538 -0.566653 -0.009714 1.06694 -0.562505 -0.012869 1.06219 -0.550067 -0.020633 1.08427 -0.56237 -0.025019 1.09379 -0.551569 -0.008948 1.06961 -0.54722 -0.022802 1.0844 -0.547503 -0.009854 1.06679 -0.138723 -0.00363241 1.09652 -0.135454 -0.002996 1.09552 -0.136445 -0.015706 1.09284 -0.13926 -0.017233 1.09429 -0.137999 0.00587611 1.12894 -0.141061 0.005395 1.12847 -0.141118 -0.012205 1.1257 -0.140146 -0.0107762 1.12787 -0.132305 -0.0438243 1.12225 -0.130179 -0.0425974 1.12289 -0.130768 -0.047129 1.08838 -0.127908 -0.0457665 1.08744 -0.108994 -0.0683345 1.08243 -0.110954 -0.0703329 1.08304 -0.116141 -0.06367 1.11927 -0.114159 -0.061893 1.12011 -0.0921944 -0.0791654 1.07953 -0.093559 -0.081774 1.08 -0.0868987 -0.0821223 1.08617 -0.089324 -0.083915 1.08583 -0.0921719 -0.0818147 1.1151 -0.0918318 -0.0777382 1.13415 -0.0990562 -0.0750332 1.16417 -0.101765 -0.0743406 1.13389 -0.10027 -0.0719425 1.13312 -0.097912 -0.07215 1.17078 -0.101777 -0.0705597 1.19634 -0.104808 -0.0722698 1.19644 -0.116763 -0.0738246 1.24271 -0.118523 -0.0757407 1.23943 -0.12485 -0.072176 1.27487 -0.127237 -0.073988 1.27449 -0.110691 -0.0649853 1.19395 -0.126114 -0.0675505 1.24368 -0.136424 -0.0644434 1.28345 -0.118278 -0.079403 1.28756 -0.121261 -0.08057 1.28732 -0.131697 -0.069526 1.30871 -0.13409 -0.070716 1.30729 -0.149492 -0.0534927 1.31449 -0.11877 -0.0655562 1.22311 -0.109381 -0.0621711 1.19526 -0.104512 -0.0662983 1.1661 -0.128824 -0.0645236 1.26199 -0.135868 -0.061625 1.28849 -0.147517 -0.0511689 1.31588 -0.15616 -0.062626 1.32744 -0.154311 -0.061024 1.32913 -0.169932 -0.049312 1.33354 -0.167911 -0.04766 1.33463 -0.177165 -0.050812 1.35671 -0.174408 -0.0491415 1.35634 -0.18982 -0.035086 1.37955 -0.191833 -0.037453 1.38059 -0.198764 -0.022617 1.39853 -0.200257 -0.024761 1.40003 -0.199058 -0.0195463 1.40952 -0.222351 -0.009881 1.40983 -0.224686 -0.01191 1.41025 -0.246707 0.003678 1.40902 -0.248612 0.002006 1.40939 -0.266994 0.0222381 1.40784 -0.269479 0.020741 1.4085 -0.280328 0.0419697 1.40541 -0.283535 0.041545 1.40585 -0.287501 0.0669715 1.40131 -0.290424 0.066316 1.40253 -0.276849 0.097899 1.40671 -0.274196 0.0971423 1.40562 -0.250579 0.1273 1.40475 -0.229894 0.138522 1.39907 -0.232148 0.140259 1.39875 -0.198367 0.148912 1.3925 -0.198615 0.151321 1.39132 -0.172118 0.153343 1.40083 -0.172195 0.156395 1.40051 -0.293449 0.038589 1.38597 -0.275422 0.014543 1.38828 -0.301745 0.063844 1.38348 -0.294832 0.087321 1.38906 -0.259075 0.127638 1.38831 -0.24674 0.135364 1.36956 -0.196676 0.150111 1.37716 -0.23133 0.138074 1.36497 -0.230479 0.134898 1.36503 -0.20674 0.142998 1.37324 -0.186947 0.150276 1.38053 -0.166746 0.15818 1.3872 -0.166319 0.155625 1.38702 -0.2458 0.132838 1.36906 -0.264337 0.125272 1.373 -0.265869 0.127315 1.37402 -0.287989 0.108498 1.37472 -0.290286 0.109958 1.37636 -0.305085 0.084896 1.371 -0.307369 0.084908 1.373 -0.311411 0.062482 1.36506 -0.312722 0.061765 1.36793 -0.296226 0.035099 1.36634 -0.298424 0.033453 1.36715 -0.272417 0.01465 1.36799 -0.274777 0.012257 1.36859 -0.22071 -0.0165008 1.37407 -0.242162 -0.00789518 1.37245 -0.200588 -0.029943 1.37524 -0.202054 -0.032122 1.37595 -0.18682 -0.038598 1.35874 -0.188698 -0.040948 1.35862 -0.252495 -0.002901 1.38923 -0.22579 -0.017302 1.39064 -0.275657 0.109619 1.38909 -0.097434 0.013952 0.407577 -0.0996448 0.0156076 0.408462 -0.116456 -0.00240029 0.409634 -0.115142 -0.004497 0.408693 -0.133214 -0.00519239 0.410759 -0.133228 -0.007924 0.40974 -0.150811 0.00148928 0.411641 -0.152328 -0.000987 0.410575 -0.167543 0.0191933 0.412697 -0.169204 0.017323 0.412249 -0.182641 0.038355 0.429603 -0.18577 0.037684 0.429718 -0.190646 0.0576189 0.445646 -0.193836 0.057032 0.44514 -0.187104 0.0738296 0.457877 -0.190192 0.074554 0.457489 -0.078318 0.040431 0.433427 -0.0813034 0.0410725 0.433517 -0.071494 0.066289 0.451614 -0.074604 0.066942 0.452344 -0.070692 0.072527 0.438305 -0.073702 0.073685 0.438765 -0.153736 0.003367 0.384146 -0.134428 -0.003311 0.382612 -0.133933 -0.000274 0.382608 -0.151852 0.00562 0.384134 -0.17512 0.025212 0.385377 -0.172434 0.026792 0.38438 -0.118335 -0.000437 0.381779 -0.118085 0.003388 0.381843 -0.0954 0.023361 0.381582 -0.0974502 0.0258517 0.380903 -0.078909 0.044778 0.400772 -0.0770332 0.0560741 0.407524 -0.07196 0.059784 0.412528 -0.0715377 0.0738212 0.417772 -0.191029 0.042387 0.403884 -0.189187 0.044559 0.403579 -0.198312 0.0596575 0.418828 -0.199437 0.073701 0.429019 -0.192279 0.0798708 0.444377 -0.185618 0.098873 0.435006 -0.188444 0.099996 0.435563 -0.176606 0.118249 0.424288 -0.196856 0.073445 0.426879 -0.196059 0.097906 0.419766 -0.193487 0.097467 0.417735 -0.185175 0.121094 0.405009 -0.183236 0.119321 0.403722 -0.173898 0.134202 0.392966 -0.172678 0.132347 0.391229 -0.153784 0.143965 0.391966 -0.138222 0.145454 0.39049 -0.126232 0.148483 0.391289 -0.106701 0.140798 0.388398 -0.105107 0.142648 0.390584 -0.086545 0.126839 0.403049 -0.088823 0.125639 0.401207 -0.073411 0.101285 0.413391 -0.073779 0.096253 0.43418 -0.077102 0.096876 0.433948 -0.081459 0.11397 0.428278 -0.084164 0.112165 0.428438 -0.094827 0.129927 0.420472 -0.096869 0.127935 0.420623 -0.076719 0.10038 0.412052 -0.12294 0.138846 0.424172 -0.122867 0.135521 0.424281 -0.153184 0.133673 0.425183 -0.152266 0.130626 0.4252 -0.020216 0.150086 1.35054 -0.019813 0.153075 1.35094 -0.037564 0.155543 1.36669 -0.036762 0.158515 1.36677 -0.0657082 0.159657 1.37041 -0.0637096 0.156273 1.3698 -0.0315928 0.155071 1.37836 -0.034192 0.158739 1.37759 -0.0708793 0.160044 1.38203 -0.0759185 0.15711 1.38428 -0.107558 0.162716 1.38904 -0.110485 0.159871 1.39027 -0.136818 0.159704 1.39421 -0.136896 0.156591 1.39506 -0.097742 0.160393 1.37457 -0.106287 0.163476 1.37656 -0.116572 0.16098 1.37778 -0.142821 0.156788 1.38279 -0.147232 0.159446 1.38377 -0.051487 -0.0826411 1.66643 -0.062727 -0.067697 1.67536 -0.0590115 -0.0741144 1.65507 -0.0403736 -0.0921561 1.65864 -0.0264798 -0.097823 1.64692 -0.020116 -0.0975325 1.63543 -0.062581 -0.0615492 1.68806 -0.0485883 -0.081854 1.67457 -0.0359841 -0.0926292 1.66485 -0.0246812 -0.0975588 1.65323 -0.0164615 -0.0984932 1.64346 -0.0117416 -0.0980019 1.63684 -0.0349495 -0.089293 1.62876 -0.048218 -0.0774556 1.62119 -0.0308104 -0.0869869 1.61646 -0.038227 -0.0799208 1.61317 -0.0469905 -0.0718607 1.61243 -0.0548825 -0.0643439 1.61491 -0.0566668 -0.0692991 1.62268 -0.0608411 -0.0577387 1.62007 -0.0663565 -0.0593181 1.63657 -0.0656287 -0.0510357 1.6288 -0.0562139 -0.074314 1.63794 -0.0701193 -0.0547957 1.65292 -0.0702274 -0.055009 1.66668 -0.0726361 -0.0426646 1.66056 -0.0708819 -0.0418063 1.68763 -0.0688861 -0.052833 1.68542 -0.0671091 -0.0432662 1.70198 -0.0706507 -0.0458524 1.64256 -0.0166648 -0.0963217 1.6292 -0.0222894 -0.0933909 1.62288 -0.016689 -0.113907 1.31464 -0.0196046 -0.107651 1.3126 -0.017479 -0.110443 1.33027 -0.0188536 -0.102773 1.34505 -0.007641 -0.102372 1.35292 -0.010125 -0.097747 1.35235 -0.00629199 -0.0965302 1.36134 -0.00860387 -0.0924905 1.3612 -0.410443 0.057221 1.28926 -0.408697 0.057295 1.28688 -0.407792 0.0710132 1.2913 -0.413029 0.084826 1.2825 -0.414439 0.085557 1.285 -0.416335 0.0968527 1.26462 -0.420522 0.103278 1.26067 -0.422996 0.069546 1.28457 -0.422876 0.056789 1.28381 -0.428656 0.08281 1.27709 -0.433656 0.0988203 1.25635 -0.420842 0.108345 1.25163 -0.42479 0.121524 1.23439 -0.427073 0.123149 1.23485 -0.416182 0.123405 1.22441 -0.417916 0.125965 1.224 -0.409003 0.116713 1.19371 -0.410053 0.119556 1.1925 -0.423155 0.0568989 1.28008 -0.422545 0.069417 1.28117 -0.427954 0.0818197 1.27396 -0.430969 0.0912935 1.25999 -0.434733 0.102271 1.24726 -0.406592 0.101764 1.17957 -0.40373 0.0917075 1.16874 -0.403587 0.0845237 1.16714 -0.400479 0.0626673 1.15882 -0.399619 0.063645 1.15595 -0.390698 0.0400667 1.16963 -0.388932 0.038908 1.16721 -0.438014 0.111319 1.23839 -0.438927 0.119992 1.22002 -0.438761 0.11677 1.2189 -0.436559 0.119219 1.20107 -0.437109 0.116089 1.20114 -0.431844 0.113116 1.17448 -0.432688 0.109549 1.17444 -0.425425 0.0930297 1.15443 -0.42205 0.0743831 1.14275 -0.421922 0.0613114 1.13694 -0.412125 0.0449864 1.1416 -0.404558 0.033181 1.14963 -0.40834 0.034752 1.14986 -0.430944 0.0423505 1.13374 -0.428406 0.0435307 1.13154 -0.439632 0.0680498 1.13073 -0.438237 0.0688807 1.13503 -0.467701 0.0591708 1.11746 -0.460669 0.034828 1.12088 -0.458618 0.0355162 1.11796 -0.461111 0.049691 1.11711 -0.464077 0.058979 1.11487 -0.491766 0.070683 1.10581 -0.494625 0.0700587 1.1082 -0.472562 0.0342495 1.10744 -0.476373 0.0509134 1.10494 -0.477455 0.017918 1.10954 -0.520592 0.0747413 1.10724 -0.539966 0.072245 1.11263 -0.556487 0.065975 1.12029 -0.571743 0.0486234 1.1312 -0.500685 0.0246151 1.0917 -0.54125 0.0200729 1.06258 -0.543234 0.0264112 1.06082 -0.556805 0.011209 1.05303 -0.554218 0.017001 1.04813 -0.559924 0.0262645 1.0506 -0.562912 0.0140366 1.04804 -0.55631 0.005271 1.05375 -0.567546 -0.005406 1.05319 -0.571547 -0.004262 1.05734 -0.564635 0.013427 1.04882 -0.563384 0.044404 1.05981 -0.572595 0.055983 1.07369 -0.59017 0.052546 1.08571 -0.597108 0.049818 1.07538 -0.582385 0.051638 1.06673 -0.573427 0.041867 1.0534 -0.597429 0.046497 1.07544 -0.583392 0.048002 1.06733 -0.574879 0.040563 1.05417 -0.573901 0.029581 1.04369 -0.575962 0.028835 1.04637 -0.389068 0.018897 1.21232 -0.38929 0.022237 1.21251 -0.394731 0.0289193 1.22985 -0.397188 0.0280492 1.23978 -0.38568 0.021927 1.18856 -0.386621 0.0250481 1.18956 -0.397047 0.030937 1.2398 -0.406556 0.028309 1.24803 -0.409924 0.038686 1.27536 -0.409273 0.040581 1.27303 -0.421994 0.036187 1.27093 -0.417961 0.021964 1.24631 -0.422579 0.0377984 1.26824 -0.419435 0.0243741 1.24514 -0.414901 0.017822 1.22245 -0.416781 0.019705 1.22017 -0.407561 0.0106094 1.19425 -0.405344 0.008209 1.19551 -0.404498 0.017259 1.16781 -0.401405 0.015476 1.16817 -0.385863 0.028075 1.17753 -0.578079 0.02122 1.03563 -0.581205 0.020204 1.03791 -0.576557 0.009282 1.03789 -0.577273 -0.000149 1.04073 -0.581447 -0.000729032 1.04445 -0.590515 0.0125032 1.0197 -0.588333 0.005385 1.01966 -0.588395 -0.002004 1.02176 -0.590664 -0.002189 1.02398 -0.615234 0.00311235 1.003 -0.616495 0.00392943 1.00741 -0.61132 -0.00950789 1.0041 -0.627666 0.008832 0.998999 -0.636688 0.00347055 0.99239 -0.639123 -0.00670971 0.98852 -0.61663 -0.020021 0.999098 -0.625303 -0.022418 0.993422 -0.635248 -0.0175136 0.989569 -0.628435 -0.02528 0.998051 -0.617202 -0.02207 1.00297 -0.612562 -0.010132 1.00867 -0.605053 -0.007028 1.01111 -0.629499 0.010678 1.00143 0.648859 -0.057714 1.01525 0.667518 -0.0637433 0.999826 0.670694 -0.0629594 0.990661 0.672376 -0.054839 0.989198 0.671588 -0.054873 0.998033 0.664267 -0.0705205 0.991699 0.634834 -0.064295 0.996111 0.624 -0.061039 1.02197 0.624114 -0.063267 0.998149 0.655561 -0.0731373 0.983743 0.635457 -0.056752 0.981369 0.651221 -0.0682688 0.975048 0.651551 -0.0559537 0.97256 0.661967 -0.051765 0.96722 0.656257 -0.047059 0.972446 0.642043 -0.036841 0.976658 0.657402 -0.0396901 0.972399 0.658633 -0.0263094 0.970467 0.667052 -0.042012 0.980986 0.666066 -0.044768 0.981843 0.66851 -0.018212 0.966793 0.662529 -0.01449 0.971598 0.665296 -0.037576 0.966633 0.673103 -0.041485 0.975038 0.679343 -0.016339 0.974764 0.673149 -0.0115361 0.981541 0.698105 -0.0191884 0.95222 0.688963 -0.0210531 0.944662 0.684248 -0.0312269 0.943258 0.701445 -0.0242801 0.924534 0.697279 -0.0336153 0.923137 0.685564 -0.0416218 0.943972 0.696718 -0.0433451 0.924717 0.697227 -0.045758 0.946742 0.707863 -0.0498293 0.928007 0.711731 -0.0222001 0.93016 0.690221 -0.0453778 0.95543 0.719543 -0.0234707 0.919434 0.713938 -0.0268644 0.908428 0.709416 -0.0360605 0.906593 0.707123 -0.045845 0.910252 0.720122 -0.0459687 0.900198 0.721317 -0.0516418 0.908726 0.728091 -0.027101 0.906399 0.72374 -0.038895 0.897403 0.730641 -0.040387 0.897081 0.731894 -0.031442 0.899062 0.725981 -0.032048 0.898455 0.72762 -0.048657 0.899614 0.638381 -0.024037 1.05227 0.63391 -0.0468649 1.03628 0.663497 -0.0375379 1.01472 0.648361 -0.0024139 1.04846 0.640191 0.0233553 1.05544 0.66704 0.0180859 1.01677 0.625643 0.00617057 1.08061 0.615452 -0.056568 1.03632 0.623834 0.027446 1.07609 0.605552 0.0425839 1.06855 0.62874 0.03569 1.05851 0.591775 0.0433448 1.05774 0.616821 0.043846 1.04426 0.640121 0.036582 1.03932 0.585328 0.0381829 1.04336 0.607941 0.046728 1.03475 0.636484 0.0451467 1.02689 0.655939 0.0361824 1.02204 0.643003 0.047537 1.00196 0.622687 0.0481 1.01791 0.613662 0.041575 1.0098 0.597582 0.040849 1.02462 0.591705 0.027572 1.01989 0.607917 0.025727 1.00648 0.628866 0.040124 0.999425 0.582113 0.027166 1.03879 0.628989 0.021837 0.998899 0.676856 0.032197 1.00081 0.673048 0.0415715 0.995522 0.645565 0.0394905 0.983641 0.637841 0.020508 0.989959 0.669222 0.045379 0.976768 0.661231 0.042058 0.973413 0.658845 0.0320348 0.97359 0.648654 0.019181 0.978874 0.677322 0.0436452 0.980122 0.69471 0.0393661 0.962993 0.691005 0.0474978 0.960555 0.693869 0.0302293 0.960823 0.683528 0.0484381 0.954803 0.676714 0.0454731 0.950727 0.685826 0.0253419 0.956752 0.700577 0.0413176 0.945959 0.700568 0.051404 0.93666 0.703972 0.0325401 0.937634 0.690416 0.0519926 0.936793 0.683334 0.0477604 0.934134 0.674743 0.0360896 0.949994 0.682038 0.0389795 0.931386 0.678989 0.0276146 0.949593 0.687241 0.0308062 0.931141 0.696296 0.0280508 0.932873 0.705796 0.043103 0.934366 0.700524 0.0528847 0.917084 0.707724 0.0347111 0.926538 0.694225 0.0499511 0.91596 0.692604 0.0424208 0.913711 0.697706 0.0346121 0.914008 0.704799 0.0328061 0.916604 0.710459 0.0517623 0.912183 0.712881 0.0459424 0.910819 0.71304 0.039241 0.910407 0.706906 0.045499 0.907112 0.705365 0.05134 0.91007 0.707737 0.037892 0.908195 0.600193 -0.0171742 1.00851 0.595405 -0.038434 0.999617 0.581958 -0.036553 1.01153 0.621096 -0.036478 0.996466 0.61733 -0.049433 0.995317 0.627515 -0.051071 0.989732 0.634303 -0.032407 0.987195 0.648734 -0.009 0.977397 0.660137 -0.00858689 0.972417 0.660897 0.00524546 0.970479 0.673405 -0.00885409 0.979435 0.663525 0.0163292 0.971128 0.667846 -0.004619 0.967011 0.672373 0.0178506 0.978743 0.692768 0.0164595 0.95264 0.684888 0.0141213 0.946419 0.681272 0.00435985 0.946548 0.684952 -0.00528351 0.946118 0.691285 -0.00827109 0.954343 0.695526 -0.00582727 0.924737 0.690298 0.003842 0.926913 0.695531 0.0127881 0.924602 0.704154 -0.009608 0.929328 0.704399 0.0171191 0.930329 0.695154 0.00352823 0.921433 0.712155 0.0173078 0.916533 0.704371 0.012563 0.909302 0.704883 0.00457906 0.905991 0.714933 0.0120436 0.901 0.708272 -0.00409204 0.905522 0.716071 -0.007807 0.907951 0.722231 0.0124349 0.898876 0.715778 0.004856 0.897384 0.722453 0.004423 0.896284 0.721778 -0.002676 0.898545 0.709456 -0.010346 0.921303 0.683156 0.00317304 0.999086 0.671104 -0.009973 1.0148 0.681236 0.011503 0.998203 0.683044 -0.028954 1.00076 0.682383 -0.020976 0.999011 0.680519 -0.035856 0.999627 0.670286 -0.04416 0.996965 0.680527 -0.0379948 0.989309 0.702309 -0.0444204 0.959774 0.698615 -0.03264 0.969759 0.708031 -0.034076 0.960045 0.707097 -0.0235941 0.958143 0.698073 -0.022964 0.967654 0.72133 -0.0377021 0.93564 0.722675 -0.0276791 0.930947 0.716137 -0.0476959 0.9359 0.728029 -0.0494083 0.915501 0.7351 -0.0315947 0.909646 0.73587 -0.0412536 0.910005 0.738105 -0.041898 0.900543 0.738079 -0.033546 0.901674 0.734243 -0.04941 0.9021 0.683163 -0.00334304 0.987712 0.676841 -0.010864 0.998913 0.700641 -0.00589645 0.959522 0.696737 0.004357 0.968628 0.705267 0.00468871 0.958026 0.700948 0.0137548 0.958682 0.716238 0.00447831 0.936308 0.715208 0.0148738 0.931938 0.707494 -0.00568326 0.944855 0.714787 -0.006858 0.933023 0.728546 0.00390757 0.90688 0.718785 -0.00595565 0.922393 0.727673 0.0111567 0.899623 0.726455 -0.004585 0.905938 0.728788 0.004236 0.898078 0.726988 -0.002589 0.899214 0.677808 0.02722 0.990965 0.674736 0.019576 0.99499 0.679695 0.027682 0.981299 0.679081 0.0355936 0.98763 0.681995 0.0141059 0.986699 0.685104 0.00540981 0.987705 0.684285 -0.0204101 0.987993 0.68523 -0.0295499 0.987752 0.670025 -0.0784507 0.951219 0.670105 -0.067897 0.949226 0.677328 -0.0601603 0.949068 0.685692 -0.0600304 0.955966 0.686902 -0.0677653 0.928411 0.682318 -0.0758558 0.927084 0.681185 -0.0864909 0.929511 0.673621 -0.0825369 0.961647 0.689787 -0.0943085 0.932261 0.698418 -0.0680583 0.933333 0.690394 -0.0883841 0.951703 0.698368 -0.0808611 0.947515 0.692635 -0.0659999 0.961695 0.706401 -0.0753299 0.934733 0.705486 -0.0859058 0.936025 0.698954 -0.094821 0.93678 0.690174 -0.0748979 0.965919 0.679116 -0.0591086 0.977782 0.683257 -0.083592 0.966325 0.666721 -0.048071 0.97987 0.716614 -0.0931493 0.90726 0.717681 -0.0858738 0.907053 0.702958 -0.0964066 0.926517 0.70557 -0.07317 0.917678 0.710492 -0.077742 0.909509 0.698506 -0.0981387 0.917129 0.701831 -0.0952481 0.904844 0.688832 -0.09105 0.914825 0.691928 -0.082575 0.910749 0.696871 -0.0754079 0.91066 0.712411 -0.099113 0.90844 0.704837 -0.08895 0.902518 0.710966 -0.091448 0.902661 0.71302 -0.08321 0.903486 0.707964 -0.082705 0.902665 0.706809 -0.098453 0.9052 0.700357 0.044461 0.907771 0.700852 0.050021 0.909773 0.587757 -0.087294 1.00933 0.59739 -0.088832 1.00783 0.600883 -0.079673 1.01737 0.590844 -0.078327 1.01937 0.578574 -0.081187 1.0067 0.580529 -0.07144 1.01684 0.607434 -0.077561 1.00775 0.604371 -0.085688 1.00079 0.578092 -0.074194 0.9976 0.580044 -0.063499 1.00684 0.582742 -0.0738609 0.982903 0.588982 -0.0588304 0.996484 0.595867 -0.0772817 0.978905 0.601365 -0.064266 0.99343 0.605422 -0.083292 0.984422 0.608453 -0.070288 0.997698 0.573042 -0.090737 0.999277 0.582999 -0.0993605 1.00036 0.595715 -0.101768 0.998473 0.603805 -0.0972613 0.990277 0.580802 -0.107073 0.986629 0.594084 -0.109211 0.986239 0.570481 -0.095721 0.991358 0.601657 -0.103861 0.979122 0.570074 -0.090976 0.975923 0.57237 -0.0834066 0.986879 0.579361 -0.083459 0.969701 0.59319 -0.085114 0.968628 0.603432 -0.093213 0.972433 0.595939 -0.114157 0.96747 0.59145 -0.112123 0.958161 0.587293 -0.100557 0.957494 0.583433 -0.110908 0.954611 0.589972 -0.11966 0.960371 0.579985 -0.118287 0.956736 0.576247 -0.107438 0.955916 0.571569 -0.111824 0.957983 0.576943 -0.098431 0.959389 0.569485 -0.10269 0.964207 0.568948 -0.117298 0.963803 0.576291 -0.123341 0.964735 0.585761 -0.124601 0.965901 0.611518 -0.071159 1.01738 0.599907 -0.072391 1.03269 0.589284 -0.070643 1.03228 0.607066 -0.0557 1.0434 0.59468 -0.053411 1.04405 0.582693 -0.050843 1.03958 0.581119 -0.065646 1.02812 0.57827 -0.05153 1.01495 0.574794 -0.038937 1.02544 0.608073 -0.056016 0.994709 0.616066 -0.065774 0.999461 0.599711 -0.037525 1.05544 0.585105 -0.039696 1.05017 0.577312 -0.028304 1.03545 0.613483 -0.037023 1.05661 0.603548 -0.026239 1.07047 0.623167 -0.0191085 1.07031 0.589388 -0.031021 1.06166 0.580025 -0.026133 1.0718 0.572855 -0.020045 1.06306 0.579872 -0.022425 1.05089 0.58699 -0.011841 1.02457 0.395456 0.118025 1.26069 0.394148 0.104743 1.27265 0.387796 0.122619 1.23468 0.363761 0.115566 1.22651 0.379671 0.103251 1.2884 0.374096 0.0936426 1.20098 0.341258 0.104351 1.235 0.349686 0.084789 1.22441 0.362121 0.0744499 1.20728 0.34404 0.0709363 1.22398 0.360346 0.0486601 1.20954 0.342977 0.0515722 1.22568 0.341902 0.116905 1.24918 0.349778 0.120666 1.2654 0.324056 0.110102 1.24962 0.331108 0.088563 1.23826 0.310263 0.0723388 1.24658 0.316752 0.0540963 1.24428 0.276636 0.054986 1.26847 0.276207 0.0849546 1.26793 0.248096 0.0858628 1.2864 0.224478 0.071558 1.30656 0.20972 0.0911673 1.31933 0.25053 0.053534 1.28877 0.225871 0.053771 1.30941 0.210571 0.051333 1.32234 0.247762 0.106092 1.28727 0.274523 0.10535 1.2701 0.251422 0.122975 1.29251 0.274877 0.119851 1.27626 0.285316 0.131032 1.28473 0.260439 0.135238 1.30347 0.224276 0.122517 1.31683 0.234145 0.133564 1.32583 0.275388 0.138737 1.32276 0.2484 0.137121 1.34462 0.298543 0.135038 1.30446 0.21553 0.107373 1.31719 0.296797 0.110897 1.26175 0.307121 0.134338 1.32186 0.27896 0.135956 1.34443 0.316666 0.127677 1.33336 0.289729 0.128145 1.35606 0.305422 0.109735 1.36323 0.325846 0.109924 1.34569 0.203776 0.120431 1.33779 0.201425 0.109339 1.33085 0.199462 0.091679 1.32706 0.199691 0.070198 1.32774 0.199089 0.046732 1.32873 0.328542 0.087462 1.35017 0.300237 0.032624 1.35646 0.336271 0.0375488 1.32898 0.271109 0.0115137 1.35429 0.315008 0.012539 1.32373 0.341326 0.013569 1.30577 0.353658 0.063041 1.32505 0.348244 0.085012 1.32816 0.365355 0.082405 1.31399 0.346531 0.10438 1.32472 0.363572 0.097524 1.30844 0.385278 0.0820584 1.30158 0.374927 0.115119 1.27944 0.384892 0.0637577 1.30034 0.37498 0.0430041 1.29663 0.370721 0.02048 1.28022 0.359091 0.015716 1.29111 0.36057 0.009802 1.26273 0.340461 0.0059446 1.27894 0.344511 0.0156197 1.23783 0.328221 0.01327 1.24445 0.337331 0.033511 1.23107 0.309463 0.0348452 1.24466 0.381089 0.025367 1.26797 0.387232 0.0270837 1.24252 0.372665 0.029498 1.22693 0.393405 0.032138 1.25441 0.400809 0.042747 1.27594 0.388866 0.043709 1.28543 0.351291 0.034889 1.22538 0.364783 0.035022 1.21718 0.381705 0.027029 1.21831 0.405555 0.124893 1.22247 0.393034 0.122148 1.20546 0.397322 0.103973 1.18726 0.454045 0.0094704 1.22112 0.455032 0.028946 1.24728 0.430543 0.009458 1.2061 0.477104 0.024921 1.23104 0.449699 3.8e-05 1.19115 0.433964 -0.000829 1.17157 0.462129 0.046133 1.2555 0.484957 0.041144 1.23682 0.485333 0.000637 1.19617 0.499314 0.023903 1.21061 0.518618 -0.00323691 1.16684 0.491175 -0.009485 1.15806 0.469387 -0.006141 1.17588 0.475243 -0.006455 1.13944 0.454429 -0.006029 1.15539 0.443466 0.00658 1.13779 0.442162 0.027172 1.12983 0.538004 0.0135976 1.16841 0.422922 0.009734 1.15128 0.421537 0.030387 1.1388 0.513642 0.0474598 1.20703 0.488983 0.057553 1.23711 0.462384 0.0621493 1.25897 0.466608 0.0740437 1.25005 0.487755 0.072323 1.22991 0.488461 0.085397 1.2193 0.465237 0.092169 1.23547 0.462031 0.102843 1.22436 0.492961 0.0939078 1.20203 0.489583 0.102917 1.18268 0.478495 0.106069 1.16543 0.523696 0.0879331 1.15292 0.507502 0.0934159 1.14107 0.490802 0.091629 1.12975 0.451095 0.0845376 1.13556 0.468018 0.100436 1.14677 0.527238 0.078485 1.17134 0.52068 0.0617787 1.19524 0.509615 0.076626 1.20144 0.211085 0.0317495 1.32429 0.272833 0.0359717 1.26879 0.239558 0.0157918 1.31032 0.302003 0.0135782 1.26002 0.266455 0.005834 1.3094 0.291519 0.004196 1.29 0.281229 0.008431 1.32745 0.305161 0.004461 1.30841 0.228818 0.00677025 1.34583 0.241233 0.005443 1.36072 0.221687 0.002949 1.35652 0.202057 0.006143 1.3506 0.216196 0.013988 1.33321 0.193464 0.023181 1.33948 0.187525 0.009752 1.34764 0.25979 0.068738 1.44102 0.256636 0.042216 1.44106 0.238684 0.043458 1.45556 0.243177 0.070473 1.45521 0.218691 0.04543 1.4632 0.222252 0.071743 1.46467 0.207947 0.019275 1.45802 0.227544 0.014841 1.44956 0.192912 -0.000174 1.44501 0.209902 -0.005303 1.43305 0.253316 0.10114 1.43434 0.236419 0.102889 1.4513 0.21703 0.100751 1.46196 0.197729 0.047671 1.46541 0.187332 0.026302 1.46148 0.195486 0.075386 1.46593 0.193372 0.0963666 1.4642 0.18764 0.118798 1.45909 0.161333 0.11128 1.46091 0.173761 0.137247 1.44657 0.154503 0.148061 1.42952 0.204294 0.124057 1.45531 0.189978 0.1405 1.43854 0.224655 0.127389 1.44056 0.206146 0.141733 1.42472 0.16939 0.150647 1.41528 0.238581 0.127602 1.42243 0.245918 0.016676 1.43444 0.233954 0.001596 1.42302 0.183697 -0.0239764 1.40767 0.172062 -0.0151861 1.42676 0.154812 -0.027115 1.41548 0.143179 -0.0524767 1.39149 0.140864 -0.0683263 1.3664 0.140329 -0.076385 1.33843 0.135027 -0.078089 1.321 0.117277 -0.080744 1.36208 0.122068 -0.088304 1.33518 0.094761 -0.088282 1.36057 0.098316 -0.096929 1.33605 0.0650748 -0.0943676 1.35898 0.0672763 -0.102012 1.3382 0.0609657 -0.10544 1.32359 0.0649617 -0.104266 1.3056 0.0887206 -0.0984596 1.30188 0.093487 -0.100578 1.31932 0.092796 -0.0988364 1.26819 0.076168 -0.10737 1.26961 0.057002 -0.113291 1.27492 0.0469607 -0.110705 1.24837 0.0621408 -0.105685 1.23329 0.0777413 -0.0974306 1.22575 0.0998349 -0.0884058 1.23975 0.0755393 -0.0928794 1.1987 0.0540469 -0.102599 1.18144 0.0692821 -0.0937053 1.16057 0.0489572 -0.101216 1.13102 0.0598577 -0.0955895 1.0866 0.0333168 -0.103676 1.10835 0 -0.107598 1.07552 0 -0.104148 1.11508 0.0310871 -0.105165 1.15324 0 -0.102191 1.14759 0 -0.10402 1.17712 0 -0.110877 0.996812 0.0309824 -0.107118 1.01538 0.0584299 -0.0988687 1.01351 0.032277 -0.109103 1.20179 0.0822145 -0.0869062 1.01797 0.10553 -0.069736 1.04756 0.126121 -0.046597 1.0543 0.140097 -0.0144327 1.0387 0.128692 -0.0500868 1.02767 0.105253 -0.072289 1.02145 0.145165 -0.015263 1.00751 0.148703 -0.016431 0.983346 0.134728 -0.057732 0.982885 0.106524 -0.078942 0.995211 0.109274 -0.085069 0.975575 0.0784646 -0.0873215 0.983809 0.07855 -0.092395 0.964356 0.052193 -0.086545 0.954757 0.028681 -0.106038 0.972775 0 -0.109787 0.967302 0 -0.103832 0.940542 0.025898 -0.099385 0.946185 0 -0.074864 0.91927 0.014562 -0.073736 0.920134 0.027009 -0.071177 0.92246 0.00811 -0.03125 0.911629 0.015248 -0.03142 0.910489 0.014124 0.003802 0.915447 0.00643 0.003935 0.919135 0 0.003482 0.919599 0 -0.032506 0.912248 0.0260608 0.114665 1.50204 0.00966755 0.107915 1.50606 0.008061 0.098533 1.52748 0.020849 0.09957 1.52826 0.0300196 0.140292 1.46029 0.0294587 0.148859 1.43417 0 0.106473 1.50617 0 0.117773 1.48532 0 0.098367 1.52664 0.0331527 0.154502 1.40471 0 0.145289 1.40233 0 0.142525 1.43211 0 0.135199 1.45823 0.050413 0.126474 1.48585 0.054286 0.142692 1.46035 0.0900509 0.1376 1.46266 0.04604 0.108476 1.50733 0.039037 0.09407 1.52935 0.0818373 0.117648 1.48717 0.0642691 0.0917999 1.51105 0.135197 0.106131 1.47307 0.0908452 0.0763747 1.49942 0.145409 0.0819118 1.47451 0.122692 0.127452 1.46397 0.147263 0.130388 1.44843 0.168827 0.081549 1.46624 0.16461 0.058761 1.46514 0.145314 0.059801 1.47107 0.118047 0.0600453 1.48303 0.153602 0.0373341 1.45865 0.150754 0.00745241 1.44621 0.173057 0.007526 1.45062 0.157458 -0.00680701 1.43759 0.144865 -0.015236 1.42976 0.124197 -0.0287071 1.42601 0.132323 -0.0423826 1.40964 0.0968717 -0.0411433 1.42166 0.103815 -0.0560183 1.40485 0.0498529 -0.0683639 1.39839 0.0480758 -0.0523044 1.41522 0.0904969 -0.0252451 1.43643 0.0171759 -0.054253 1.41223 0.0198599 -0.0694982 1.39556 0.0192039 -0.0384387 1.42456 0 -0.0521877 1.41057 0 -0.067447 1.39491 0.0280784 -0.0850487 1.37667 0.037099 -0.036378 1.42837 0.068058 -0.080854 1.38073 0.105692 -0.0709175 1.38439 0 -0.030222 1.42202 0.0220195 -0.0261863 1.42934 0.074372 -0.018559 1.43683 0.0353661 -0.0146777 1.4388 0.0191268 -0.017783 1.44073 0 -0.018671 1.43265 0 -0.010553 1.45912 0.0138078 -0.00914512 1.46461 0.010825 -0.01176 1.47919 0 -0.014267 1.47828 0.012584 -0.017122 1.49705 0.017184 -0.007917 1.48049 0.019316 -0.010565 1.49925 0 -0.020879 1.49664 0.033685 -0.008538 1.44964 0.052658 -0.003442 1.4544 0.070735 -0.006952 1.445 0.103413 -0.00530489 1.4418 0.114302 -0.0136215 1.43969 0.133 0.00355179 1.44252 0.1378 0.041602 1.46472 0.111015 0.0416088 1.47482 0.121266 0.0160643 1.45065 0.0735532 0.0563132 1.50497 0.07211 0.071384 1.51063 0.055417 0.080262 1.52985 0.064787 0.067061 1.51857 0.061087 0.064468 1.52983 0.085356 0.040586 1.4863 0.068919 0.039313 1.49628 0.0616576 0.0215823 1.48241 0.0717341 0.0169794 1.4684 0.0853456 0.0138686 1.45774 0.107553 0.0189647 1.45591 0.094016 0.004655 1.44666 0.0389105 -0.00187789 1.47149 0.02475 -0.00655058 1.47901 0.054577 0.023053 1.49742 0.062908 0.044556 1.5113 0.059434 0.045029 1.52589 0.055277 0.029413 1.52041 0.024981 -0.004854 1.50228 0.032944 -0.000414 1.50502 0.04306 0.005897 1.48722 0.044359 0.009734 1.51236 0.0199541 0.139531 1.31191 0 0.135119 1.31069 0.04082 0.151129 1.34243 0.0543109 0.142834 1.31346 0.0797356 0.134099 1.28828 0.082837 0.118841 1.25779 0.11564 0.121651 1.27098 0.113795 0.139567 1.29744 0.101181 0.150498 1.31945 0.113427 0.158685 1.35054 0.0748422 0.155052 1.34337 0.129355 0.152806 1.32858 0.137885 0.139612 1.30621 0.147944 0.152297 1.33929 0.157228 0.138879 1.31813 0.149158 0.154869 1.36414 0.144682 0.11285 1.27632 0.141869 0.095809 1.25435 0.175393 0.12321 1.3173 0.169302 0.106061 1.29597 0.162171 0.091724 1.27311 0.190419 0.109257 1.32697 0.196066 0.0664808 1.31799 0.191951 0.037769 1.32169 0.184856 0.0358778 1.30697 0.171214 0.049082 1.26646 0.195692 0.122233 1.33977 0.178016 0.0847521 1.29153 0.174136 0.031978 1.27745 0.159084 0.069746 1.252 0.132984 0.074353 1.22307 0.154761 0.0523736 1.23418 0.106884 0.0986857 1.23353 0.157467 0.0188293 1.24135 0.148266 0.012818 1.21926 0.136357 0.036965 1.19499 0.141861 0.006422 1.19768 0.131114 0.030794 1.17533 0.138718 -0.00197382 1.16587 0.132118 0.0227472 1.13725 0.108019 0.0467807 1.15496 0.110377 0.050913 1.175 0.087403 0.063604 1.17614 0.0832258 0.0600196 1.15383 0.109839 0.043668 1.11637 0.082751 0.05927 1.11866 0.109715 0.044449 1.09398 0.08316 0.061468 1.09625 0.05473 0.067588 1.11969 0.055104 0.071229 1.09677 0.130543 0.0172489 1.09218 0.0550982 0.0678042 1.14694 0.025168 0.065648 1.12026 0.0274677 0.0814751 1.07963 0 0.074473 1.0972 0 0.063314 1.11954 0.0241381 0.0651072 1.14532 0 0.0588661 1.14639 0.11527 0.05091 1.0661 0.088207 0.072477 1.0677 0.057357 0.083163 1.06854 0 0.086726 1.06867 0.1168 0.055986 1.03543 0.134458 0.023489 1.03502 0.13605 0.028358 0.998505 0.116103 0.06161 1.00379 0.108393 0.0686076 0.976902 0.08691 0.08323 0.976998 0.09023 0.086301 1.00616 0.0501859 0.0898079 0.97602 0.05627 0.099152 1.00834 0.027136 0.100618 1.00987 0 0.087161 0.979317 0.017733 0.063349 0.951442 0 0.060921 0.953132 0 0.098663 1.00939 0.052898 0.062412 0.942225 0.090612 0.080961 1.03579 0.058277 0.093913 1.03824 0.02842 0.096445 1.03946 0 0.095412 1.03913 0 0.034369 0.936101 0.028813 0.032944 0.929712 0.030364 0.031268 0.922619 0.053829 0.057139 0.932734 0.08682 0.068896 0.945823 0.117848 0.056119 0.95545 0.140788 0.02497 0.972478 0.133554 0.020626 1.0636 0.182952 0.017389 1.3324 0.175125 0.0159384 1.31517 0.167122 -0.0227603 1.33409 0.161704 -0.0132226 1.2869 0.156165 -0.0341883 1.2973 0.144945 -0.0412915 1.26447 0.151073 -0.0173762 1.25457 0.162045 0.00623182 1.27092 0.177971 -0.0359576 1.34014 0.156538 -0.039462 1.32337 0.135209 -0.0583604 1.26916 0.131104 -0.0444806 1.22568 0.131211 -0.024758 1.20113 0.110743 -0.058885 1.18386 0.128631 -0.0317666 1.17173 0.200027 -0.028652 1.36573 0.200177 -0.009267 1.35069 0.217087 -0.01259 1.36468 0 0.087979 1.56983 0.0159056 0.087544 1.57385 0.016862 0.092441 1.54752 0 0.092145 1.54656 0.0332748 0.0869192 1.55897 0.0457869 0.0755411 1.57434 0.0578121 0.062703 1.55302 0.0593625 0.0449674 1.57441 0.056484 0.026162 1.56109 0.0604237 0.02756 1.60002 0.0540301 0.0128375 1.58198 0.0584831 0.0143432 1.59872 0.0525796 0.0128989 1.56555 0.0550049 0.00317256 1.55878 0.059646 -0.000947 1.56115 0.0540198 -0.0197283 1.55043 0.0444375 -0.0224494 1.5423 0.0626812 -0.00472899 1.56657 0.0625357 0.00404452 1.56903 0.0682211 -0.0113341 1.59565 0.049751 0.007877 1.55814 0.054783 -0.029593 1.55895 0.0707155 0.00710464 1.59969 0.0419185 -0.0421254 1.53802 0.0291391 -0.0425476 1.53007 0.0200336 -0.0639816 1.52305 0.0282768 -0.0644036 1.52946 0.020405 -0.072116 1.52634 0.0375556 -0.0545313 1.53873 0.0096327 -0.067337 1.52 0.0102335 -0.0772887 1.52495 0 -0.0685686 1.51932 0 -0.078399 1.52384 0.0209211 -0.0751876 1.53381 0.030751 -0.073156 1.56176 0.0184499 -0.0929903 1.59195 0.0109169 -0.0848952 1.54985 0 -0.0826801 1.53457 0 -0.105475 1.60644 0.0472597 -0.044943 1.55501 0.0462496 -0.0688872 1.59932 0.0618399 -0.0415034 1.59965 0.0776133 0.00333972 1.61591 0.0797103 0.0194371 1.619 0.075998 0.018905 1.61069 0.0635824 0.0277834 1.6133 0.0820214 0.0183518 1.64494 0.0823398 0.00867928 1.64298 0.0803185 0.000519846 1.63561 0.0781237 0.0322207 1.64951 0.0777397 0.0253164 1.61892 0.0810237 0.00599158 1.68697 0.081633 0.023961 1.67717 0.079338 0.025929 1.70123 0.074118 0.025641 1.72589 0.073218 0.002368 1.72615 0.058224 0.02463 1.74288 0.057197 -0.000559 1.74074 0.035967 -0.003718 1.7527 0.038976 0.024911 1.7554 0.077604 0.042876 1.69351 0.01857 0.026138 1.76188 0.038745 0.055446 1.74816 0.019513 0.059154 1.75312 0.036807 0.080128 1.72909 0.058077 0.050673 1.73613 0.055695 0.069838 1.72329 0.0729 0.045814 1.71968 0.068453 0.063079 1.71042 0.053299 0.084532 1.7027 0.064216 0.075162 1.69665 0.07219 0.060294 1.68553 0.064613 0.074326 1.68009 0.036086 0.093467 1.7068 0.05207 0.08902 1.67989 0.049578 0.087466 1.6575 0.0644556 0.0686177 1.65872 0.035928 0.099447 1.68065 0.0349175 0.096346 1.65639 0.0434325 0.0774171 1.62025 0.030924 0.084569 1.61914 0.057433 0.069592 1.63742 0.06626 0.0504305 1.63781 0.051903 0.065773 1.61984 0.0596035 0.0470307 1.62074 0.01867 0.098913 1.70718 0.018996 0.085922 1.7308 0 0.101603 1.70707 0 0.088259 1.73126 0 0.060205 1.75509 0.018437 0.104628 1.68072 0 0.106818 1.68011 0.017591 0.101649 1.65754 0 0.103778 1.658 0.0161889 0.0891947 1.62083 0 0.0901327 1.61991 0 0.026854 1.76431 0.015829 0.086116 1.60433 0 0.087008 1.60466 0.0303619 0.08285 1.60233 0.043355 0.075127 1.60368 0.0531127 0.0630047 1.59965 0.059479 0.046704 1.60265 0.077672 0.041653 1.66456 0.0708781 0.0338244 1.63363 0.143809 0.0760435 0.537842 0.11791 0.0787291 0.548326 0.0917176 0.0682862 0.543563 0.163098 0.059809 0.529396 0.163979 0.055511 0.544679 0.0752178 0.0405432 0.545384 0.078813 0.0478658 0.511485 0.089444 0.0619012 0.574295 0.11658 0.075211 0.564118 0.116142 0.069573 0.579402 0.143768 0.0678086 0.566593 0.162095 0.049358 0.561053 0.171179 0.0217741 0.550951 0.16184 -0.010644 0.531591 0.151579 -0.044902 0.526774 0.15268 -0.045865 0.551585 0.127799 -0.055579 0.552178 0.129765 -0.053943 0.525072 0.137522 -0.0269871 0.482826 0.112635 -0.0234865 0.477166 0.105274 -0.052185 0.523668 0.0931105 -0.00720755 0.5044 0.089839 -0.017276 0.526695 0.154407 -0.024602 0.502343 0.078057 0.019174 0.514414 0.081687 0.02694 0.496103 0.096367 0.007759 0.456279 0.082742 0.032988 0.468608 0.114054 -0.012244 0.450592 0.140521 -0.012511 0.451145 0.157659 -0.008558 0.483449 0.158837 0.004415 0.45646 0.0768703 0.00877262 0.548452 0.166869 0.00869588 0.50481 0.171329 0.033517 0.520876 0.171103 0.027479 0.467203 0.179287 0.048232 0.476616 0.17293 0.041106 0.502322 0.177888 0.068396 0.484811 0.166431 0.066968 0.510754 0.164344 0.089258 0.489234 0.145102 0.085474 0.517638 0.147694 0.112846 0.466849 0.11906 0.0925184 0.516534 0.168007 0.108708 0.452494 0.0983071 0.105198 0.475397 0.092428 0.078888 0.516679 0.0813742 0.0841362 0.478862 0.0761288 0.0604161 0.465383 0.179434 0.090162 0.460939 0.125096 0.0150713 0.313999 0.107476 0.04353 0.304455 0.129877 0.023411 0.261936 0.112999 0.045839 0.26211 0.092288 0.048536 0.343546 0.08333 0.047381 0.380837 0.074064 0.074655 0.380376 0.083884 0.075927 0.344239 0.146881 0.008264 0.345859 0.157236 0.018553 0.3073 0.157875 0.024839 0.262002 0.132064 0.027204 0.220216 0.158519 0.027951 0.219849 0.172616 0.04553 0.218972 0.173634 0.044773 0.180655 0.159281 0.027246 0.181297 0.16086 0.023776 0.156498 0.176371 0.039285 0.153397 0.164526 0.0119128 0.121836 0.182967 0.0264914 0.11003 0.17367 0.045042 0.261435 0.179749 0.059224 0.180823 0.183906 0.054514 0.150819 0.179742 0.0444043 0.325698 0.166896 0.023174 0.346623 0.189078 0.07059 0.306939 0.197782 0.072342 0.348213 0.189374 0.046094 0.384274 0.202094 0.072387 0.384567 0.195142 0.101955 0.348673 0.198969 0.101218 0.382468 0.188104 0.099541 0.308208 0.186399 0.121765 0.383038 0.17863 0.124945 0.349727 0.164901 0.124027 0.307449 0.154806 0.13713 0.348348 0.132308 0.130225 0.307452 0.127437 0.138542 0.346963 0.101479 0.126116 0.345263 0.102829 0.110336 0.305776 0.085824 0.10181 0.343962 0.089119 0.127374 0.38008 0.076772 0.103958 0.379647 0.097084 0.073606 0.304497 0.111606 0.106307 0.262133 0.137138 0.122226 0.262836 0.181385 0.096628 0.263404 0.181933 0.0689796 0.227777 0.117261 0.101233 0.218824 0.140872 0.117138 0.218802 0.162384 0.111432 0.219213 0.142503 0.11587 0.172349 0.161315 0.108116 0.17515 0.121246 0.098877 0.176936 0.112913 0.072682 0.177952 0.106493 0.0740468 0.253769 0.12586 0.106928 0.151348 0.14323 0.121162 0.11744 0.124391 0.110663 0.102223 0.11569 0.086136 0.118061 0.119779 0.084403 0.095617 0.111148 0.070819 0.14822 0.106874 0.066771 0.116065 0.161581 0.112472 0.122135 0.163448 0.116708 0.101358 0.176593 0.0959029 0.124891 0.179113 0.0895727 0.176128 0.178908 0.0919 0.218206 0.182015 0.0719454 0.178178 0.190157 0.08264 0.124179 0.192859 0.063709 0.125514 0.188943 0.0481155 0.125837 0.143382 0.009166 0.121021 0.137515 0.021444 0.155805 0.121999 0.0306336 0.13665 0.127364 0.024801 0.110627 0.13355 0.027129 0.179267 0.11242 0.051563 0.149832 0.110665 0.045363 0.121498 0.116985 0.047132 0.219037 0.118312 0.046376 0.178074 0.117757 0.041073 0.09921 0.114767 0.064782 0.093084 0.126211 0.018034 0.085475 0.14632 -0.008329 0.102321 0.168144 -0.004939 0.105334 0.190499 0.012755 0.090182 0.192387 0.041342 0.072149 0.115925 0.064833 0.065004 0.189577 0.061149 0.099914 0.186946 0.078195 0.099735 0.177315 0.094666 0.100931 0.189486 0.079675 0.063396 0.168924 0.122431 0.06524 0.142329 0.130621 0.066499 0.120506 0.115415 0.066321 0.0689051 0.0290102 0.625189 0.077791 0.056459 0.662262 0.0857632 0.0596601 0.608694 0.115469 0.0673681 0.597931 0.107588 0.0697852 0.676148 0.13782 0.061636 0.663607 0.140813 0.0628108 0.602841 0.158045 0.043133 0.626192 0.157309 0.039416 0.666055 0.162054 0.0482264 0.581441 0.168907 0.0187796 0.57822 0.161414 -0.012239 0.576735 0.151194 -0.042332 0.577267 0.127738 -0.055155 0.577694 0.167244 -0.0160746 0.611639 0.155904 -0.040169 0.610299 0.128186 -0.054007 0.608424 0.160566 -0.047924 0.639787 0.130059 -0.0668641 0.646988 0.098649 -0.073564 0.630344 0.098239 -0.061914 0.599727 0.094781 -0.053092 0.572974 0.09973 -0.054413 0.549562 0.0814105 -0.0286347 0.570922 0.0697 -0.060888 0.621501 0.06644 -0.073273 0.658497 0.095814 -0.083801 0.667019 0.095167 -0.090166 0.705656 0.0616676 -0.0840322 0.736609 0.0898435 -0.100273 0.769319 0.059471 -0.087275 0.783725 0.0814542 -0.104344 0.851203 0.0564169 -0.0861513 0.829439 0.042544 -0.059659 0.783785 0.0356996 -0.0619293 0.850149 0.0290178 -0.0315676 0.794431 0.052926 -0.086553 0.897176 0.030467 -0.064344 0.889242 0.053166 -0.085609 0.927265 0.03 -0.066546 0.913517 0.078699 -0.102876 0.907078 0.078381 -0.098647 0.94011 0.111176 -0.092603 0.951385 0.115777 -0.099669 0.915478 0.128927 -0.0787603 0.953335 0.0160972 -0.0329611 0.885037 0.0232123 0.000654308 0.842793 0.019453 0.002271 0.886884 0.01693 0.002772 0.907334 0.031503 0.000572 0.784253 0.036262 -0.027785 0.742812 0.039963 0.004873 0.742339 0.043587 -0.018309 0.700999 0.043017 -0.05825 0.743492 0.04514 -0.051678 0.698466 0.050014 -0.040719 0.655003 0.0600533 -0.0022177 0.628176 0.057692 -0.030423 0.618753 0.067625 -0.019353 0.592319 0.06896 0.003453 0.59333 0.0727601 0.0344542 0.577482 0.074718 0.003849 0.572417 0.075793 -0.046726 0.592718 0.034003 0.028149 0.888868 0.0366105 0.0296311 0.839903 0.056712 0.055599 0.894041 0.088436 0.070655 0.932355 0.092262 0.071044 0.901393 0.125554 0.0558379 0.932252 0.0979527 0.0762482 0.836428 0.0588249 0.0597382 0.840336 0.156722 0.0202438 0.896127 0.147037 0.022269 0.950255 0.153515 -0.0193783 0.952951 0.155226 -0.065786 0.875408 0.176065 -0.0249539 0.838181 0.140196 0.0624145 0.837328 0.166656 0.02044 0.834486 0.163663 0.034018 0.797204 0.176393 0.009557 0.798042 0.176266 0.00909255 0.754879 0.183793 -0.023316 0.755739 0.18017 -0.019297 0.712047 0.169779 0.010308 0.671587 0.160688 0.0372586 0.736554 0.166501 0.015281 0.631194 0.17586 -0.026022 0.676459 0.162418 -0.055608 0.675746 0.137609 0.06345 0.708725 0.07184 0.059548 0.708366 0.051371 0.019339 0.704633 0.13991 0.066769 0.753136 0.103241 0.076254 0.751978 0.140002 0.06694 0.794999 0.099897 0.077479 0.792519 0.064602 0.0621307 0.768038 0.0464465 0.0328931 0.75408 0.164314 -0.178348 0.016527 0.197013 -0.173144 0.016677 0.194939 -0.163126 0.034155 0.161654 -0.16846 0.033624 0.215956 -0.124109 0.027602 0.218822 -0.141058 0.012845 0.140253 -0.163042 0.01562 0.144497 -0.156219 0.031403 0.164923 -0.176765 -0.00051 0.144399 -0.165086 -0.001225 0.196438 -0.169444 -0.000232 0.216143 -0.141304 -0.002178 0.190032 -0.13914 0.04361 0.157786 -0.145673 0.043105 0.136743 -0.140872 0.033577 0.21403 -0.093896 0.034652 0.223012 -0.0711309 0.0247826 0.227337 -0.108206 0.012575 0.229803 -0.0692657 0.0103479 0.229075 -0.083853 -0.002477 0.226571 -0.107555 -0.002319 0.208386 -0.0673102 0.0395457 0.226762 -0.048708 0.007455 0.227136 -0.0657631 -0.00287055 0.208267 0.00485984 -0.00337316 0.212941 0.00597118 0.00451672 0.216161 -0.02119 0.0305598 0.20376 -0.043471 0.050526 0.182047 -0.0877366 0.051785 0.17809 -0.062283 0.062858 0.198788 -0.021188 0.063507 0.174041 -0.0359498 0.078573 0.200022 0.043266 -0.004331 0.196791 0.0788475 0.00596365 0.202558 0.043815 0.039595 0.207193 0.013206 0.03921 0.151094 -0.0919278 0.0500052 0.146794 -0.067849 0.059487 0.133519 -0.087982 0.042911 0.133575 -0.058024 0.04965 0.12334 -0.103399 0.031698 0.119395 -0.120929 0.013347 0.115322 -0.101983 0.01155 0.118093 -0.104481 -0.00305887 0.115735 -0.082928 0.009309 0.117743 -0.082936 -0.003138 0.125474 -0.048285 0.004991 0.127359 -0.047594 -0.0031 0.139918 -0.009745 -0.001064 0.132112 -0.00908 0.033192 0.127965 0.029465 0.033018 0.134479 0.034495 -0.000139 0.123023 -0.085152 0.032609 0.127319 -0.047048 0.032996 0.127645 -0.0109895 0.0608567 0.110183 0.073581 0.037001 0.147051 -0.0379106 0.078053 0.1353 -0.040352 0.060428 0.13022 -0.026088 0.047935 0.178894 -0.131302 -0.00506781 0.128241 -0.142633 -0.002066 0.174121 -0.00236923 -0.00460264 0.155509 0.0686357 -0.00433037 0.191211 0.088407 -0.003676 0.142502 0.128807 -0.002578 0.170723 0.12331 -0.002856 0.115061 0.112572 -0.001847 0.116218 0.072469 -0.002482 0.0223555 -0.0936371 1.68797 0 -0.0981204 1.68401 0.0212249 -0.0969303 1.6709 0 -0.088994 1.70819 0.0231169 -0.0836179 1.70846 0 -0.069322 1.73323 0 -0.040024 1.7514 0.028584 -0.062818 1.73002 0.03709 -0.086055 1.68818 0.039502 -0.075551 1.70725 0.041603 -0.057159 1.72609 0.052853 -0.063534 1.70535 0.05411 -0.048606 1.72031 0.054931 -0.027091 1.73295 0.0368692 -0.0343529 1.74216 0.013907 -0.038929 1.74951 0.068098 -0.033917 1.71091 0.070937 -0.015062 1.7218 0.0739295 -0.0246994 1.69719 0 -0.100403 1.65396 0 -0.0994098 1.63342 0.007178 -0.0992858 1.63016 0 -0.1045 1.61576 0.00847072 -0.103289 1.60753 0.00937743 -0.0983694 1.58995 0.0368453 -0.0780399 1.59615 0.016694 -0.00444 1.75972 0 -0.00522 1.76225 0.0708034 -0.03025 1.6213 0.077623 -0.0225745 1.662 0.0761899 -0.0267169 1.68141 0.014537 -0.0248618 1.52798 0.0282533 -0.0134104 1.53597 0.0409492 -0.00223981 1.54677 0.038949 0.002198 1.54277 0.048705 0.0128379 1.55135 0.0290763 -0.00405944 1.52013 0.0248508 -0.0120261 1.53066 0 -0.028383 1.52551 0.013916 -0.021005 1.52541 0 -0.022643 1.51197 0 -0.023965 1.52314 0.108612 -0.086451 1.26398 0.113584 -0.085832 1.30217 0.117311 -0.091274 1.31782 0.0334231 -0.107115 1.31189 0.0276719 -0.104696 1.33818 0.0276321 -0.0991914 1.35509 0.0341971 -0.111979 1.29793 0.034979 -0.116471 1.27944 0 -0.117347 1.28059 0 -0.113527 1.25712 0.142228 0.135547 0.016998 0.174042 0.127714 0.016381 0.113261 0.116706 0.016342 0.108623 0.077228 0.017308 0.173195 0.126308 0.036232 0.114934 0.11695 0.037074 0.195037 0.084879 0.03222 0.192242 0.098671 0.016565 0.126599 -0.142961 0.013914 0.230322 0.133457 1.3597 0.205363 0.13079 1.35181 0.20442 0.141141 1.36813 0.192622 0.135955 1.35231 0.174256 0.145726 1.35744 0.174922 0.136615 1.33081 0.056764 0.072802 1.17574 0.027795 0.071035 1.17623 0 0.0655059 1.18315 0.0419988 0.0785977 1.19553 0 0.0797408 1.21927 0.045959 0.0889486 1.21476 0.0236258 0.112221 1.25661 0 0.117849 1.27605 0.0373868 0.128669 1.28181 0.055606 0.117997 1.25544 0.065617 0.078228 1.19526 0.0721344 0.0984848 1.22553 0.094942 0.072765 1.19609 0.118829 0.059543 1.19396 0.05787 0.152596 1.43398 0.0817 0.148177 1.44537 0.112114 0.14346 1.44343 0.121103 0.14912 1.42344 0.0947551 0.153674 1.41282 0.057985 0.15597 1.40528 0.138125 0.154039 1.41092 0.182321 -0.025167 0.79762 0.167777 -0.059319 0.79127 0.165143 -0.0577489 0.717089 0.146734 -0.089684 0.787176 0.147993 -0.084037 0.749749 0.147057 -0.075495 0.709051 0.126319 -0.088926 0.707207 0.124589 -0.098484 0.747527 0.12295 -0.104122 0.785605 0.120755 -0.105894 0.833683 0.118123 -0.104784 0.872598 0.143466 -0.0915579 0.842289 0.162626 -0.06434 0.836893 0.304884 0.094058 1.25374 0.327368 0.120963 1.26666 0.343618 0.12178 1.29278 0.324968 0.129565 1.30563 0.335912 0.123689 1.31411 0.358355 0.11506 1.29907 0.200946 0.072414 0.408354 0.196104 0.099073 0.407205 0.167047 0.136937 0.382372 0.138605 0.146132 0.38187 0.108699 0.141989 0.380654 0.118242 0.056623 0.004431 -0.667518 -0.0637433 0.999826 -0.648859 -0.057714 1.01525 -0.670694 -0.0629594 0.990661 -0.672376 -0.054839 0.989198 -0.671588 -0.054873 0.998033 -0.664267 -0.0705205 0.991699 -0.634834 -0.064295 0.996111 -0.624 -0.061039 1.02197 -0.624114 -0.063267 0.998149 -0.655561 -0.0731373 0.983743 -0.635457 -0.056752 0.981369 -0.651221 -0.0682688 0.975048 -0.651551 -0.0559537 0.97256 -0.661967 -0.051765 0.96722 -0.656257 -0.047059 0.972446 -0.642043 -0.036841 0.976658 -0.657402 -0.0396901 0.972399 -0.658633 -0.0263094 0.970467 -0.667052 -0.042012 0.980986 -0.666066 -0.044768 0.981843 -0.66851 -0.018212 0.966793 -0.662529 -0.01449 0.971598 -0.665296 -0.037576 0.966633 -0.673103 -0.041485 0.975038 -0.679343 -0.016339 0.974764 -0.673149 -0.0115361 0.981541 -0.698105 -0.0191884 0.95222 -0.688963 -0.0210531 0.944662 -0.684248 -0.0312269 0.943258 -0.701445 -0.0242801 0.924534 -0.697279 -0.0336153 0.923137 -0.685564 -0.0416218 0.943972 -0.696718 -0.0433451 0.924717 -0.697227 -0.045758 0.946742 -0.707863 -0.0498293 0.928007 -0.711731 -0.0222001 0.93016 -0.690221 -0.0453778 0.95543 -0.719543 -0.0234707 0.919434 -0.713938 -0.0268644 0.908428 -0.709416 -0.0360605 0.906593 -0.707123 -0.045845 0.910252 -0.720122 -0.0459687 0.900198 -0.721317 -0.0516418 0.908726 -0.728091 -0.027101 0.906399 -0.72374 -0.038895 0.897403 -0.730641 -0.040387 0.897081 -0.731894 -0.031442 0.899062 -0.725981 -0.032048 0.898455 -0.72762 -0.048657 0.899614 -0.638381 -0.024037 1.05227 -0.663497 -0.0375379 1.01472 -0.63391 -0.0468649 1.03628 -0.648361 -0.0024139 1.04846 -0.640191 0.0233553 1.05544 -0.66704 0.0180859 1.01677 -0.625643 0.00617057 1.08061 -0.615452 -0.056568 1.03632 -0.623834 0.027446 1.07609 -0.605552 0.0425839 1.06855 -0.62874 0.03569 1.05851 -0.591775 0.0433448 1.05774 -0.616821 0.043846 1.04426 -0.640121 0.036582 1.03932 -0.585328 0.0381829 1.04336 -0.607941 0.046728 1.03475 -0.636484 0.0451467 1.02689 -0.655939 0.0361824 1.02204 -0.643003 0.047537 1.00196 -0.622687 0.0481 1.01791 -0.613662 0.041575 1.0098 -0.597582 0.040849 1.02462 -0.591705 0.027572 1.01989 -0.607917 0.025727 1.00648 -0.628866 0.040124 0.999425 -0.582113 0.027166 1.03879 -0.628989 0.021837 0.998899 -0.676856 0.032197 1.00081 -0.673048 0.0415715 0.995522 -0.645565 0.0394905 0.983641 -0.637841 0.020508 0.989959 -0.669222 0.045379 0.976768 -0.661231 0.042058 0.973413 -0.658845 0.0320348 0.97359 -0.648654 0.019181 0.978874 -0.677322 0.0436452 0.980122 -0.69471 0.0393661 0.962993 -0.691005 0.0474978 0.960555 -0.693869 0.0302293 0.960823 -0.683528 0.0484381 0.954803 -0.676714 0.0454731 0.950727 -0.685826 0.0253419 0.956752 -0.700577 0.0413176 0.945959 -0.700568 0.051404 0.93666 -0.703972 0.0325401 0.937634 -0.690416 0.0519926 0.936793 -0.683334 0.0477604 0.934134 -0.674743 0.0360896 0.949994 -0.682038 0.0389795 0.931386 -0.678989 0.0276146 0.949593 -0.687241 0.0308062 0.931141 -0.696296 0.0280508 0.932873 -0.705796 0.043103 0.934366 -0.700524 0.0528847 0.917084 -0.707724 0.0347111 0.926538 -0.694225 0.0499511 0.91596 -0.692604 0.0424208 0.913711 -0.697706 0.0346121 0.914008 -0.704799 0.0328061 0.916604 -0.710459 0.0517623 0.912183 -0.712881 0.0459424 0.910819 -0.71304 0.039241 0.910407 -0.706906 0.045499 0.907112 -0.705365 0.05134 0.91007 -0.707737 0.037892 0.908195 -0.600193 -0.0171742 1.00851 -0.581958 -0.036553 1.01153 -0.595405 -0.038434 0.999617 -0.621096 -0.036478 0.996466 -0.61733 -0.049433 0.995317 -0.627515 -0.051071 0.989732 -0.634303 -0.032407 0.987195 -0.648734 -0.009 0.977397 -0.660137 -0.00858689 0.972417 -0.660897 0.00524546 0.970479 -0.673405 -0.00885409 0.979435 -0.663525 0.0163292 0.971128 -0.667846 -0.004619 0.967011 -0.672373 0.0178506 0.978743 -0.692768 0.0164595 0.95264 -0.684888 0.0141213 0.946419 -0.681272 0.00435985 0.946548 -0.684952 -0.00528351 0.946118 -0.691285 -0.00827109 0.954343 -0.695526 -0.00582727 0.924737 -0.690298 0.003842 0.926913 -0.695531 0.0127881 0.924602 -0.704154 -0.009608 0.929328 -0.704399 0.0171191 0.930329 -0.695154 0.00352823 0.921433 -0.712155 0.0173078 0.916533 -0.704371 0.012563 0.909302 -0.704883 0.00457906 0.905991 -0.714933 0.0120436 0.901 -0.708272 -0.00409204 0.905522 -0.716071 -0.007807 0.907951 -0.722231 0.0124349 0.898876 -0.715778 0.004856 0.897384 -0.722453 0.004423 0.896284 -0.721778 -0.002676 0.898545 -0.709456 -0.010346 0.921303 -0.683156 0.00317304 0.999086 -0.671104 -0.009973 1.0148 -0.681236 0.011503 0.998203 -0.683044 -0.028954 1.00076 -0.682383 -0.020976 0.999011 -0.680519 -0.035856 0.999627 -0.670286 -0.04416 0.996965 -0.680527 -0.0379948 0.989309 -0.702309 -0.0444204 0.959774 -0.698615 -0.03264 0.969759 -0.708031 -0.034076 0.960045 -0.707097 -0.0235941 0.958143 -0.698073 -0.022964 0.967654 -0.72133 -0.0377021 0.93564 -0.722675 -0.0276791 0.930947 -0.716137 -0.0476959 0.9359 -0.728029 -0.0494083 0.915501 -0.7351 -0.0315947 0.909646 -0.73587 -0.0412536 0.910005 -0.738105 -0.041898 0.900543 -0.738079 -0.033546 0.901674 -0.734243 -0.04941 0.9021 -0.683163 -0.00334304 0.987712 -0.676841 -0.010864 0.998913 -0.700641 -0.00589645 0.959522 -0.696737 0.004357 0.968628 -0.705267 0.00468871 0.958026 -0.700948 0.0137548 0.958682 -0.716238 0.00447831 0.936308 -0.715208 0.0148738 0.931938 -0.707494 -0.00568326 0.944855 -0.714787 -0.006858 0.933023 -0.728546 0.00390757 0.90688 -0.718785 -0.00595565 0.922393 -0.727673 0.0111567 0.899623 -0.726455 -0.004585 0.905938 -0.728788 0.004236 0.898078 -0.726988 -0.002589 0.899214 -0.677808 0.02722 0.990965 -0.674736 0.019576 0.99499 -0.679695 0.027682 0.981299 -0.679081 0.0355936 0.98763 -0.681995 0.0141059 0.986699 -0.685104 0.00540981 0.987705 -0.684285 -0.0204101 0.987993 -0.68523 -0.0295499 0.987752 -0.670025 -0.0784507 0.951219 -0.670105 -0.067897 0.949226 -0.677328 -0.0601603 0.949068 -0.685692 -0.0600304 0.955966 -0.686902 -0.0677653 0.928411 -0.682318 -0.0758558 0.927084 -0.681185 -0.0864909 0.929511 -0.673621 -0.0825369 0.961647 -0.689787 -0.0943085 0.932261 -0.698418 -0.0680583 0.933333 -0.690394 -0.0883841 0.951703 -0.698368 -0.0808611 0.947515 -0.692635 -0.0659999 0.961695 -0.706401 -0.0753299 0.934733 -0.705486 -0.0859058 0.936025 -0.698954 -0.094821 0.93678 -0.690174 -0.0748979 0.965919 -0.679116 -0.0591086 0.977782 -0.683257 -0.083592 0.966325 -0.666721 -0.048071 0.97987 -0.716614 -0.0931493 0.90726 -0.717681 -0.0858738 0.907053 -0.702958 -0.0964066 0.926517 -0.70557 -0.07317 0.917678 -0.710492 -0.077742 0.909509 -0.698506 -0.0981387 0.917129 -0.701831 -0.0952481 0.904844 -0.688832 -0.09105 0.914825 -0.691928 -0.082575 0.910749 -0.696871 -0.0754079 0.91066 -0.710966 -0.091448 0.902661 -0.71302 -0.08321 0.903486 -0.706809 -0.098453 0.9052 -0.712411 -0.099113 0.90844 -0.704837 -0.08895 0.902518 -0.707964 -0.082705 0.902665 -0.700357 0.044461 0.907771 -0.700852 0.050021 0.909773 -0.587757 -0.087294 1.00933 -0.590844 -0.078327 1.01937 -0.600883 -0.079673 1.01737 -0.59739 -0.088832 1.00783 -0.578574 -0.081187 1.0067 -0.580529 -0.07144 1.01684 -0.607434 -0.077561 1.00775 -0.604371 -0.085688 1.00079 -0.578092 -0.074194 0.9976 -0.580044 -0.063499 1.00684 -0.582742 -0.0738609 0.982903 -0.588982 -0.0588304 0.996484 -0.595867 -0.0772817 0.978905 -0.601365 -0.064266 0.99343 -0.605422 -0.083292 0.984422 -0.608453 -0.070288 0.997698 -0.595715 -0.101768 0.998473 -0.603805 -0.0972613 0.990277 -0.57237 -0.0834066 0.986879 -0.582999 -0.0993605 1.00036 -0.573042 -0.090737 0.999277 -0.580802 -0.107073 0.986629 -0.594084 -0.109211 0.986239 -0.570481 -0.095721 0.991358 -0.601657 -0.103861 0.979122 -0.570074 -0.090976 0.975923 -0.579361 -0.083459 0.969701 -0.59319 -0.085114 0.968628 -0.603432 -0.093213 0.972433 -0.595939 -0.114157 0.96747 -0.59145 -0.112123 0.958161 -0.587293 -0.100557 0.957494 -0.583433 -0.110908 0.954611 -0.589972 -0.11966 0.960371 -0.579985 -0.118287 0.956736 -0.576247 -0.107438 0.955916 -0.571569 -0.111824 0.957983 -0.576943 -0.098431 0.959389 -0.569485 -0.10269 0.964207 -0.568948 -0.117298 0.963803 -0.576291 -0.123341 0.964735 -0.585761 -0.124601 0.965901 -0.611518 -0.071159 1.01738 -0.599907 -0.072391 1.03269 -0.589284 -0.070643 1.03228 -0.607066 -0.0557 1.0434 -0.59468 -0.053411 1.04405 -0.582693 -0.050843 1.03958 -0.581119 -0.065646 1.02812 -0.57827 -0.05153 1.01495 -0.574794 -0.038937 1.02544 -0.608073 -0.056016 0.994709 -0.616066 -0.065774 0.999461 -0.585105 -0.039696 1.05017 -0.599711 -0.037525 1.05544 -0.577312 -0.028304 1.03545 -0.613483 -0.037023 1.05661 -0.603548 -0.026239 1.07047 -0.623167 -0.0191085 1.07031 -0.589388 -0.031021 1.06166 -0.580025 -0.026133 1.0718 -0.572855 -0.020045 1.06306 -0.579872 -0.022425 1.05089 -0.58699 -0.011841 1.02457 -0.395456 0.118025 1.26069 -0.394148 0.104743 1.27265 -0.387796 0.122619 1.23468 -0.363761 0.115566 1.22651 -0.379671 0.103251 1.2884 -0.374096 0.0936426 1.20098 -0.341258 0.104351 1.235 -0.349686 0.084789 1.22441 -0.362121 0.0744499 1.20728 -0.34404 0.0709363 1.22398 -0.360346 0.0486601 1.20954 -0.342977 0.0515722 1.22568 -0.341902 0.116905 1.24918 -0.349778 0.120666 1.2654 -0.324056 0.110102 1.24962 -0.331108 0.088563 1.23826 -0.310263 0.0723388 1.24658 -0.316752 0.0540963 1.24428 -0.276636 0.054986 1.26847 -0.276207 0.0849546 1.26793 -0.248096 0.0858628 1.2864 -0.224478 0.071558 1.30656 -0.20972 0.0911673 1.31933 -0.25053 0.053534 1.28877 -0.225871 0.053771 1.30941 -0.210571 0.051333 1.32234 -0.247762 0.106092 1.28727 -0.274523 0.10535 1.2701 -0.251422 0.122975 1.29251 -0.274877 0.119851 1.27626 -0.285316 0.131032 1.28473 -0.260439 0.135238 1.30347 -0.224276 0.122517 1.31683 -0.234145 0.133564 1.32583 -0.275388 0.138737 1.32276 -0.2484 0.137121 1.34462 -0.298543 0.135038 1.30446 -0.21553 0.107373 1.31719 -0.296797 0.110897 1.26175 -0.307121 0.134338 1.32186 -0.27896 0.135956 1.34443 -0.316666 0.127677 1.33336 -0.289729 0.128145 1.35606 -0.305422 0.109735 1.36323 -0.325846 0.109924 1.34569 -0.203776 0.120431 1.33779 -0.201425 0.109339 1.33085 -0.199462 0.091679 1.32706 -0.199691 0.070198 1.32774 -0.199089 0.046732 1.32873 -0.328542 0.087462 1.35017 -0.300237 0.032624 1.35646 -0.336271 0.0375488 1.32898 -0.271109 0.0115137 1.35429 -0.315008 0.012539 1.32373 -0.341326 0.013569 1.30577 -0.353658 0.063041 1.32505 -0.348244 0.085012 1.32816 -0.365355 0.082405 1.31399 -0.346531 0.10438 1.32472 -0.363572 0.097524 1.30844 -0.385278 0.0820584 1.30158 -0.374927 0.115119 1.27944 -0.384892 0.0637577 1.30034 -0.37498 0.0430041 1.29663 -0.370721 0.02048 1.28022 -0.359091 0.015716 1.29111 -0.36057 0.009802 1.26273 -0.340461 0.0059446 1.27894 -0.344511 0.0156197 1.23783 -0.328221 0.01327 1.24445 -0.337331 0.033511 1.23107 -0.309463 0.0348452 1.24466 -0.381089 0.025367 1.26797 -0.387232 0.0270837 1.24252 -0.372665 0.029498 1.22693 -0.393405 0.032138 1.25441 -0.400809 0.042747 1.27594 -0.388866 0.043709 1.28543 -0.351291 0.034889 1.22538 -0.364783 0.035022 1.21718 -0.381705 0.027029 1.21831 -0.405555 0.124893 1.22247 -0.393034 0.122148 1.20546 -0.397322 0.103973 1.18726 -0.454045 0.0094704 1.22112 -0.455032 0.028946 1.24728 -0.430543 0.009458 1.2061 -0.477104 0.024921 1.23104 -0.449699 3.8e-05 1.19115 -0.433964 -0.000829 1.17157 -0.462129 0.046133 1.2555 -0.484957 0.041144 1.23682 -0.485333 0.000637 1.19617 -0.499314 0.023903 1.21061 -0.518618 -0.00323691 1.16684 -0.491175 -0.009485 1.15806 -0.469387 -0.006141 1.17588 -0.475243 -0.006455 1.13944 -0.454429 -0.006029 1.15539 -0.443466 0.00658 1.13779 -0.442162 0.027172 1.12983 -0.538004 0.0135976 1.16841 -0.422922 0.009734 1.15128 -0.421537 0.030387 1.1388 -0.513642 0.0474598 1.20703 -0.488983 0.057553 1.23711 -0.462384 0.0621493 1.25897 -0.466608 0.0740437 1.25005 -0.487755 0.072323 1.22991 -0.488461 0.085397 1.2193 -0.465237 0.092169 1.23547 -0.462031 0.102843 1.22436 -0.492961 0.0939078 1.20203 -0.489583 0.102917 1.18268 -0.478495 0.106069 1.16543 -0.523696 0.0879331 1.15292 -0.507502 0.0934159 1.14107 -0.490802 0.091629 1.12975 -0.451095 0.0845376 1.13556 -0.468018 0.100436 1.14677 -0.527238 0.078485 1.17134 -0.52068 0.0617787 1.19524 -0.509615 0.076626 1.20144 -0.211085 0.0317495 1.32429 -0.272833 0.0359717 1.26879 -0.239558 0.0157918 1.31032 -0.302003 0.0135782 1.26002 -0.266455 0.005834 1.3094 -0.291519 0.004196 1.29 -0.281229 0.008431 1.32745 -0.305161 0.004461 1.30841 -0.228818 0.00677025 1.34583 -0.241233 0.005443 1.36072 -0.221687 0.002949 1.35652 -0.202057 0.006143 1.3506 -0.216196 0.013988 1.33321 -0.193464 0.023181 1.33948 -0.187525 0.009752 1.34764 -0.256636 0.042216 1.44106 -0.25979 0.068738 1.44102 -0.238684 0.043458 1.45556 -0.243177 0.070473 1.45521 -0.218691 0.04543 1.4632 -0.222252 0.071743 1.46467 -0.207947 0.019275 1.45802 -0.227544 0.014841 1.44956 -0.192912 -0.000174 1.44501 -0.209902 -0.005303 1.43305 -0.253316 0.10114 1.43434 -0.236419 0.102889 1.4513 -0.21703 0.100751 1.46196 -0.197729 0.047671 1.46541 -0.187332 0.026302 1.46148 -0.195486 0.075386 1.46593 -0.193372 0.0963666 1.4642 -0.18764 0.118798 1.45909 -0.161333 0.11128 1.46091 -0.173761 0.137247 1.44657 -0.154503 0.148061 1.42952 -0.204294 0.124057 1.45531 -0.189978 0.1405 1.43854 -0.224655 0.127389 1.44056 -0.206146 0.141733 1.42472 -0.16939 0.150647 1.41528 -0.238581 0.127602 1.42243 -0.245918 0.016676 1.43444 -0.233954 0.001596 1.42302 -0.183697 -0.0239764 1.40767 -0.172062 -0.0151861 1.42676 -0.154812 -0.027115 1.41548 -0.143179 -0.0524767 1.39149 -0.140864 -0.0683263 1.3664 -0.140329 -0.076385 1.33843 -0.135027 -0.078089 1.321 -0.117277 -0.080744 1.36208 -0.122068 -0.088304 1.33518 -0.094761 -0.088282 1.36057 -0.098316 -0.096929 1.33605 -0.0650748 -0.0943676 1.35898 -0.0672763 -0.102012 1.3382 -0.0609657 -0.10544 1.32359 -0.0649617 -0.104266 1.3056 -0.0887206 -0.0984596 1.30188 -0.093487 -0.100578 1.31932 -0.092796 -0.0988364 1.26819 -0.076168 -0.10737 1.26961 -0.057002 -0.113291 1.27492 -0.0469607 -0.110705 1.24837 -0.0621408 -0.105685 1.23329 -0.0777413 -0.0974306 1.22575 -0.0998349 -0.0884058 1.23975 -0.0755393 -0.0928794 1.1987 -0.0540469 -0.102599 1.18144 -0.0692821 -0.0937053 1.16057 -0.0489572 -0.101216 1.13102 -0.0598577 -0.0955895 1.0866 -0.0333168 -0.103676 1.10835 -0.0310871 -0.105165 1.15324 -0.0309824 -0.107118 1.01538 -0.0584299 -0.0988687 1.01351 -0.0316334 -0.109203 1.20313 -0.0822145 -0.0869062 1.01797 -0.10553 -0.069736 1.04756 -0.126121 -0.046597 1.0543 -0.140097 -0.0144327 1.0387 -0.128692 -0.0500868 1.02767 -0.105253 -0.072289 1.02145 -0.145165 -0.015263 1.00751 -0.148703 -0.016431 0.983346 -0.134728 -0.057732 0.982885 -0.106524 -0.078942 0.995211 -0.109274 -0.085069 0.975575 -0.0784646 -0.0873215 0.983809 -0.07855 -0.092395 0.964356 -0.052193 -0.086545 0.954757 -0.028681 -0.106038 0.972775 -0.025898 -0.099385 0.946185 -0.014562 -0.073736 0.920134 -0.027009 -0.071177 0.92246 -0.00811 -0.03125 0.911629 -0.015248 -0.03142 0.910489 -0.014124 0.003802 0.915447 -0.00643 0.003935 0.919135 -0.0260608 0.114665 1.50204 -0.020849 0.09957 1.52826 -0.008061 0.098533 1.52748 -0.031273 0.140511 1.46035 -0.033635 0.14972 1.43438 -0.03439 0.154821 1.4048 -0.050413 0.126474 1.48585 -0.054286 0.142692 1.46035 -0.0900509 0.1376 1.46266 -0.04604 0.108476 1.50733 -0.039037 0.09407 1.52935 -0.0818373 0.117648 1.48717 -0.0642691 0.0917999 1.51105 -0.135197 0.106131 1.47307 -0.0908452 0.0763747 1.49942 -0.145409 0.0819118 1.47451 -0.122692 0.127452 1.46397 -0.147263 0.130388 1.44843 -0.168827 0.081549 1.46624 -0.16461 0.058761 1.46514 -0.145314 0.059801 1.47107 -0.118047 0.0600453 1.48303 -0.153602 0.0373341 1.45865 -0.150754 0.00745241 1.44621 -0.173057 0.007526 1.45062 -0.157458 -0.00680701 1.43759 -0.144865 -0.015236 1.42976 -0.124197 -0.0287071 1.42601 -0.132323 -0.0423826 1.40964 -0.0968717 -0.0411433 1.42166 -0.103815 -0.0560183 1.40485 -0.0498529 -0.0683639 1.39839 -0.027826 -0.0541822 1.41328 -0.0904969 -0.0252451 1.43643 -0.0192039 -0.0384387 1.42456 -0.0243169 -0.0851819 1.37622 -0.037099 -0.036378 1.42837 -0.0596455 -0.0820149 1.37994 -0.105692 -0.0709175 1.38439 -0.0202967 -0.0263944 1.4291 -0.074372 -0.018559 1.43683 -0.0353661 -0.0146777 1.4388 -0.0191268 -0.017783 1.44073 -0.0138078 -0.00914512 1.46461 -0.010825 -0.01176 1.47919 -0.012584 -0.017122 1.49705 -0.017184 -0.007917 1.48049 -0.019316 -0.010565 1.49925 -0.033685 -0.008538 1.44964 -0.052658 -0.003442 1.4544 -0.070735 -0.006952 1.445 -0.103413 -0.00530489 1.4418 -0.114302 -0.0136215 1.43969 -0.133 0.00355179 1.44252 -0.1378 0.041602 1.46472 -0.111015 0.0416088 1.47482 -0.121266 0.0160643 1.45065 -0.0735532 0.0563132 1.50497 -0.07211 0.071384 1.51063 -0.055417 0.080262 1.52985 -0.064787 0.067061 1.51857 -0.061087 0.064468 1.52983 -0.085356 0.040586 1.4863 -0.068919 0.039313 1.49628 -0.0616576 0.0215823 1.48241 -0.0717341 0.0169794 1.4684 -0.0853456 0.0138686 1.45774 -0.107553 0.0189647 1.45591 -0.094016 0.004655 1.44666 -0.0389105 -0.00187789 1.47149 -0.02475 -0.00655058 1.47901 -0.054577 0.023053 1.49742 -0.062908 0.044556 1.5113 -0.059434 0.045029 1.52589 -0.055277 0.029413 1.52041 -0.024981 -0.004854 1.50228 -0.032944 -0.000414 1.50502 -0.04306 0.005897 1.48722 -0.044359 0.009734 1.51236 -0.0199541 0.139531 1.31191 -0.04082 0.151129 1.34243 -0.0543109 0.142834 1.31346 -0.0797356 0.134099 1.28828 -0.082837 0.118841 1.25779 -0.11564 0.121651 1.27098 -0.113795 0.139567 1.29744 -0.101181 0.150498 1.31945 -0.113427 0.158685 1.35054 -0.0748422 0.155052 1.34337 -0.129355 0.152806 1.32858 -0.137885 0.139612 1.30621 -0.147944 0.152297 1.33929 -0.157228 0.138879 1.31813 -0.149158 0.154869 1.36414 -0.144682 0.11285 1.27632 -0.141869 0.095809 1.25435 -0.175393 0.12321 1.3173 -0.169302 0.106061 1.29597 -0.162171 0.091724 1.27311 -0.190419 0.109257 1.32697 -0.196066 0.0664808 1.31799 -0.191951 0.037769 1.32169 -0.184856 0.0358778 1.30697 -0.171214 0.049082 1.26646 -0.195692 0.122233 1.33977 -0.178016 0.0847521 1.29153 -0.174136 0.031978 1.27745 -0.159084 0.069746 1.252 -0.132984 0.074353 1.22307 -0.154761 0.0523736 1.23418 -0.106884 0.0986857 1.23353 -0.157467 0.0188293 1.24135 -0.148266 0.012818 1.21926 -0.136357 0.036965 1.19499 -0.141861 0.006422 1.19768 -0.131114 0.030794 1.17533 -0.138718 -0.00197382 1.16587 -0.132118 0.0227472 1.13725 -0.108019 0.0467807 1.15496 -0.110377 0.050913 1.175 -0.087403 0.063604 1.17614 -0.0832258 0.0600196 1.15383 -0.109839 0.043668 1.11637 -0.082751 0.05927 1.11866 -0.109715 0.044449 1.09398 -0.08316 0.061468 1.09625 -0.05473 0.067588 1.11969 -0.055104 0.071229 1.09677 -0.130543 0.0172489 1.09218 -0.0550982 0.0678042 1.14694 -0.025168 0.065648 1.12026 -0.0274677 0.0814751 1.07963 -0.0241381 0.0651072 1.14532 -0.11527 0.05091 1.0661 -0.088207 0.072477 1.0677 -0.057357 0.083163 1.06854 -0.1168 0.055986 1.03543 -0.134458 0.023489 1.03502 -0.13605 0.028358 0.998505 -0.116103 0.06161 1.00379 -0.108393 0.0686076 0.976902 -0.08691 0.08323 0.976998 -0.09023 0.086301 1.00616 -0.050547 0.089814 0.975987 -0.05627 0.099152 1.00834 -0.027136 0.100618 1.00987 -0.052898 0.062412 0.942225 -0.090612 0.080961 1.03579 -0.058277 0.093913 1.03824 -0.02842 0.096445 1.03946 -0.028813 0.032944 0.929712 -0.030364 0.031268 0.922619 -0.053829 0.057139 0.932734 -0.08682 0.068896 0.945823 -0.117848 0.056119 0.95545 -0.140788 0.02497 0.972478 -0.133554 0.020626 1.0636 -0.175125 0.0159384 1.31517 -0.182952 0.017389 1.3324 -0.167122 -0.0227603 1.33409 -0.161704 -0.0132226 1.2869 -0.156165 -0.0341883 1.2973 -0.144945 -0.0412915 1.26447 -0.151073 -0.0173762 1.25457 -0.162045 0.00623182 1.27092 -0.177971 -0.0359576 1.34014 -0.156538 -0.039462 1.32337 -0.135209 -0.0583604 1.26916 -0.131104 -0.0444806 1.22568 -0.131211 -0.024758 1.20113 -0.110743 -0.058885 1.18386 -0.128631 -0.0317666 1.17173 -0.200027 -0.028652 1.36573 -0.200177 -0.009267 1.35069 -0.217087 -0.01259 1.36468 -0.016862 0.092441 1.54752 -0.0159056 0.087544 1.57385 -0.0332748 0.0869192 1.55897 -0.0457869 0.0755411 1.57434 -0.0578121 0.062703 1.55302 -0.0593625 0.0449674 1.57441 -0.056484 0.026162 1.56109 -0.0604237 0.02756 1.60002 -0.0540301 0.0128375 1.58198 -0.0584831 0.0143432 1.59872 -0.0525796 0.0128989 1.56555 -0.0550049 0.00317256 1.55878 -0.059646 -0.000947 1.56115 -0.0540198 -0.0197283 1.55043 -0.0444375 -0.0224494 1.5423 -0.0626812 -0.00472899 1.56657 -0.0625357 0.00404452 1.56903 -0.0682211 -0.0113341 1.59565 -0.049751 0.007877 1.55814 -0.054783 -0.029593 1.55895 -0.0419185 -0.0421254 1.53802 -0.0291391 -0.0425476 1.53007 -0.0200336 -0.0639816 1.52305 -0.0282768 -0.0644036 1.52946 -0.020405 -0.072116 1.52634 -0.0375556 -0.0545313 1.53873 -0.0096327 -0.067337 1.52 -0.0102335 -0.0772887 1.52495 -0.0209211 -0.0751876 1.53381 -0.030751 -0.073156 1.56176 -0.0184499 -0.0929903 1.59195 -0.0109169 -0.0848952 1.54985 -0.0472597 -0.044943 1.55501 -0.0462496 -0.0688872 1.59932 -0.0618399 -0.0415034 1.59965 -0.0707155 0.00710464 1.59969 -0.0776133 0.00333972 1.61591 -0.0797103 0.0194371 1.619 -0.075998 0.018905 1.61069 -0.0635824 0.0277834 1.6133 -0.0820214 0.0183518 1.64494 -0.0823398 0.00867928 1.64298 -0.0803185 0.000519846 1.63561 -0.0781237 0.0322207 1.64951 -0.0777397 0.0253164 1.61892 -0.0810237 0.00599158 1.68697 -0.081633 0.023961 1.67717 -0.079338 0.025929 1.70123 -0.074118 0.025641 1.72589 -0.073218 0.002368 1.72615 -0.058224 0.02463 1.74288 -0.057197 -0.000559 1.74074 -0.035967 -0.003718 1.7527 -0.038976 0.024911 1.7554 -0.077604 0.042876 1.69351 -0.058077 0.050673 1.73613 -0.038745 0.055446 1.74816 -0.036807 0.080128 1.72909 -0.055695 0.069838 1.72329 -0.0729 0.045814 1.71968 -0.068453 0.063079 1.71042 -0.053299 0.084532 1.7027 -0.064216 0.075162 1.69665 -0.07219 0.060294 1.68553 -0.064613 0.074326 1.68009 -0.036086 0.093467 1.7068 -0.05207 0.08902 1.67989 -0.049578 0.087466 1.6575 -0.0644556 0.0686177 1.65872 -0.035928 0.099447 1.68065 -0.0349175 0.096346 1.65639 -0.0434325 0.0774171 1.62025 -0.030924 0.084569 1.61914 -0.057433 0.069592 1.63742 -0.06626 0.0504305 1.63781 -0.051903 0.065773 1.61984 -0.0596035 0.0470307 1.62074 -0.01867 0.098913 1.70718 -0.018996 0.085922 1.7308 -0.019513 0.059154 1.75312 -0.018437 0.104628 1.68072 -0.017591 0.101649 1.65754 -0.0161889 0.0891947 1.62083 -0.01857 0.026138 1.76188 -0.015829 0.086116 1.60433 -0.0303619 0.08285 1.60233 -0.043355 0.075127 1.60368 -0.0531127 0.0630047 1.59965 -0.059479 0.046704 1.60265 -0.077672 0.041653 1.66456 -0.0708781 0.0338244 1.63363 -0.143809 0.0760435 0.537842 -0.11791 0.0787291 0.548326 -0.0917176 0.0682862 0.543563 -0.163098 0.059809 0.529396 -0.163979 0.055511 0.544679 -0.0752178 0.0405432 0.545384 -0.078813 0.0478658 0.511485 -0.089444 0.0619012 0.574295 -0.11658 0.075211 0.564118 -0.116142 0.069573 0.579402 -0.143768 0.0678086 0.566593 -0.162095 0.049358 0.561053 -0.171179 0.0217741 0.550951 -0.16184 -0.010644 0.531591 -0.151579 -0.044902 0.526774 -0.15268 -0.045865 0.551585 -0.127799 -0.055579 0.552178 -0.129765 -0.053943 0.525072 -0.137522 -0.0269871 0.482826 -0.112635 -0.0234865 0.477166 -0.105274 -0.052185 0.523668 -0.0931105 -0.00720755 0.5044 -0.089839 -0.017276 0.526695 -0.154407 -0.024602 0.502343 -0.078057 0.019174 0.514414 -0.081687 0.02694 0.496103 -0.096367 0.007759 0.456279 -0.082742 0.032988 0.468608 -0.114054 -0.012244 0.450592 -0.140521 -0.012511 0.451145 -0.157659 -0.008558 0.483449 -0.158837 0.004415 0.45646 -0.0768703 0.00877262 0.548452 -0.166869 0.00869588 0.50481 -0.171329 0.033517 0.520876 -0.171103 0.027479 0.467203 -0.179287 0.048232 0.476616 -0.17293 0.041106 0.502322 -0.177888 0.068396 0.484811 -0.166431 0.066968 0.510754 -0.164344 0.089258 0.489234 -0.145102 0.085474 0.517638 -0.147694 0.112846 0.466849 -0.11906 0.0925184 0.516534 -0.168007 0.108708 0.452494 -0.0983071 0.105198 0.475397 -0.092428 0.078888 0.516679 -0.0813742 0.0841362 0.478862 -0.0761288 0.0604161 0.465383 -0.179434 0.090162 0.460939 -0.125096 0.0150713 0.313999 -0.107476 0.04353 0.304455 -0.129877 0.023411 0.261936 -0.112999 0.045839 0.26211 -0.092288 0.048536 0.343546 -0.08333 0.047381 0.380837 -0.074064 0.074655 0.380376 -0.083884 0.075927 0.344239 -0.146881 0.008264 0.345859 -0.157236 0.018553 0.3073 -0.157875 0.024839 0.262002 -0.132064 0.027204 0.220216 -0.158519 0.027951 0.219849 -0.172616 0.04553 0.218972 -0.173634 0.044773 0.180655 -0.159281 0.027246 0.181297 -0.16086 0.023776 0.156498 -0.176371 0.039285 0.153397 -0.164526 0.0119128 0.121836 -0.182967 0.0264914 0.11003 -0.17367 0.045042 0.261435 -0.179749 0.059224 0.180823 -0.183906 0.054514 0.150819 -0.179742 0.0444043 0.325698 -0.166896 0.023174 0.346623 -0.189078 0.07059 0.306939 -0.197782 0.072342 0.348213 -0.189374 0.046094 0.384274 -0.202094 0.072387 0.384567 -0.195142 0.101955 0.348673 -0.198969 0.101218 0.382468 -0.188104 0.099541 0.308208 -0.186399 0.121765 0.383038 -0.17863 0.124945 0.349727 -0.164901 0.124027 0.307449 -0.154806 0.13713 0.348348 -0.132308 0.130225 0.307452 -0.127437 0.138542 0.346963 -0.101479 0.126116 0.345263 -0.102829 0.110336 0.305776 -0.085824 0.10181 0.343962 -0.089119 0.127374 0.38008 -0.076772 0.103958 0.379647 -0.097084 0.073606 0.304497 -0.111606 0.106307 0.262133 -0.137138 0.122226 0.262836 -0.181385 0.096628 0.263404 -0.181933 0.0689796 0.227777 -0.117261 0.101233 0.218824 -0.140872 0.117138 0.218802 -0.162384 0.111432 0.219213 -0.142503 0.11587 0.172349 -0.161315 0.108116 0.17515 -0.121246 0.098877 0.176936 -0.112913 0.072682 0.177952 -0.106493 0.0740468 0.253769 -0.12586 0.106928 0.151348 -0.14323 0.121162 0.11744 -0.124391 0.110663 0.102223 -0.11569 0.086136 0.118061 -0.119779 0.084403 0.095617 -0.111148 0.070819 0.14822 -0.106874 0.066771 0.116065 -0.161581 0.112472 0.122135 -0.163448 0.116708 0.101358 -0.176593 0.0959029 0.124891 -0.179113 0.0895727 0.176128 -0.178908 0.0919 0.218206 -0.182015 0.0719454 0.178178 -0.190157 0.08264 0.124179 -0.192859 0.063709 0.125514 -0.188943 0.0481155 0.125837 -0.143382 0.009166 0.121021 -0.137515 0.021444 0.155805 -0.121999 0.0306336 0.13665 -0.127364 0.024801 0.110627 -0.13355 0.027129 0.179267 -0.11242 0.051563 0.149832 -0.110665 0.045363 0.121498 -0.116985 0.047132 0.219037 -0.118312 0.046376 0.178074 -0.117757 0.041073 0.09921 -0.114767 0.064782 0.093084 -0.126211 0.018034 0.085475 -0.14632 -0.008329 0.102321 -0.168144 -0.004939 0.105334 -0.190499 0.012755 0.090182 -0.192387 0.041342 0.072149 -0.115925 0.064833 0.065004 -0.189577 0.061149 0.099914 -0.186946 0.078195 0.099735 -0.177315 0.094666 0.100931 -0.189486 0.079675 0.063396 -0.168924 0.122431 0.06524 -0.142329 0.130621 0.066499 -0.120506 0.115415 0.066321 -0.0689051 0.0290102 0.625189 -0.0857632 0.0596601 0.608694 -0.077791 0.056459 0.662262 -0.115469 0.0673681 0.597931 -0.107588 0.0697852 0.676148 -0.13782 0.061636 0.663607 -0.140813 0.0628108 0.602841 -0.158045 0.043133 0.626192 -0.157309 0.039416 0.666055 -0.162054 0.0482264 0.581441 -0.168907 0.0187796 0.57822 -0.161414 -0.012239 0.576735 -0.151194 -0.042332 0.577267 -0.127738 -0.055155 0.577694 -0.167244 -0.0160746 0.611639 -0.155904 -0.040169 0.610299 -0.128186 -0.054007 0.608424 -0.160566 -0.047924 0.639787 -0.130059 -0.0668641 0.646988 -0.0727601 0.0344542 0.577482 -0.098649 -0.073564 0.630344 -0.098239 -0.061914 0.599727 -0.094781 -0.053092 0.572974 -0.09973 -0.054413 0.549562 -0.0814105 -0.0286347 0.570922 -0.0697 -0.060888 0.621501 -0.06644 -0.073273 0.658497 -0.095814 -0.083801 0.667019 -0.095167 -0.090166 0.705656 -0.0616676 -0.0840322 0.736609 -0.0898435 -0.100273 0.769319 -0.059471 -0.087275 0.783725 -0.0814542 -0.104344 0.851203 -0.0564169 -0.0861513 0.829439 -0.042544 -0.059659 0.783785 -0.0356996 -0.0619293 0.850149 -0.0290178 -0.0315676 0.794431 -0.052926 -0.086553 0.897176 -0.030467 -0.064344 0.889242 -0.053166 -0.085609 0.927265 -0.03 -0.066546 0.913517 -0.078699 -0.102876 0.907078 -0.078381 -0.098647 0.94011 -0.111176 -0.092603 0.951385 -0.115777 -0.099669 0.915478 -0.128927 -0.0787603 0.953335 -0.0160972 -0.0329611 0.885037 -0.0232123 0.000654308 0.842793 -0.019453 0.002271 0.886884 -0.01693 0.002772 0.907334 -0.031503 0.000572 0.784253 -0.036262 -0.027785 0.742812 -0.039963 0.004873 0.742339 -0.043587 -0.018309 0.700999 -0.043017 -0.05825 0.743492 -0.04514 -0.051678 0.698466 -0.050014 -0.040719 0.655003 -0.0600533 -0.0022177 0.628176 -0.057692 -0.030423 0.618753 -0.067625 -0.019353 0.592319 -0.06896 0.003453 0.59333 -0.074718 0.003849 0.572417 -0.075793 -0.046726 0.592718 -0.034003 0.028149 0.888868 -0.0366105 0.0296311 0.839903 -0.056712 0.055599 0.894041 -0.088436 0.070655 0.932355 -0.092262 0.071044 0.901393 -0.125554 0.0558379 0.932252 -0.0979527 0.0762482 0.836428 -0.0588249 0.0597382 0.840336 -0.156722 0.0202438 0.896127 -0.147037 0.022269 0.950255 -0.153515 -0.0193783 0.952951 -0.155226 -0.065786 0.875408 -0.176065 -0.0249539 0.838181 -0.140196 0.0624145 0.837328 -0.166656 0.02044 0.834486 -0.163663 0.034018 0.797204 -0.176393 0.009557 0.798042 -0.176266 0.00909255 0.754879 -0.183793 -0.023316 0.755739 -0.18017 -0.019297 0.712047 -0.169779 0.010308 0.671587 -0.160688 0.0372586 0.736554 -0.166501 0.015281 0.631194 -0.17586 -0.026022 0.676459 -0.162418 -0.055608 0.675746 -0.137609 0.06345 0.708725 -0.07184 0.059548 0.708366 -0.051371 0.019339 0.704633 -0.13991 0.066769 0.753136 -0.103241 0.076254 0.751978 -0.140002 0.06694 0.794999 -0.099897 0.077479 0.792519 -0.064602 0.0621307 0.768038 -0.0464465 0.0328931 0.75408 -0.164314 -0.178348 0.016527 -0.161654 -0.16846 0.033624 -0.194939 -0.163126 0.034155 -0.197013 -0.173144 0.016677 -0.215956 -0.124109 0.027602 -0.218822 -0.141058 0.012845 -0.140253 -0.163042 0.01562 -0.144497 -0.156219 0.031403 -0.164923 -0.176765 -0.00051 -0.144399 -0.165086 -0.001225 -0.196438 -0.169444 -0.000232 -0.216143 -0.141304 -0.002178 -0.190032 -0.13914 0.04361 -0.157786 -0.145673 0.043105 -0.136743 -0.140872 0.033577 -0.21403 -0.093896 0.034652 -0.223012 -0.0711309 0.0247826 -0.227337 -0.108206 0.012575 -0.229803 -0.0692657 0.0103479 -0.229075 -0.083853 -0.002477 -0.226571 -0.107555 -0.002319 -0.208386 -0.0673102 0.0395457 -0.226762 -0.048708 0.007455 -0.227136 -0.0657631 -0.00287055 -0.208267 0.00485984 -0.00337316 -0.212941 0.00597118 0.00451672 -0.216161 -0.02119 0.0305598 -0.20376 -0.043471 0.050526 -0.182047 -0.0877366 0.051785 -0.17809 -0.062283 0.062858 -0.198788 -0.021188 0.063507 -0.174041 -0.0359498 0.078573 -0.200022 0.043266 -0.004331 -0.196791 0.0788475 0.00596365 -0.202558 0.043815 0.039595 -0.207193 0.013206 0.03921 -0.151094 -0.0919278 0.0500052 -0.12334 -0.103399 0.031698 -0.119395 -0.120929 0.013347 -0.115322 -0.101983 0.01155 -0.118093 -0.104481 -0.00305887 -0.115735 -0.082928 0.009309 -0.117743 -0.082936 -0.003138 -0.125474 -0.048285 0.004991 -0.127359 -0.047594 -0.0031 -0.139918 -0.009745 -0.001064 -0.132112 -0.00908 0.033192 -0.127965 0.029465 0.033018 -0.134479 0.034495 -0.000139 -0.123023 -0.085152 0.032609 -0.127319 -0.047048 0.032996 -0.127645 -0.0109895 0.0608567 -0.110183 0.073581 0.037001 -0.147051 -0.0379106 0.078053 -0.146794 -0.067849 0.059487 -0.133519 -0.087982 0.042911 -0.133575 -0.058024 0.04965 -0.1353 -0.040352 0.060428 -0.13022 -0.026088 0.047935 -0.178894 -0.131302 -0.00506781 -0.128241 -0.142633 -0.002066 -0.174121 -0.00236923 -0.00460264 -0.155509 0.0686357 -0.00433037 -0.191211 0.088407 -0.003676 -0.142502 0.128807 -0.002578 -0.170723 0.12331 -0.002856 -0.115061 0.112572 -0.001847 -0.116218 0.072469 -0.002482 -0.0223555 -0.0936371 1.68797 -0.0212249 -0.0969303 1.6709 -0.0231169 -0.0836179 1.70846 -0.01281 -0.067759 1.73223 -0.028584 -0.062818 1.73002 -0.013907 -0.038929 1.74951 -0.03709 -0.086055 1.68818 -0.039502 -0.075551 1.70725 -0.052853 -0.063534 1.70535 -0.041603 -0.057159 1.72609 -0.05411 -0.048606 1.72031 -0.054931 -0.027091 1.73295 -0.0368692 -0.0343529 1.74216 -0.068098 -0.033917 1.71091 -0.070937 -0.015062 1.7218 -0.0739295 -0.0246994 1.69719 -0.0761899 -0.0267169 1.68141 -0.077623 -0.0225745 1.662 -0.0708034 -0.03025 1.6213 -0.016694 -0.00444 1.75972 -0.00847072 -0.103289 1.60753 -0.00937743 -0.0983694 1.58995 -0.007178 -0.0992858 1.63016 -0.0194599 -0.0953496 1.60789 -0.014537 -0.0248618 1.52798 -0.0282533 -0.0134104 1.53597 -0.0409492 -0.00223981 1.54677 -0.038949 0.002198 1.54277 -0.048705 0.0128379 1.55135 -0.0290763 -0.00405944 1.52013 -0.0248508 -0.0120261 1.53066 -0.013916 -0.021005 1.52541 -0.0368453 -0.0780399 1.59615 -0.108612 -0.086451 1.26398 -0.113584 -0.085832 1.30217 -0.117311 -0.091274 1.31782 -0.0334231 -0.107115 1.31189 -0.0276719 -0.104696 1.33818 -0.0276321 -0.0991914 1.35509 -0.0341971 -0.111979 1.29793 -0.036685 -0.116413 1.27928 -0.174042 0.127714 0.016381 -0.142228 0.135547 0.016998 -0.113261 0.116706 0.016342 -0.108623 0.077228 0.017308 -0.173195 0.126308 0.036232 -0.114934 0.11695 0.037074 -0.195037 0.084879 0.03222 -0.192242 0.098671 0.016565 -0.230322 0.133457 1.3597 -0.205363 0.13079 1.35181 -0.20442 0.141141 1.36813 -0.192622 0.135955 1.35231 -0.174256 0.145726 1.35744 -0.174922 0.136615 1.33081 -0.126599 -0.142961 0.013914 -0.056764 0.072802 1.17574 -0.027795 0.071035 1.17623 -0.0419988 0.0785977 1.19553 -0.045959 0.0889486 1.21476 -0.0236258 0.112221 1.25661 -0.0373868 0.128669 1.28181 -0.055606 0.117997 1.25544 -0.065617 0.078228 1.19526 -0.0721344 0.0984848 1.22553 -0.094942 0.072765 1.19609 -0.118829 0.059543 1.19396 -0.05787 0.152596 1.43398 -0.0817 0.148177 1.44537 -0.112114 0.14346 1.44343 -0.121103 0.14912 1.42344 -0.0947551 0.153674 1.41282 -0.057985 0.15597 1.40528 -0.138125 0.154039 1.41092 -0.182321 -0.025167 0.79762 -0.167777 -0.059319 0.79127 -0.165143 -0.0577489 0.717089 -0.146734 -0.089684 0.787176 -0.147993 -0.084037 0.749749 -0.147057 -0.075495 0.709051 -0.126319 -0.088926 0.707207 -0.124589 -0.098484 0.747527 -0.12295 -0.104122 0.785605 -0.120755 -0.105894 0.833683 -0.118123 -0.104784 0.872598 -0.143466 -0.0915579 0.842289 -0.162626 -0.06434 0.836893 -0.304884 0.094058 1.25374 -0.327368 0.120963 1.26666 -0.343618 0.12178 1.29278 -0.324968 0.129565 1.30563 -0.335912 0.123689 1.31411 -0.358355 0.11506 1.29907 -0.200946 0.072414 0.408354 -0.196104 0.099073 0.407205 -0.167047 0.136937 0.382372 -0.138605 0.146132 0.38187 -0.108699 0.141989 0.380654 -0.118242 0.056623 0.004431 0.049376 -0.084161 1.64675 -0.049376 -0.084161 1.64675</float_array>
                    <technique_common>
                        <accessor count="3383" source="#NODE1-lib-positions-array" stride="3">
                            <param name="X" type="float" />
                            <param name="Y" type="float" />
                            <param name="Z" type="float" />
                        </accessor>
                    </technique_common>
                </source>
                <source id="NODE1-lib-uv">
                    <float_array id="NODE1-lib-uv-array" count="7834">0.265235 0.823442 0.235521 0.834762 0.235198 0.827324 0.264905 0.816009 0.230099 0.829696 0.270678 0.818425 0.229908 0.81981 0.259599 0.808486 0.264731 0.920134 0.270102 0.925169 0.265072 0.92749 0.236193 0.938409 0.270291 0.934958 0.241401 0.945843 0.222426 0.834778 0.278302 0.823539 0.277727 0.920161 0.23053 0.936179 0.222846 0.931238 0.235521 0.83476 0.265235 0.823441 0.235198 0.827324 0.264905 0.816009 0.230099 0.829696 0.229908 0.81981 0.259599 0.808486 0.264731 0.920134 0.270102 0.925169 0.265072 0.92749 0.236193 0.938409 0.270291 0.934958 0.241401 0.945843 0.222426 0.834777 0.23053 0.936179 0.222846 0.931238 0.277727 0.920161 0.270678 0.818425 0.278302 0.823537 0.264731 0.920116 0.23588 0.931091 0.265072 0.92749 0.236193 0.938409 0.270102 0.925169 0.270291 0.934958 0.241401 0.945843 0.235521 0.83474 0.235198 0.827324 0.264905 0.816009 0.229908 0.81981 0.259599 0.808486 0.270678 0.818425 0.230099 0.829696 0.277727 0.920157 0.278302 0.823532 0.222426 0.834774 0.23053 0.936179 0.222846 0.931232 0.235521 0.834762 0.265235 0.823442 0.235198 0.827324 0.264905 0.816009 0.230099 0.829696 0.270678 0.818425 0.229908 0.81981 0.259599 0.808486 0.264731 0.920134 0.270102 0.925169 0.265072 0.92749 0.236193 0.938409 0.270291 0.934958 0.241401 0.945843 0.222426 0.834778 0.278302 0.823539 0.277727 0.920161 0.23053 0.936179 0.222846 0.931238 0.235521 0.83476 0.265235 0.823441 0.235198 0.827324 0.264905 0.816009 0.230099 0.829696 0.229908 0.81981 0.259599 0.808486 0.264731 0.920134 0.270102 0.925169 0.265072 0.92749 0.236193 0.938409 0.270291 0.934958 0.241401 0.945843 0.222426 0.834777 0.23053 0.936179 0.222846 0.931238 0.277727 0.920161 0.270678 0.818425 0.278302 0.823537 0.264731 0.920116 0.23588 0.931091 0.265072 0.92749 0.236193 0.938409 0.270102 0.925169 0.270291 0.934958 0.241401 0.945843 0.235521 0.83474 0.235198 0.827324 0.264905 0.816009 0.229908 0.81981 0.259599 0.808486 0.270678 0.818425 0.230099 0.829696 0.23053 0.936179 0.222846 0.931232 0.222426 0.834774 0.278302 0.823532 0.277727 0.920157 0.901063 0.703224 0.901633 0.69857 0.90199 0.695628 0.896887 0.701242 0.77247 0.525773 0.810627 0.528161 0.771179 0.481346 0.731683 0.52846 0.838951 0.473726 0.846254 0.523515 0.86258 0.465803 0.876707 0.519353 0.903375 0.528414 0.911952 0.468841 0.93625 0.486908 0.889325 0.453358 0.730451 0.480479 0.772174 0.476666 0.734436 0.475344 0.699361 0.474468 0.702602 0.468812 0.665656 0.467359 0.669541 0.461634 0.635626 0.456776 0.638969 0.449166 0.657634 0.519643 0.600747 0.472011 0.617273 0.444445 0.619803 0.439403 0.600747 0.432671 0.600747 0.429135 0.687146 0.525264 0.730212 0.530948 0.773463 0.529307 0.8122 0.530949 0.732569 0.54428 0.775328 0.545224 0.731109 0.548717 0.776519 0.548717 0.815736 0.54458 0.817954 0.548717 0.690371 0.542668 0.685136 0.548717 0.653275 0.542492 0.645801 0.548717 0.620868 0.548717 0.62338 0.541024 0.600747 0.548717 0.600747 0.542143 0.655848 0.523595 0.629645 0.521456 0.600747 0.52902 0.630325 0.51742 0.600747 0.524459 0.077696 0.262055 0.067851 0.263278 0.067851 0.265002 0.079683 0.263796 0.0834101 0.237282 0.081861 0.238722 0.0676764 0.240101 0.067675 0.237902 0.207724 0.859497 0.172019 0.855091 0.172325 0.857083 0.207724 0.861038 0.170102 0.881898 0.170481 0.884614 0.207685 0.88467 0.137414 0.884166 0.137097 0.881854 0.145188 0.85485 0.145539 0.852746 0.115029 0.883524 0.115352 0.881558 0.107544 0.876967 0.110634 0.87718 0.113381 0.854502 0.112342 0.838305 0.120123 0.812898 0.125685 0.840163 0.128227 0.839905 0.11813 0.806624 0.11968 0.783279 0.12318 0.783055 0.12244 0.739055 0.125127 0.741642 0.124259 0.710948 0.126605 0.710516 0.133031 0.785765 0.134262 0.737051 0.136945 0.701451 0.115373 0.700661 0.11799 0.70062 0.126251 0.680428 0.128528 0.681621 0.147224 0.672165 0.135838 0.757024 0.136498 0.785471 0.132905 0.8123 0.13769 0.721187 0.139838 0.697552 0.149851 0.672782 0.157124 0.650411 0.155047 0.649459 0.141394 0.658673 0.139397 0.657263 0.153121 0.629463 0.150394 0.629397 0.15995 0.604406 0.162752 0.604732 0.164028 0.584155 0.166394 0.583769 0.162922 0.574933 0.18056 0.564647 0.182539 0.566092 0.199461 0.551864 0.20108 0.553176 0.215653 0.53547 0.217738 0.536766 0.22759 0.518615 0.230341 0.519245 0.235987 0.497592 0.238728 0.498281 0.228725 0.470607 0.22626 0.471084 0.211042 0.44292 0.199225 0.426618 0.201695 0.425977 0.179459 0.405672 0.180369 0.403423 0.155228 0.400754 0.155824 0.398147 0.249304 0.526043 0.232371 0.549068 0.259176 0.501841 0.251282 0.479264 0.238639 0.455141 0.226467 0.436949 0.228687 0.41524 0.186319 0.3919 0.220134 0.40294 0.221753 0.400457 0.198522 0.391984 0.177996 0.386621 0.156415 0.384941 0.157261 0.382572 0.230744 0.413444 0.242089 0.429929 0.240205 0.431797 0.259142 0.452794 0.256903 0.454841 0.273901 0.479521 0.271397 0.481269 0.281531 0.505721 0.278227 0.505616 0.268879 0.53816 0.26632 0.5367 0.247872 0.56625 0.245731 0.563328 0.195359 0.598421 0.213349 0.585372 0.175341 0.606688 0.173896 0.604808 0.166963 0.625209 0.164736 0.624014 0.212717 0.566732 0.19008 0.581195 0.339284 0.751982 0.358246 0.749695 0.358302 0.747895 0.339788 0.75009 0.372014 0.74737 0.371553 0.749358 0.386843 0.748499 0.386262 0.750587 0.404681 0.751012 0.404462 0.752714 0.425424 0.744722 0.426597 0.746437 0.443513 0.73958 0.443764 0.741519 0.457786 0.735243 0.457205 0.736838 0.313858 0.739583 0.315055 0.738007 0.294623 0.7335 0.294094 0.731956 0.294094 0.741543 0.292071 0.741111 0.384316 0.76866 0.369501 0.767955 0.369083 0.770029 0.38373 0.770601 0.406005 0.771583 0.405558 0.773697 0.357989 0.768206 0.356216 0.770311 0.333925 0.770035 0.333031 0.772102 0.314457 0.76006 0.306173 0.758366 0.303074 0.754633 0.294049 0.753465 0.425068 0.763056 0.440079 0.757551 0.450734 0.753452 0.458677 0.744654 0.470338 0.751112 0.469063 0.752373 0.481327 0.758963 0.425983 0.764533 0.450132 0.755312 0.464041 0.760773 0.463484 0.762436 0.477453 0.769599 0.476512 0.77082 0.486398 0.775956 0.486055 0.777409 0.498442 0.775746 0.506856 0.777027 0.513398 0.775864 0.524743 0.777791 0.524775 0.776124 0.537535 0.768927 0.53777 0.77051 0.553488 0.761224 0.554855 0.749066 0.5707 0.742843 0.5707 0.741382 0.553103 0.747899 0.543462 0.75473 0.542631 0.753203 0.53179 0.760513 0.531132 0.759201 0.5707 0.75667 0.554019 0.763173 0.514852 0.760147 0.515097 0.758542 0.497551 0.759772 0.49754 0.758224 0.026546 0.340208 0.010081 0.338132 0.010081 0.340073 0.026031 0.342366 0.041023 0.351531 0.039953 0.353679 0.0637681 0.355579 0.0619847 0.352795 0.010081 0.364115 0.010081 0.366557 0.0356236 0.364756 0.038163 0.362309 0.068359 0.365356 0.0721015 0.368941 0.100779 0.372802 0.102733 0.376168 0.126715 0.382629 0.125867 0.385575 0.093163 0.356255 0.100852 0.36123 0.111307 0.361338 0.136795 0.370782 0.139239 0.375442 0.3265 0.171053 0.337513 0.181635 0.344591 0.164584 0.312784 0.176621 0.298536 0.185409 0.292894 0.195195 0.349416 0.153114 0.324614 0.163243 0.308507 0.170396 0.296599 0.17955 0.288646 0.187687 0.28404 0.193347 0.31014 0.202599 0.328045 0.210877 0.307677 0.214671 0.318583 0.218804 0.33126 0.220644 0.342804 0.219158 0.339738 0.21047 0.352125 0.215156 0.353279 0.199269 0.360859 0.208019 0.335651 0.196395 0.359078 0.18539 0.358988 0.173239 0.371607 0.179738 0.371561 0.154742 0.360351 0.156633 0.368179 0.140746 0.367686 0.195797 0.289681 0.201056 0.296692 0.207547 0.010017 0.696309 0.0263708 0.687934 0.021679 0.685935 0.010017 0.693302 0.010017 0.682977 0.022494 0.676284 0.0245047 0.66554 0.010017 0.66558 0.015439 0.661512 0.018459 0.65976 0.010017 0.654295 0.0140045 0.655694 0.0165348 0.653434 0.010017 0.650954 0.76315 0.245144 0.77915 0.239203 0.761021 0.242594 0.798005 0.246555 0.795676 0.248635 0.818846 0.258481 0.823451 0.26588 0.778316 0.25796 0.764365 0.2598 0.793804 0.265156 0.817645 0.27958 0.833977 0.269472 0.852156 0.281944 0.850943 0.28452 0.866207 0.281708 0.864726 0.28424 0.895787 0.296029 0.89387 0.298608 0.763955 0.263867 0.7781 0.261512 0.793213 0.268512 0.808658 0.278059 0.824001 0.287286 0.915754 0.305323 0.928275 0.314495 0.936279 0.314492 0.960353 0.321821 0.959559 0.32528 0.989205 0.30783 0.989205 0.311526 0.836446 0.291935 0.853413 0.302032 0.851836 0.304956 0.869031 0.312253 0.86744 0.315026 0.892699 0.326264 0.892413 0.329737 0.918989 0.340282 0.940667 0.350513 0.954979 0.357593 0.97527 0.350381 0.989205 0.338924 0.989205 0.343889 0.974767 0.374784 0.971449 0.372454 0.942045 0.374536 0.938828 0.370595 0.938102 0.409931 0.976009 0.414412 0.972316 0.414988 0.954016 0.410473 0.942767 0.411329 0.989205 0.432671 0.989205 0.429135 0.915859 0.432996 0.967942 0.434135 0.946202 0.430454 0.989205 0.446801 0.884513 0.449103 0.86147 0.45967 0.807258 0.481612 0.803125 0.474858 0.837395 0.467791 0.911185 0.431617 0.651345 0.285103 0.686505 0.26733 0.672978 0.26894 0.64985 0.281403 0.626522 0.299562 0.624244 0.295964 0.686476 0.263684 0.702524 0.268706 0.737376 0.255351 0.73507 0.25275 0.738501 0.26968 0.707629 0.28423 0.738947 0.273132 0.709338 0.287422 0.681852 0.298927 0.682283 0.302868 0.651427 0.317256 0.650296 0.313678 0.624778 0.331951 0.62437 0.328168 0.600747 0.343889 0.615766 0.306116 0.600747 0.30783 0.600747 0.311526 0.989205 0.542143 0.960713 0.557109 0.964451 0.560903 0.989205 0.548717 0.989205 0.52902 0.941235 0.555276 0.989205 0.524459 0.957368 0.541084 0.948087 0.519229 0.965299 0.469201 0.938772 0.520147 0.949876 0.541536 0.941684 0.540782 0.928753 0.542018 0.941373 0.552108 0.989205 0.472011 0.902593 0.53315 0.876429 0.52518 0.848382 0.528658 0.853969 0.544869 0.876222 0.542815 0.8989 0.550035 0.854032 0.548717 0.876631 0.548717 0.897119 0.553031 0.920785 0.557388 0.915249 0.561183 0.600747 0.446801 0.596745 0.578089 0.606519 0.597469 0.611479 0.595143 0.6024 0.578962 0.628656 0.595617 0.626777 0.574692 0.642413 0.596513 0.650096 0.598322 0.658238 0.578338 0.617458 0.622296 0.628453 0.622698 0.63875 0.623755 0.643061 0.624275 0.625754 0.654683 0.621007 0.653004 0.641971 0.654305 0.615942 0.665162 0.620169 0.675652 0.632344 0.681851 0.652002 0.662601 0.651654 0.670545 0.646002 0.6791 0.657807 0.671681 0.656829 0.661278 0.645873 0.652532 0.643864 0.645432 0.611473 0.66497 0.901063 0.703224 0.896887 0.701242 0.90199 0.695628 0.901633 0.69857 0.77247 0.525773 0.771179 0.481346 0.810627 0.528161 0.731683 0.52846 0.838951 0.473726 0.846254 0.523515 0.86258 0.465803 0.876707 0.519353 0.903375 0.528414 0.911952 0.468841 0.93625 0.486908 0.889325 0.453358 0.730212 0.530948 0.807258 0.481612 0.730451 0.480479 0.772174 0.476666 0.734436 0.475344 0.699361 0.474468 0.702602 0.468812 0.665656 0.467359 0.669541 0.461634 0.635626 0.456776 0.638969 0.449166 0.657634 0.519643 0.600747 0.472011 0.617273 0.444445 0.619803 0.439403 0.600747 0.432671 0.600747 0.429135 0.687146 0.525264 0.732569 0.54428 0.773463 0.529307 0.8122 0.530949 0.775328 0.545224 0.731109 0.548717 0.776519 0.548717 0.815736 0.54458 0.817954 0.548717 0.690371 0.542668 0.685136 0.548717 0.653275 0.542492 0.645801 0.548717 0.620868 0.548717 0.62338 0.541024 0.600747 0.548717 0.600747 0.542143 0.629645 0.521456 0.655848 0.523595 0.600747 0.52902 0.630325 0.51742 0.600747 0.524459 0.077696 0.262055 0.079683 0.263796 0.067851 0.265002 0.067851 0.263278 0.0834101 0.237282 0.081861 0.238722 0.0676764 0.240101 0.067675 0.237902 0.207724 0.859497 0.207724 0.861038 0.172325 0.857083 0.172019 0.855091 0.170102 0.881898 0.170481 0.884614 0.207685 0.88467 0.137414 0.884166 0.137097 0.881854 0.145188 0.85485 0.145539 0.852746 0.115029 0.883524 0.115352 0.881558 0.107544 0.876967 0.110634 0.87718 0.113381 0.854502 0.112342 0.838305 0.120123 0.812898 0.125685 0.840163 0.128227 0.839905 0.11813 0.806624 0.11968 0.783279 0.12318 0.783055 0.12244 0.739055 0.125127 0.741642 0.124259 0.710948 0.126605 0.710516 0.133031 0.785765 0.134262 0.737051 0.136945 0.701451 0.115373 0.700661 0.11799 0.70062 0.126251 0.680428 0.128528 0.681621 0.147224 0.672165 0.135838 0.757024 0.136498 0.785471 0.132905 0.8123 0.13769 0.721187 0.139838 0.697552 0.149851 0.672782 0.141394 0.658673 0.139397 0.657263 0.155047 0.649459 0.157124 0.650411 0.153121 0.629463 0.150394 0.629397 0.15995 0.604406 0.162752 0.604732 0.164028 0.584155 0.166394 0.583769 0.162922 0.574933 0.18056 0.564647 0.182539 0.566092 0.199461 0.551864 0.20108 0.553176 0.215653 0.53547 0.217738 0.536766 0.22759 0.518615 0.230341 0.519245 0.235987 0.497592 0.238728 0.498281 0.228725 0.470607 0.22626 0.471084 0.211042 0.44292 0.199225 0.426618 0.201695 0.425977 0.179459 0.405672 0.180369 0.403423 0.155228 0.400754 0.155824 0.398147 0.249304 0.526043 0.232371 0.549068 0.259176 0.501841 0.251282 0.479264 0.226467 0.436949 0.228687 0.41524 0.186319 0.3919 0.220134 0.40294 0.221753 0.400457 0.198522 0.391984 0.177996 0.386621 0.156415 0.384941 0.157261 0.382572 0.230744 0.413444 0.242089 0.429929 0.240205 0.431797 0.259142 0.452794 0.256903 0.454841 0.273901 0.479521 0.271397 0.481269 0.281531 0.505721 0.278227 0.505616 0.268879 0.53816 0.26632 0.5367 0.247872 0.56625 0.245731 0.563328 0.195359 0.598421 0.213349 0.585372 0.175341 0.606688 0.173896 0.604808 0.166963 0.625209 0.164736 0.624014 0.212717 0.566732 0.19008 0.581195 0.238639 0.455141 0.339284 0.751982 0.339788 0.75009 0.358302 0.747895 0.358246 0.749695 0.372014 0.74737 0.371553 0.749358 0.386843 0.748499 0.386262 0.750587 0.404681 0.751012 0.404462 0.752714 0.425424 0.744722 0.426597 0.746437 0.443513 0.73958 0.443764 0.741519 0.457786 0.735243 0.457205 0.736838 0.313858 0.739583 0.315055 0.738007 0.294623 0.7335 0.294094 0.731956 0.294094 0.741543 0.292071 0.741111 0.384316 0.76866 0.369501 0.767955 0.369083 0.770029 0.38373 0.770601 0.406005 0.771583 0.405558 0.773697 0.357989 0.768206 0.356216 0.770311 0.333925 0.770035 0.333031 0.772102 0.314457 0.76006 0.306173 0.758366 0.303074 0.754633 0.294049 0.753465 0.425068 0.763056 0.425983 0.764533 0.440079 0.757551 0.450734 0.753452 0.458677 0.744654 0.470338 0.751112 0.469063 0.752373 0.481327 0.758963 0.450132 0.755312 0.464041 0.760773 0.463484 0.762436 0.477453 0.769599 0.476512 0.77082 0.486398 0.775956 0.486055 0.777409 0.498442 0.775746 0.506856 0.777027 0.513398 0.775864 0.524743 0.777791 0.524775 0.776124 0.537535 0.768927 0.53777 0.77051 0.553488 0.761224 0.554855 0.749066 0.5707 0.742843 0.5707 0.741382 0.553103 0.747899 0.543462 0.75473 0.542631 0.753203 0.53179 0.760513 0.531132 0.759201 0.5707 0.75667 0.554019 0.763173 0.514852 0.760147 0.515097 0.758542 0.497551 0.759772 0.49754 0.758224 0.026546 0.340208 0.026031 0.342366 0.041023 0.351531 0.039953 0.353679 0.0637681 0.355579 0.0619847 0.352795 0.0356236 0.364756 0.038163 0.362309 0.068359 0.365356 0.0721015 0.368941 0.100779 0.372802 0.102733 0.376168 0.126715 0.382629 0.125867 0.385575 0.093163 0.356255 0.100852 0.36123 0.111307 0.361338 0.136795 0.370782 0.139239 0.375442 0.3265 0.171053 0.344591 0.164584 0.337513 0.181635 0.312784 0.176621 0.298536 0.185409 0.292894 0.195195 0.349416 0.153114 0.324614 0.163243 0.308507 0.170396 0.296599 0.17955 0.288646 0.187687 0.28404 0.193347 0.31014 0.202599 0.328045 0.210877 0.307907 0.214567 0.318583 0.218804 0.33126 0.220644 0.342804 0.219158 0.339738 0.21047 0.352125 0.215156 0.353279 0.199269 0.360859 0.208019 0.335651 0.196395 0.359078 0.18539 0.358988 0.173239 0.371607 0.179738 0.371561 0.154742 0.360351 0.156633 0.368179 0.140746 0.367686 0.195797 0.289681 0.201056 0.296692 0.207547 0.021679 0.685935 0.0263708 0.687934 0.022494 0.676284 0.0245047 0.66554 0.015439 0.661512 0.018459 0.65976 0.0140045 0.655694 0.0165348 0.653434 0.76315 0.245144 0.761021 0.242594 0.77915 0.239203 0.798005 0.246555 0.795676 0.248635 0.818846 0.258481 0.823451 0.26588 0.778316 0.25796 0.764365 0.2598 0.793804 0.265156 0.817645 0.27958 0.833977 0.269472 0.852156 0.281944 0.850943 0.28452 0.866207 0.281708 0.864726 0.28424 0.895787 0.296029 0.89387 0.298608 0.763955 0.263867 0.7781 0.261512 0.793213 0.268512 0.808658 0.278059 0.824001 0.287286 0.915754 0.305323 0.928275 0.314495 0.936279 0.314492 0.960353 0.321821 0.959559 0.32528 0.989205 0.30783 0.989205 0.311526 0.836446 0.291935 0.853413 0.302032 0.851836 0.304956 0.869031 0.312253 0.86744 0.315026 0.892699 0.326264 0.892413 0.329737 0.918989 0.340282 0.940667 0.350513 0.954979 0.357593 0.97527 0.350381 0.989205 0.338924 0.989205 0.343889 0.974767 0.374784 0.971449 0.372454 0.942045 0.374536 0.938828 0.370595 0.938102 0.409931 0.976009 0.414412 0.972316 0.414988 0.954016 0.410473 0.942767 0.411329 0.989205 0.432671 0.989205 0.429135 0.915859 0.432996 0.911185 0.431617 0.967942 0.434135 0.946202 0.430454 0.989205 0.446801 0.884513 0.449103 0.86147 0.45967 0.837395 0.467791 0.803125 0.474858 0.965299 0.469201 0.989205 0.472011 0.948087 0.519229 0.938772 0.520147 0.949876 0.541536 0.941684 0.540782 0.928753 0.542018 0.941373 0.552108 0.957368 0.541084 0.960713 0.557109 0.964451 0.560903 0.989205 0.548717 0.941235 0.555276 0.902593 0.53315 0.876429 0.52518 0.848382 0.528658 0.853969 0.544869 0.876222 0.542815 0.8989 0.550035 0.854032 0.548717 0.876631 0.548717 0.897119 0.553031 0.920785 0.557388 0.915249 0.561183 0.651345 0.285103 0.64985 0.281403 0.672978 0.26894 0.686505 0.26733 0.626522 0.299562 0.624244 0.295964 0.686476 0.263684 0.702524 0.268706 0.737376 0.255351 0.73507 0.25275 0.738501 0.26968 0.707629 0.28423 0.738947 0.273132 0.709338 0.287422 0.681852 0.298927 0.682283 0.302868 0.651427 0.317256 0.650296 0.313678 0.624778 0.331951 0.62437 0.328168 0.600747 0.343889 0.615766 0.306116 0.600747 0.30783 0.600747 0.311526 0.600747 0.446801 0.596745 0.578089 0.6024 0.578962 0.611479 0.595143 0.606519 0.597469 0.628656 0.595617 0.626777 0.574692 0.650601 0.5763 0.642413 0.596513 0.650096 0.598322 0.658238 0.578338 0.617458 0.622296 0.628453 0.622698 0.63875 0.623755 0.643061 0.624275 0.625754 0.654683 0.621007 0.653004 0.641971 0.654305 0.615942 0.665162 0.620169 0.675652 0.632344 0.681851 0.652002 0.662601 0.651654 0.670545 0.646002 0.6791 0.657807 0.671681 0.656829 0.661278 0.645873 0.652532 0.643864 0.645432 0.611473 0.66497 0.728964 0.677867 0.733949 0.699976 0.734966 0.707945 0.742866 0.707764 0.742502 0.701063 0.725443 0.705537 0.706116 0.679593 0.71642 0.660665 0.701947 0.67037 0.713755 0.706692 0.691812 0.689958 0.702788 0.708986 0.689204 0.708585 0.684371 0.717678 0.679018 0.710729 0.668968 0.695584 0.670412 0.710993 0.65446 0.710825 0.67436 0.71295 0.67592 0.711327 0.645944 0.718515 0.639819 0.711666 0.66587 0.719211 0.67526 0.720333 0.639722 0.720039 0.632253 0.712817 0.63945 0.742804 0.648181 0.743558 0.657212 0.743296 0.648811 0.764074 0.656901 0.764014 0.665811 0.744622 0.664643 0.763998 0.674924 0.748462 0.674677 0.768968 0.639176 0.765607 0.675025 0.739943 0.639039 0.777081 0.64829 0.780214 0.656696 0.779984 0.664734 0.778441 0.663671 0.790179 0.674449 0.788008 0.638898 0.788809 0.656553 0.792859 0.656869 0.799855 0.646854 0.796027 0.649679 0.792272 0.666044 0.796301 0.754636 0.636962 0.730766 0.654905 0.754922 0.681964 0.782659 0.638699 0.810426 0.620959 0.815641 0.672512 0.778746 0.590812 0.715978 0.650014 0.809318 0.587497 0.776879 0.569421 0.811698 0.573046 0.842524 0.578073 0.826384 0.60832 0.867034 0.578767 0.852098 0.612292 0.832915 0.634213 0.88741 0.590463 0.868227 0.615237 0.850188 0.641533 0.835136 0.659421 0.865646 0.665443 0.868746 0.63962 0.88391 0.640623 0.886127 0.618151 0.902735 0.620471 0.902735 0.642447 0.882176 0.659008 0.902735 0.59702 0.902735 0.578089 0.902735 0.664677 0.83494 0.688189 0.846263 0.689541 0.880446 0.68106 0.902735 0.675598 0.863379 0.702339 0.874218 0.699672 0.886854 0.697249 0.902735 0.687257 0.85329 0.704631 0.846702 0.728764 0.854804 0.729517 0.838635 0.729977 0.863612 0.730676 0.872405 0.730477 0.829522 0.730121 0.847646 0.745972 0.857069 0.75456 0.838797 0.754242 0.865589 0.750235 0.873519 0.748804 0.882373 0.728795 0.88222 0.749651 0.891753 0.730277 0.891251 0.751536 0.900385 0.754456 0.830175 0.755872 0.848097 0.758063 0.86614 0.773281 0.839133 0.765352 0.87419 0.769426 0.882337 0.76935 0.891551 0.771574 0.900385 0.775068 0.853721 0.778843 0.848541 0.779695 0.83066 0.774932 0.843411 0.779842 0.848963 0.786098 0.857203 0.782728 0.84059 0.783795 0.65781 0.647901 0.67749 0.652256 0.678028 0.644328 0.67309 0.668272 0.68495 0.666233 0.68848 0.677037 0.665114 0.68271 0.633909 0.696931 0.631799 0.708863 0.614311 0.7083 0.630586 0.711834 0.601121 0.70819 0.623923 0.714987 0.596745 0.710473 0.596745 0.737859 0.605257 0.738334 0.614168 0.736336 0.622878 0.7385 0.631092 0.735394 0.62276 0.759564 0.61443 0.755775 0.606615 0.760067 0.631656 0.760071 0.596745 0.76032 0.614736 0.761944 0.596745 0.774492 0.606937 0.774799 0.614212 0.776829 0.605994 0.786011 0.622769 0.778565 0.632146 0.781535 0.604518 0.79289 0.614278 0.788349 0.615055 0.795204 0.623874 0.79249 0.631846 0.768404 0.8038 0.695995 0.785505 0.680566 0.812165 0.695128 0.770749 0.699068 0.777962 0.698913 0.764561 0.699812 0.752574 0.699973 0.762542 0.707141 0.751587 0.706194 0.753273 0.707843 0.753273 0.713273 0.762875 0.737837 0.771309 0.728559 0.77166 0.73918 0.779589 0.738945 0.779644 0.728655 0.788453 0.738221 0.753273 0.735133 0.771282 0.761751 0.779981 0.764565 0.762192 0.760683 0.788453 0.760224 0.753273 0.76329 0.753273 0.744259 0.788453 0.771222 0.763114 0.779006 0.779287 0.783342 0.771525 0.783712 0.788453 0.784049 0.753273 0.783332 0.77171 0.789338 0.777514 0.788603 0.765811 0.788843 0.771624 0.794954 0.782225 0.791983 0.761341 0.792528 0.799336 0.704989 0.788504 0.696307 0.791807 0.706829 0.800946 0.734442 0.80917 0.725941 0.809957 0.73725 0.817826 0.734765 0.827083 0.735328 0.791893 0.734042 0.809984 0.757766 0.818695 0.760525 0.80061 0.748269 0.827083 0.757563 0.791893 0.759339 0.800653 0.760065 0.809295 0.782191 0.827083 0.771024 0.8005 0.769136 0.791893 0.767399 0.81495 0.786796 0.80197 0.783091 0.819341 0.78913 0.791893 0.780642 0.809296 0.787825 0.80363 0.787456 0.808948 0.792839 0.799726 0.790469 0.83273 0.697058 0.823419 0.694904 0.829173 0.700752 0.829683 0.703224 0.835842 0.704832 0.84208 0.699438 0.817221 0.704561 0.827083 0.70574 0.808017 0.705454 0.779457 0.707222 0.790323 0.705078 0.788453 0.713041 0.771214 0.709136 0.705874 0.739997 0.69611 0.73879 0.687089 0.740693 0.67849 0.74061 0.688921 0.761358 0.696617 0.762016 0.705808 0.762361 0.715513 0.735221 0.715271 0.765694 0.678732 0.763393 0.723765 0.751089 0.733052 0.755521 0.740907 0.740328 0.741326 0.766262 0.749813 0.763455 0.732473 0.767062 0.723514 0.766026 0.733096 0.73825 0.74161 0.720788 0.724309 0.737025 0.749571 0.740461 0.749256 0.710415 0.677967 0.711794 0.733234 0.790787 0.738823 0.789915 0.72335 0.774915 0.749971 0.778265 0.750052 0.785853 0.714913 0.781987 0.703525 0.789882 0.704821 0.77598 0.696713 0.777764 0.689334 0.778469 0.67898 0.786836 0.6789 0.779216 0.727571 0.790805 0.696314 0.790844 0.696274 0.797607 0.686632 0.793547 0.689259 0.790126 0.705255 0.794693 0.733482 0.796874 0.743227 0.792934 0.882741 0.778823 0.876354 0.778955 0.875269 0.78434 0.883543 0.786306 0.892846 0.784312 0.900385 0.727483 0.684458 0.856303 0.694123 0.857098 0.695305 0.845251 0.685839 0.843882 0.673212 0.855184 0.673976 0.841613 0.704409 0.849322 0.704409 0.858512 0.661547 0.855859 0.661541 0.841859 0.648712 0.864076 0.647419 0.843201 0.635318 0.866141 0.634046 0.845876 0.623803 0.864738 0.623275 0.845605 0.611889 0.855473 0.611856 0.845508 0.672644 0.866818 0.683157 0.869387 0.693804 0.870341 0.704409 0.87194 0.611938 0.870768 0.682295 0.881969 0.694438 0.881933 0.671148 0.874345 0.704409 0.883785 0.659054 0.88184 0.660851 0.869872 0.647414 0.879096 0.635332 0.878159 0.623525 0.879485 0.61198 0.884087 0.612038 0.901617 0.626031 0.903225 0.635341 0.895778 0.634883 0.905466 0.622099 0.910162 0.634712 0.913327 0.643524 0.90475 0.647546 0.910465 0.646405 0.896062 0.65828 0.900216 0.673733 0.901929 0.681446 0.902479 0.689145 0.901839 0.681751 0.910459 0.695076 0.905953 0.668265 0.906491 0.704409 0.898666 0.705745 0.840774 0.715478 0.831019 0.705631 0.82073 0.692771 0.832241 0.684945 0.831903 0.69745 0.81688 0.687332 0.815794 0.67704 0.81712 0.67701 0.831502 0.661473 0.829233 0.661729 0.816456 0.632041 0.836914 0.642362 0.827758 0.652279 0.821875 0.629197 0.830911 0.622086 0.837549 0.607818 0.82768 0.608018 0.838363 0.694771 0.636767 0.702791 0.63788 0.712267 0.619306 0.696553 0.620852 0.682799 0.637912 0.678853 0.624313 0.725689 0.625517 0.711156 0.643049 0.725521 0.600034 0.74882 0.610608 0.703928 0.602196 0.701665 0.579202 0.684354 0.578308 0.680734 0.602554 0.656579 0.627255 0.671792 0.565085 0.743564 0.578338 0.704945 0.561623 0.72377 0.568992 0.689846 0.556618 0.596745 0.694564 0.596745 0.705056 0.596745 0.707999 0.596745 0.675598 0.596745 0.664677 0.596745 0.642447 0.596745 0.620471 0.596745 0.59702 0.848538 0.24221 0.830005 0.233582 0.877486 0.252705 0.904669 0.238927 0.825166 0.20936 0.93226 0.266383 0.922701 0.213383 0.946229 0.229858 0.957104 0.253729 0.964499 0.226412 0.989205 0.252561 0.989205 0.225681 0.901587 0.202476 0.879011 0.197448 0.918383 0.186294 0.94421 0.203481 0.967292 0.181623 0.989205 0.190812 0.989205 0.142747 0.9569 0.137853 0.957614 0.103942 0.971562 0.073802 0.953274 0.0548658 0.989205 0.10707 0.989205 0.072779 0.989205 0.051555 0.938466 0.101256 0.936204 0.131799 0.92189 0.099246 0.921485 0.126248 0.904677 0.127636 0.904822 0.097977 0.923046 0.0650156 0.906734 0.0653792 0.881898 0.096199 0.883859 0.062259 0.88106 0.124973 0.938252 0.0594324 0.925625 0.153969 0.862427 0.120163 0.863911 0.0847491 0.846263 0.120253 0.846668 0.0850903 0.822331 0.092438 0.822507 0.119989 0.925011 0.036209 0.937308 0.040553 0.953252 0.043224 0.970718 0.043279 0.989204 0.037476 0.796446 0.087029 0.798662 0.120025 0.774678 0.096738 0.735682 0.090903 0.74065 0.142247 0.700811 0.0686584 0.707292 0.128498 0.708816 0.162368 0.770936 0.160296 0.796681 0.152499 0.793994 0.178756 0.819254 0.151925 0.813891 0.18006 0.793141 0.20723 0.844771 0.210567 0.769558 0.208288 0.741477 0.200168 0.707424 0.204849 0.707569 0.186733 0.681315 0.206132 0.683324 0.179077 0.64743 0.210022 0.645532 0.192375 0.623671 0.212815 0.620835 0.18077 0.704501 0.224446 0.680733 0.250724 0.64916 0.249956 0.70129 0.249022 0.734872 0.241374 0.738968 0.222104 0.600747 0.190812 0.62473 0.230326 0.600747 0.225681 0.600747 0.252561 0.626912 0.250499 0.648249 0.267568 0.8748 0.274637 0.896064 0.276052 0.915931 0.292913 0.707779 0.335488 0.737033 0.314976 0.678476 0.327262 0.738272 0.342162 0.677917 0.355004 0.650924 0.357164 0.758554 0.312177 0.758047 0.34064 0.707069 0.377209 0.741471 0.371657 0.707326 0.423431 0.675717 0.411781 0.677267 0.381805 0.646064 0.414271 0.649482 0.385517 0.623869 0.388599 0.600747 0.394348 0.737516 0.432141 0.624823 0.360975 0.600747 0.366069 0.771411 0.378897 0.775305 0.34019 0.775134 0.307647 0.78924 0.314126 0.792065 0.341456 0.808516 0.346376 0.812535 0.319026 0.82853 0.321699 0.823742 0.358766 0.844604 0.366838 0.866408 0.369484 0.841003 0.413298 0.86432 0.408749 0.887049 0.405326 0.917353 0.375051 0.889243 0.375469 0.818279 0.405419 0.790529 0.388653 0.804141 0.37373 0.619321 0.0477956 0.600747 0.072779 0.600747 0.10707 0.618957 0.136571 0.600747 0.142747 0.640286 0.0791649 0.643548 0.162327 0.66147 0.100452 0.663043 0.133593 0.686392 0.098197 0.686335 0.131469 0.66108 0.0426988 0.681284 0.040752 0.712425 0.057603 0.741144 0.079074 0.664749 0.02859 0.646329 0.017421 0.640558 0.042884 0.600747 0.051555 0.600747 0.037476 0.623717 0.021093 0.634289 0.00669998 0.198242 0.495059 0.195118 0.513221 0.179832 0.510917 0.183495 0.493403 0.165879 0.509198 0.168438 0.491988 0.159539 0.527432 0.173479 0.530796 0.15138 0.545069 0.165321 0.55138 0.198145 0.471164 0.18144 0.471397 0.166686 0.47264 0.151731 0.507886 0.145224 0.523494 0.150358 0.488699 0.150181 0.473889 0.148773 0.457051 0.128016 0.459029 0.142601 0.438872 0.132428 0.419437 0.161064 0.455308 0.156337 0.436447 0.178158 0.451761 0.171909 0.432316 0.147989 0.411864 0.194185 0.447351 0.189491 0.532648 0.184979 0.54866 0.150276 0.580387 0.138476 0.565317 0.12613 0.57997 0.118441 0.608281 0.118337 0.63175 0.121175 0.654512 0.120701 0.669103 0.099459 0.641014 0.105522 0.66162 0.082096 0.646166 0.086467 0.665183 0.0596854 0.651204 0.0624157 0.667155 0.058505 0.678609 0.0631604 0.692081 0.0835166 0.692792 0.084436 0.678479 0.0900964 0.719786 0.074418 0.720169 0.057499 0.717331 0.0512864 0.73991 0.0665208 0.751638 0.0831724 0.757114 0.102989 0.743068 0.0858027 0.781205 0.0634974 0.796587 0.0820705 0.814299 0.060739 0.838475 0.0741456 0.874289 0.0445373 0.856213 0.008929 0.881932 0.01004 0.850953 0.041422 0.820427 0.01004 0.825621 0.01004 0.802768 0.0086533 0.930692 0.0387531 0.922271 0.0673535 0.927911 0.040699 0.780538 0.097131 0.929434 0.132501 0.911045 0.16833 0.910194 0.207798 0.923703 0.166484 0.930644 0.129215 0.931337 0.207798 0.945226 0.207798 0.968419 0.166509 0.968419 0.124928 0.952329 0.124563 0.968419 0.0862774 0.954257 0.079356 0.968419 0.048947 0.967351 0.032719 0.949498 0.008648 0.950778 0.008648 0.965033 0.028846 0.964027 0.008648 0.976795 0.025199 0.977195 0.040433 0.978056 0.021751 0.989497 0.033411 0.990244 0.032242 0.999007 0.01876 0.999007 0.008648 0.999007 0.008648 0.988234 0.0271949 0.456666 0.0163265 0.45995 0.015869 0.476833 0.023421 0.475297 0.0321278 0.424844 0.0328674 0.406174 0.010081 0.459548 0.010081 0.443997 0.010081 0.478094 0.0367315 0.385118 0.010081 0.387141 0.010081 0.40474 0.010081 0.422682 0.04426 0.446116 0.049475 0.426301 0.0748646 0.433687 0.03907 0.463582 0.032761 0.47742 0.0650855 0.454583 0.0494762 0.47498 0.105473 0.463095 0.0682729 0.484893 0.111885 0.482207 0.0985029 0.444203 0.121003 0.438476 0.130988 0.48317 0.127478 0.500705 0.112022 0.499395 0.089883 0.497851 0.120039 0.51846 0.119946 0.543528 0.136495 0.540058 0.126154 0.555947 0.11706 0.565939 0.101255 0.577292 0.108584 0.593148 0.0810509 0.588091 0.0869571 0.604587 0.0472028 0.617626 0.0455559 0.600179 0.0756805 0.572221 0.0229518 0.605087 0.0249834 0.622371 0.024416 0.588725 0.010017 0.606685 0.010017 0.623977 0.0313728 0.639722 0.037342 0.584881 0.06116 0.632342 0.0893476 0.623524 0.010017 0.584101 0.0259515 0.577758 0.063732 0.568004 0.0355658 0.566168 0.0236349 0.566414 0.01004 0.570179 0.01004 0.553126 0.0191317 0.54871 0.016496 0.538983 0.01004 0.538694 0.015848 0.530071 0.020753 0.538328 0.02012 0.528908 0.010081 0.530808 0.034087 0.557344 0.047004 0.551368 0.060699 0.557401 0.084711 0.556343 0.0928571 0.562493 0.106714 0.548741 0.107426 0.51456 0.0863589 0.513036 0.0970323 0.538042 0.0558068 0.497506 0.053999 0.48757 0.040487 0.483928 0.047811 0.489816 0.042058 0.490382 0.066687 0.511442 0.054128 0.509927 0.0509766 0.524931 0.0595961 0.533121 0.0703775 0.538837 0.0864225 0.535088 0.077605 0.548548 0.0356327 0.541322 0.0253275 0.53889 0.043622 0.518032 0.047131 0.502727 0.040478 0.499089 0.037633 0.506487 0.023349 0.526783 0.026775 0.524155 0.036557 0.529904 0.031417 0.517053 0.237338 0.0756236 0.252684 0.0791763 0.224305 0.049992 0.211193 0.0700656 0.188855 0.0865708 0.182404 0.111672 0.15745 0.0968935 0.163656 0.074331 0.176151 0.0586116 0.170341 0.0344831 0.198698 0.0442598 0.156221 0.048874 0.146415 0.065562 0.143364 0.0400766 0.13287 0.056011 0.144488 0.0222598 0.133453 0.0912972 0.129128 0.111336 0.115259 0.0593377 0.113547 0.077383 0.113194 0.096408 0.09887 0.058547 0.0783498 0.0672226 0.08311 0.059178 0.076436 0.059857 0.067851 0.059812 0.067851 0.070262 0.067851 0.081695 0.0834737 0.110958 0.0990672 0.0462539 0.0989139 0.0840781 0.067851 0.10653 0.104593 0.117352 0.126167 0.144464 0.09738 0.136753 0.15687 0.132885 0.067851 0.139909 0.067851 0.15956 0.10024 0.178537 0.067851 0.179795 0.101303 0.198416 0.067851 0.209722 0.0996866 0.230572 0.134073 0.217167 0.133146 0.198434 0.161352 0.198115 0.164564 0.218583 0.133102 0.249727 0.165915 0.249514 0.134662 0.269082 0.167127 0.269069 0.196775 0.249665 0.197584 0.26909 0.0999321 0.267621 0.195898 0.227518 0.227427 0.250031 0.226491 0.283646 0.252684 0.269174 0.252684 0.250677 0.228162 0.23014 0.252684 0.229169 0.135849 0.293078 0.168516 0.293058 0.19901 0.292992 0.252684 0.292455 0.138773 0.310464 0.104468 0.310368 0.10919 0.333657 0.143979 0.330358 0.154588 0.347858 0.17736 0.347053 0.174689 0.328985 0.209119 0.347642 0.204826 0.327713 0.229166 0.327086 0.252684 0.348902 0.236436 0.3693 0.252683 0.370238 0.252684 0.326427 0.205472 0.373206 0.171157 0.310681 0.201425 0.310582 0.227471 0.310708 0.252684 0.3112 0.254926 0.384165 0.260104 0.414513 0.232723 0.392701 0.243675 0.414362 0.272416 0.413349 0.230196 0.397856 0.203859 0.379082 0.174653 0.371197 0.141956 0.362907 0.105775 0.351324 0.067851 0.325528 0.067851 0.343245 0.102126 0.293002 0.067851 0.307072 0.208528 0.654194 0.207091 0.667133 0.225079 0.656364 0.176868 0.654846 0.18552 0.693197 0.167205 0.686413 0.161378 0.716182 0.223741 0.668191 0.183351 0.723274 0.202392 0.705089 0.220996 0.692448 0.168492 0.642815 0.161286 0.664855 0.144186 0.71403 0.2166 0.731304 0.158271 0.753479 0.178785 0.777577 0.141351 0.797224 0.176174 0.80806 0.207724 0.811845 0.210739 0.777287 0.213579 0.758011 0.178629 0.614572 0.195435 0.628136 0.205145 0.643507 0.20774 0.632363 0.213808 0.647977 0.225889 0.6492 0.198899 0.60801 0.22817 0.597572 0.214721 0.614892 0.585067 0.307049 0.561944 0.302407 0.561497 0.346692 0.585067 0.347513 0.537004 0.329186 0.515697 0.303448 0.492774 0.336591 0.473492 0.297265 0.450301 0.310999 0.454461 0.255295 0.436833 0.274409 0.443404 0.250167 0.432178 0.298045 0.416245 0.299607 0.410939 0.291903 0.38601 0.297298 0.379203 0.309322 0.407276 0.283127 0.417999 0.283367 0.403042 0.247598 0.423319 0.308096 0.375667 0.284454 0.42622 0.245039 0.354122 0.302761 0.34741 0.316301 0.315813 0.31114 0.321252 0.303037 0.3078 0.303777 0.338113 0.297491 0.303952 0.316135 0.293285 0.305141 0.293083 0.321156 0.279518 0.311015 0.304876 0.295767 0.31617 0.269906 0.292725 0.236804 0.286427 0.278032 0.271343 0.290964 0.271343 0.219041 0.35496 0.284103 0.333027 0.234021 0.368057 0.238604 0.420561 0.226547 0.436389 0.224288 0.437071 0.232391 0.453268 0.23854 0.43512 0.199648 0.425308 0.200642 0.417037 0.207073 0.450504 0.19629 0.442025 0.225322 0.422003 0.158039 0.44026 0.168138 0.442025 0.144844 0.442197 0.12086 0.418327 0.119558 0.44317 0.097822 0.414354 0.097575 0.407994 0.066568 0.446801 0.070312 0.45961 0.151895 0.453771 0.041299 0.483938 0.082985 0.499427 0.062392 0.513382 0.104473 0.471326 0.106075 0.492288 0.118229 0.462609 0.126632 0.480991 0.134224 0.508896 0.137918 0.495155 0.146302 0.478928 0.158693 0.496026 0.162758 0.529286 0.128484 0.516767 0.160608 0.519931 0.184726 0.492936 0.185517 0.53824 0.156594 0.540026 0.184193 0.520105 0.232996 0.540041 0.233708 0.49965 0.210271 0.475338 0.210327 0.501307 0.234206 0.476167 0.232503 0.551467 0.121362 0.53432 0.091161 0.5778 0.113415 0.558006 0.073283 0.516892 0.040244 0.560245 0.15271 0.585067 0.149143 0.562421 0.180744 0.585067 0.178593 0.561947 0.229827 0.585067 0.228674 0.462732 0.01163 0.561791 0.253912 0.585067 0.250645 0.539893 0.258586 0.518746 0.257199 0.498031 0.262908 0.476586 0.25631 0.459767 0.180556 0.455881 0.214814 0.494777 0.677887 0.518164 0.67012 0.543716 0.670821 0.471918 0.681027 0.471822 0.668743 0.5707 0.663959 0.5707 0.689808 0.544016 0.646995 0.51882 0.657388 0.518949 0.644532 0.494333 0.654298 0.471522 0.655239 0.446525 0.657379 0.417752 0.663616 0.394326 0.659315 0.398556 0.644822 0.381914 0.64183 0.380355 0.657968 0.382861 0.690572 0.362413 0.694263 0.365741 0.658031 0.339008 0.680319 0.3408 0.663433 0.398738 0.678637 0.315015 0.679601 0.313444 0.694206 0.338504 0.71639 0.314537 0.713586 0.360459 0.716231 0.382536 0.716825 0.403323 0.695648 0.403496 0.717863 0.317064 0.655024 0.294049 0.689808 0.294049 0.663959 0.424163 0.686151 0.44769 0.681168 0.426072 0.716725 0.445153 0.716458 0.447844 0.696377 0.462224 0.715896 0.471108 0.696635 0.481319 0.716604 0.49528 0.695199 0.497977 0.733043 0.517415 0.696619 0.483985 0.741943 0.532835 0.725057 0.542084 0.692926 0.551245 0.718635 0.5707 0.72157 0.5707 0.731485 0.470842 0.735085 0.294084 0.722113 0.354155 0.81778 0.323782 0.827779 0.352685 0.855843 0.323854 0.857809 0.315905 0.799127 0.314088 0.774107 0.294049 0.77674 0.294049 0.80083 0.375688 0.795616 0.382192 0.822748 0.381372 0.85583 0.351283 0.8877 0.380963 0.888843 0.406022 0.889667 0.406522 0.920945 0.380332 0.92088 0.38008 0.942788 0.404566 0.943935 0.378877 0.974847 0.404076 0.978574 0.407197 0.856734 0.42428 0.920033 0.422676 0.944337 0.412922 0.812156 0.395464 0.796885 0.435467 0.824507 0.439246 0.79872 0.423092 0.7764 0.442489 0.778676 0.460177 0.798924 0.460873 0.780969 0.459552 0.823346 0.475476 0.781265 0.479312 0.79849 0.48685 0.823914 0.496748 0.799145 0.513242 0.823588 0.514655 0.799643 0.533628 0.800537 0.541421 0.825451 0.552759 0.802302 0.537518 0.781389 0.552931 0.781648 0.5707 0.804675 0.5707 0.781974 0.5707 0.828725 0.539798 0.856407 0.511479 0.854498 0.459909 0.854352 0.433289 0.882292 0.54013 0.886182 0.50972 0.886318 0.485803 0.886582 0.509857 0.92154 0.48728 0.920528 0.539905 0.916368 0.5707 0.913748 0.5707 0.866113 0.530646 0.936408 0.510515 0.962402 0.531728 0.971412 0.553328 0.958227 0.554587 0.973909 0.5707 0.936915 0.5707 0.957407 0.490879 0.95959 0.491595 0.973561 0.469545 0.958186 0.458865 0.921622 0.458379 0.888557 0.43893 0.921324 0.452504 0.960037 0.435627 0.961304 0.421238 0.963347 0.355786 0.974403 0.353668 0.941935 0.3316 0.953536 0.332159 0.975009 0.35025 0.92084 0.312333 0.939121 0.31266 0.959583 0.294049 0.936915 0.294049 0.957407 0.294049 0.913748 0.323529 0.887978 0.294049 0.866113 0.294049 0.826505 0.322617 0.91844 0.313585 0.977176 0.294049 0.974273 0.327024 0.994647 0.356513 0.994647 0.376658 0.994647 0.402817 0.994647 0.425642 0.994647 0.294049 0.994647 0.436889 0.977405 0.451606 0.975494 0.468394 0.973713 0.452901 0.994647 0.490086 0.994647 0.513247 0.994647 0.534734 0.994647 0.5707 0.994647 0.5707 0.974273 0.5707 0.606708 0.544291 0.58129 0.543842 0.620599 0.518673 0.629731 0.519384 0.572391 0.497973 0.580628 0.496645 0.625597 0.47695 0.60618 0.476994 0.577737 0.473963 0.639809 0.449935 0.637464 0.426152 0.633081 0.403541 0.62835 0.384856 0.625395 0.430352 0.60819 0.411239 0.605762 0.389389 0.604653 0.413167 0.585124 0.391286 0.578377 0.370337 0.586538 0.367206 0.607646 0.361041 0.627011 0.363604 0.642502 0.341037 0.632044 0.351095 0.592265 0.352986 0.569259 0.370708 0.563785 0.371663 0.541165 0.352652 0.524049 0.370607 0.504858 0.352115 0.497083 0.369596 0.458753 0.351203 0.470364 0.333297 0.498184 0.333599 0.457028 0.314475 0.493103 0.353796 0.4293 0.334462 0.432258 0.356567 0.410055 0.335765 0.417312 0.359378 0.392048 0.336614 0.410663 0.372579 0.42603 0.375818 0.405472 0.396399 0.402726 0.393952 0.424693 0.407542 0.403726 0.314419 0.43356 0.294049 0.463459 0.294049 0.431987 0.294049 0.418733 0.313798 0.414391 0.294049 0.414391 0.378625 0.389872 0.399797 0.387392 0.294049 0.503371 0.315154 0.525358 0.294049 0.530084 0.314841 0.55143 0.333937 0.522096 0.333923 0.548696 0.332706 0.575115 0.313658 0.598718 0.331899 0.59857 0.294049 0.606708 0.329651 0.618418 0.314375 0.623601 0.294049 0.643034 0.317116 0.638124 0.348527 0.612975 0.5707 0.420309 0.552374 0.436147 0.5707 0.433803 0.553899 0.467716 0.5707 0.463818 0.531606 0.437491 0.508735 0.421296 0.510279 0.438071 0.48979 0.424412 0.512729 0.475093 0.534225 0.470088 0.466516 0.443926 0.469736 0.414198 0.447585 0.410141 0.451688 0.392905 0.425379 0.387486 0.47325 0.402671 0.492073 0.412401 0.508525 0.414647 0.528317 0.414778 0.548931 0.414522 0.5707 0.414391 0.419503 0.451593 0.4414 0.474673 0.490181 0.47638 0.464982 0.477767 0.472307 0.49817 0.458296 0.497254 0.457767 0.520645 0.440554 0.518473 0.440102 0.543652 0.455964 0.571466 0.475231 0.532757 0.455765 0.599299 0.433365 0.564667 0.41398 0.562269 0.496975 0.550368 0.54065 0.550716 0.5707 0.555178 0.494863 0.523028 0.515708 0.523466 0.49323 0.499549 0.514713 0.500018 0.536731 0.51344 0.55606 0.522023 0.5707 0.503371 0.5707 0.530084 0.931945 0.975719 0.948507 0.967875 0.942423 0.956593 0.92658 0.963942 0.95596 0.931475 0.963644 0.946672 0.913641 0.973768 0.914673 0.961912 0.936176 0.988339 0.914947 0.987047 0.956568 0.977591 0.973353 0.953212 0.936379 0.940742 0.91913 0.949855 0.90543 0.954378 0.951921 0.906003 0.963066 0.886738 0.970829 0.922313 0.975734 0.885383 0.984661 0.899942 0.982478 0.927664 0.946129 0.882296 0.978911 0.866545 0.986796 0.881203 0.98812 0.82071 0.980936 0.820819 0.959738 0.842712 0.937988 0.859831 0.922579 0.900946 0.913135 0.876721 0.928952 0.838641 0.90294 0.849791 0.98812 0.791283 0.981071 0.766356 0.955847 0.789769 0.954012 0.813492 0.912626 0.806129 0.889546 0.816755 0.93056 0.786867 0.89862 0.911402 0.887204 0.889434 0.882759 0.915585 0.868982 0.890202 0.880736 0.933397 0.881024 0.954718 0.866704 0.942998 0.859537 0.952285 0.853616 0.931819 0.844373 0.937948 0.830725 0.90945 0.824411 0.913227 0.8024 0.885356 0.826134 0.865712 0.803503 0.840216 0.779458 0.856044 0.871084 0.920659 0.849424 0.892706 0.845576 0.850249 0.803855 0.79943 0.843114 0.817424 0.7809 0.807319 0.873589 0.823331 0.879278 0.856566 0.865298 0.870509 0.846814 0.868587 0.819389 0.925401 0.80696 0.911609 0.786705 0.943749 0.819099 0.950827 0.800709 0.970656 0.787012 0.902977 0.756031 0.90159 0.75881 0.990225 0.776575 0.984327 0.739448 0.904919 0.744603 0.991759 0.687268 0.989122 0.687061 0.961687 0.713944 0.918193 0.686914 0.934064 0.62942 0.959419 0.656414 0.989256 0.620304 0.990151 0.581053 0.959665 0.590061 0.980366 0.588809 0.93585 0.619752 0.929902 0.652054 0.937293 0.29524 0.147983 0.271343 0.148354 0.293062 0.163212 0.271343 0.125415 0.300175 0.127401 0.271343 0.081872 0.32819 0.026488 0.321676 0.099757 0.31258 0.149383 0.321525 0.130987 0.339551 0.109072 0.341559 0.134637 0.356826 0.118985 0.381755 0.10429 0.36504 0.0820664 0.342831 0.049533 0.37844 0.132015 0.399481 0.122543 0.389549 0.146443 0.271343 0.177306 0.271343 0.195491 0.278992 0.199279 0.271343 0.211161 0.279469 0.219685 0.28137 0.237608 0.318547 0.235581 0.404361 0.035393 0.400165 0.00503802 0.383407 0.218271 0.392834 0.180036 0.388192 0.161514 0.363993 0.342385 0.385668 0.333978 0.406058 0.321951 0.410793 0.330626 0.429212 0.321118 0.400358 0.357726 0.385818 0.342158 0.450084 0.376922 0.424499 0.376922 0.469095 0.376922 0.490558 0.376922 0.507238 0.376922 0.531216 0.376922 0.557299 0.376922 0.574373 0.376922 0.584571 0.376922 0.353811 0.351547 0.36861 0.34744 0.407961 0.376922 0.397972 0.376922 0.385119 0.376922 0.374119 0.376922 0.35814 0.361401 0.35814 0.376922 0.35814 0.353078 0.10749 0.721694 0.106709 0.689086 0.104328 0.675567 0.0373814 0.688511 0.0319993 0.669901 0.0314648 0.657689 0.0380799 0.699577 0.0390253 0.7146 0.01004 0.713548 0.01004 0.734367 0.98812 0.732189 0.98812 0.713594 0.97465 0.713684 0.974929 0.732151 0.975655 0.694108 0.98812 0.692884 0.974349 0.669969 0.988121 0.667661 0.962414 0.731689 0.942678 0.712238 0.942678 0.729699 0.962415 0.694688 0.961062 0.668442 0.942678 0.695978 0.942678 0.665591 0.963656 0.760992 0.942678 0.760214 0.97439 0.752985 0.98812 0.759011 0.897609 0.967779 0.894367 0.981478 0.885932 0.037841 0.91014 0.026218 0.89748 0.010571 0.848995 0.053319 0.867652 0.042226 0.822917 0.070271 0.881843 0.03377 0.89196 0.00813901 0.093536 0.058133 0.092066 0.04823 0.093641 0.032083 0.105784 0.031336 0.09846 0.015615 0.123093 0.0263084 0.119819 0.0470867 0.240232 0.04787 0.252684 0.051065 0.230171 0.032466 0.210649 0.0261877 0.134055 0.00346297 0.116117 0.00622898 0.097478 0.010623 0.151187 0.00944632 0.170244 0.014356 0.184452 0.018187 0.19509 0.198355 0.224731 0.198709 0.252684 0.19384 0.211345 0.179161 0.252684 0.159749 0.209214 0.158286 0.231975 0.121723 0.252684 0.10772 0.221916 0.097331 0.20469 0.11709 0.187731 0.178675 0.186552 0.144514 0.157709 0.177815 0.129948 0.178054 0.5707 0.643034 0.054406 0.40693 0.07103 0.418049 0.094737 0.422606 0.106344 0.408028 0.0858101 0.394415 0.056288 0.385424 0.123538 0.39977 0.440612 0.496309 0.421747 0.497436 0.41745 0.537978 0.402859 0.497305 0.403947 0.517193 0.402903 0.540753 0.389187 0.540227 0.389194 0.517045 0.388546 0.496722 0.389248 0.470945 0.390621 0.449527 0.40353 0.468001 0.42018 0.472947 0.294049 0.555178 0.942503 0.169077 0.895207 0.175787 0.858451 0.171405 0.862142 0.14522 0.846389 0.14884 0.839378 0.180353 0.446131 0.765603 0.462565 0.768137 0.489875 0.781694 0.506825 0.781334 0.523755 0.781502 0.757042 0.830286 0.769981 0.835755 0.766318 0.814906 0.989205 0.366069 0.989205 0.394348 0.846738 0.563144 0.867029 0.560653 0.889062 0.568474 0.733949 0.699976 0.728964 0.677867 0.734966 0.707945 0.742866 0.707764 0.742502 0.701063 0.725443 0.705537 0.706116 0.679593 0.71642 0.660665 0.701947 0.67037 0.713755 0.706692 0.691812 0.689958 0.702788 0.708986 0.689204 0.708585 0.684371 0.717678 0.679018 0.710729 0.668968 0.695584 0.670412 0.710993 0.65446 0.710825 0.67436 0.71295 0.67592 0.711327 0.645944 0.718515 0.639819 0.711666 0.66587 0.719211 0.67526 0.720333 0.639722 0.720039 0.632253 0.712817 0.63945 0.742804 0.648181 0.743558 0.657212 0.743296 0.648811 0.764074 0.656901 0.764014 0.665811 0.744622 0.664643 0.763998 0.674924 0.748462 0.674677 0.768968 0.639176 0.765607 0.675025 0.739943 0.639039 0.777081 0.64829 0.780214 0.656696 0.779984 0.664734 0.778441 0.663671 0.790179 0.674449 0.788008 0.638898 0.788809 0.656553 0.792859 0.656869 0.799855 0.646854 0.796027 0.649679 0.792272 0.666044 0.796301 0.754636 0.636962 0.754922 0.681964 0.730766 0.654905 0.782659 0.638699 0.810426 0.620959 0.815641 0.672512 0.778746 0.590812 0.715978 0.650014 0.809318 0.587497 0.776879 0.569421 0.811698 0.573046 0.842524 0.578073 0.826384 0.60832 0.867034 0.578767 0.852098 0.612292 0.832915 0.634213 0.88741 0.590463 0.868227 0.615237 0.850188 0.641533 0.835136 0.659421 0.865646 0.665443 0.868746 0.63962 0.88391 0.640623 0.886127 0.618151 0.902735 0.620471 0.902735 0.642447 0.882176 0.659008 0.902735 0.59702 0.902735 0.578089 0.902735 0.664677 0.83494 0.688189 0.846263 0.689541 0.880446 0.68106 0.902735 0.675598 0.863379 0.702339 0.874218 0.699672 0.886854 0.697249 0.902735 0.687257 0.85329 0.704631 0.846702 0.728764 0.854804 0.729517 0.838635 0.729977 0.863612 0.730676 0.872405 0.730477 0.829522 0.730121 0.847646 0.745972 0.857069 0.75456 0.838797 0.754242 0.865589 0.750235 0.873519 0.748804 0.882373 0.728795 0.88222 0.749651 0.891753 0.730277 0.891251 0.751536 0.900385 0.754456 0.830175 0.755872 0.848097 0.758063 0.86614 0.773281 0.839133 0.765352 0.87419 0.769426 0.882337 0.76935 0.891551 0.771574 0.900385 0.775068 0.853721 0.778843 0.848541 0.779695 0.83066 0.774932 0.843411 0.779842 0.848963 0.786098 0.857203 0.782728 0.84059 0.783795 0.65781 0.647901 0.678028 0.644328 0.67749 0.652256 0.67309 0.668272 0.68495 0.666233 0.68848 0.677037 0.665114 0.68271 0.633909 0.696931 0.631799 0.708863 0.614311 0.7083 0.630586 0.711834 0.601121 0.70819 0.623923 0.714987 0.596745 0.710473 0.596745 0.737859 0.605257 0.738334 0.614168 0.736336 0.622878 0.7385 0.631092 0.735394 0.62276 0.759564 0.61443 0.755775 0.606615 0.760067 0.631656 0.760071 0.596745 0.76032 0.614736 0.761944 0.596745 0.774492 0.606937 0.774799 0.614212 0.776829 0.605994 0.786011 0.622769 0.778565 0.632146 0.781535 0.604518 0.79289 0.614278 0.788349 0.615055 0.795204 0.623874 0.79249 0.631846 0.768404 0.8038 0.695995 0.785505 0.680566 0.812165 0.695128 0.770749 0.699068 0.777962 0.698913 0.764561 0.699812 0.752574 0.699973 0.762542 0.707141 0.751587 0.706194 0.753273 0.707843 0.753273 0.713273 0.762875 0.737837 0.771309 0.728559 0.77166 0.73918 0.779589 0.738945 0.779644 0.728655 0.788453 0.738221 0.753273 0.735133 0.771282 0.761751 0.779981 0.764565 0.762192 0.760683 0.788453 0.760224 0.753273 0.76329 0.753273 0.744259 0.788453 0.771222 0.763114 0.779006 0.779287 0.783342 0.771525 0.783712 0.788453 0.784049 0.753273 0.783332 0.77171 0.789338 0.777514 0.788603 0.765811 0.788843 0.771624 0.794954 0.782225 0.791983 0.761341 0.792528 0.799336 0.704989 0.791807 0.706829 0.788504 0.696307 0.800946 0.734442 0.80917 0.725941 0.809957 0.73725 0.817826 0.734765 0.827083 0.735328 0.791893 0.734042 0.809984 0.757766 0.818695 0.760525 0.80061 0.748269 0.827083 0.757563 0.791893 0.759339 0.800653 0.760065 0.809295 0.782191 0.827083 0.771024 0.8005 0.769136 0.791893 0.767399 0.81495 0.786796 0.80197 0.783091 0.819341 0.78913 0.791893 0.780642 0.809296 0.787825 0.80363 0.787456 0.808948 0.792839 0.799726 0.790469 0.83273 0.697058 0.829683 0.703224 0.829173 0.700752 0.823419 0.694904 0.835842 0.704832 0.84208 0.699438 0.817221 0.704561 0.827083 0.70574 0.808017 0.705454 0.779457 0.707222 0.790323 0.705078 0.788453 0.713041 0.771214 0.709136 0.705874 0.739997 0.69611 0.73879 0.687089 0.740693 0.67849 0.74061 0.688921 0.761358 0.696617 0.762016 0.705808 0.762361 0.715513 0.735221 0.715271 0.765694 0.678732 0.763393 0.723765 0.751089 0.733052 0.755521 0.740907 0.740328 0.741326 0.766262 0.749813 0.763455 0.732473 0.767062 0.723514 0.766026 0.733096 0.73825 0.74161 0.720788 0.724309 0.737025 0.749571 0.740461 0.749256 0.710415 0.677967 0.711794 0.733234 0.790787 0.738823 0.789915 0.72335 0.774915 0.749971 0.778265 0.750052 0.785853 0.714913 0.781987 0.703525 0.789882 0.704821 0.77598 0.696713 0.777764 0.689334 0.778469 0.67898 0.786836 0.6789 0.779216 0.733482 0.796874 0.743227 0.792934 0.723384 0.794515 0.727571 0.790805 0.696314 0.790844 0.689259 0.790126 0.686632 0.793547 0.696274 0.797607 0.705255 0.794693 0.882741 0.778823 0.883543 0.786306 0.875269 0.78434 0.876354 0.778955 0.892846 0.784312 0.900385 0.727483 0.684458 0.856303 0.685839 0.843882 0.695305 0.845251 0.694123 0.857098 0.673212 0.855184 0.673976 0.841613 0.704409 0.849322 0.704409 0.858512 0.661547 0.855859 0.661541 0.841859 0.648712 0.864076 0.647419 0.843201 0.635318 0.866141 0.634046 0.845876 0.623803 0.864738 0.623275 0.845605 0.611889 0.855473 0.611856 0.845508 0.693804 0.870341 0.704409 0.87194 0.611938 0.870768 0.660851 0.869872 0.683157 0.869387 0.672644 0.866818 0.682295 0.881969 0.694438 0.881933 0.671148 0.874345 0.704409 0.883785 0.659054 0.88184 0.647414 0.879096 0.635332 0.878159 0.623525 0.879485 0.61198 0.884087 0.612038 0.901617 0.626031 0.903225 0.635341 0.895778 0.634883 0.905466 0.622099 0.910162 0.634712 0.913327 0.643524 0.90475 0.647546 0.910465 0.646405 0.896062 0.65828 0.900216 0.673733 0.901929 0.681446 0.902479 0.689145 0.901839 0.681751 0.910459 0.695076 0.905953 0.668265 0.906491 0.704409 0.898666 0.705745 0.840774 0.692771 0.832241 0.705631 0.82073 0.715478 0.831019 0.684945 0.831903 0.69745 0.81688 0.687332 0.815794 0.67704 0.81712 0.67701 0.831502 0.661473 0.829233 0.661729 0.816456 0.632041 0.836914 0.642362 0.827758 0.652279 0.821875 0.629197 0.830911 0.622086 0.837549 0.607818 0.82768 0.608018 0.838363 0.694771 0.636767 0.696553 0.620852 0.712267 0.619306 0.702791 0.63788 0.682799 0.637912 0.678853 0.624313 0.725689 0.625517 0.711156 0.643049 0.725521 0.600034 0.74882 0.610608 0.703928 0.602196 0.701665 0.579202 0.684354 0.578308 0.680734 0.602554 0.656579 0.627255 0.671792 0.565085 0.743564 0.578338 0.704945 0.561623 0.72377 0.568992 0.689846 0.556618 0.596745 0.694564 0.596745 0.705056 0.596745 0.707999 0.596745 0.675598 0.596745 0.664677 0.596745 0.642447 0.596745 0.620471 0.596745 0.59702 0.848538 0.24221 0.830005 0.233582 0.877486 0.252705 0.904669 0.238927 0.825166 0.20936 0.93226 0.266383 0.922701 0.213383 0.946229 0.229858 0.957104 0.253729 0.964499 0.226412 0.989205 0.252561 0.989205 0.225681 0.901587 0.202476 0.879011 0.197448 0.918383 0.186294 0.94421 0.203481 0.967292 0.181623 0.989205 0.190812 0.989205 0.142747 0.9569 0.137853 0.957614 0.103942 0.971562 0.073802 0.953274 0.0548658 0.989205 0.10707 0.989205 0.072779 0.989205 0.051555 0.938466 0.101256 0.936204 0.131799 0.92189 0.099246 0.921485 0.126248 0.904677 0.127636 0.904822 0.097977 0.923046 0.0650156 0.906734 0.0653792 0.881898 0.096199 0.883859 0.062259 0.88106 0.124973 0.938252 0.0594324 0.925625 0.153969 0.862427 0.120163 0.863911 0.0847491 0.846263 0.120253 0.846668 0.0850903 0.822331 0.092438 0.822507 0.119989 0.925011 0.036209 0.937308 0.040553 0.953252 0.043224 0.970718 0.043279 0.989204 0.037476 0.796446 0.087029 0.798662 0.120025 0.774678 0.096738 0.735682 0.090903 0.74065 0.142247 0.700811 0.0686584 0.707292 0.128498 0.708816 0.162368 0.770936 0.160296 0.796681 0.152499 0.793994 0.178756 0.819254 0.151925 0.813891 0.18006 0.793141 0.20723 0.844771 0.210567 0.769558 0.208288 0.741477 0.200168 0.707424 0.204849 0.707569 0.186733 0.681315 0.206132 0.683324 0.179077 0.64743 0.210022 0.645532 0.192375 0.623671 0.212815 0.620835 0.18077 0.704501 0.224446 0.680733 0.250724 0.64916 0.249956 0.70129 0.249022 0.734872 0.241374 0.738968 0.222104 0.600747 0.190812 0.62473 0.230326 0.600747 0.225681 0.600747 0.252561 0.626912 0.250499 0.648249 0.267568 0.8748 0.274637 0.896064 0.276052 0.915931 0.292913 0.707779 0.335488 0.737033 0.314976 0.678476 0.327262 0.738272 0.342162 0.677917 0.355004 0.650924 0.357164 0.758554 0.312177 0.758047 0.34064 0.707069 0.377209 0.741471 0.371657 0.707326 0.423431 0.675717 0.411781 0.677267 0.381805 0.646064 0.414271 0.649482 0.385517 0.623869 0.388599 0.600747 0.394348 0.737516 0.432141 0.624823 0.360975 0.600747 0.366069 0.771411 0.378897 0.775305 0.34019 0.775134 0.307647 0.78924 0.314126 0.792065 0.341456 0.808516 0.346376 0.812535 0.319026 0.82853 0.321699 0.823742 0.358766 0.844604 0.366838 0.866408 0.369484 0.841003 0.413298 0.86432 0.408749 0.887049 0.405326 0.917353 0.375051 0.889243 0.375469 0.818279 0.405419 0.790529 0.388653 0.804141 0.37373 0.619321 0.0477956 0.618957 0.136571 0.600747 0.10707 0.600747 0.072779 0.600747 0.142747 0.640286 0.0791649 0.643548 0.162327 0.66147 0.100452 0.663043 0.133593 0.686392 0.098197 0.686335 0.131469 0.66108 0.0426988 0.681284 0.040752 0.712425 0.057603 0.741144 0.079074 0.664749 0.02859 0.646329 0.017421 0.640558 0.042884 0.600747 0.051555 0.600747 0.037476 0.623717 0.021093 0.634289 0.00669998 0.195118 0.513221 0.198242 0.495059 0.179832 0.510917 0.183495 0.493403 0.165879 0.509198 0.168438 0.491988 0.159539 0.527432 0.173479 0.530796 0.15138 0.545069 0.165321 0.55138 0.198145 0.471164 0.18144 0.471397 0.166686 0.47264 0.151731 0.507886 0.145224 0.523494 0.150358 0.488699 0.150181 0.473889 0.148773 0.457051 0.128016 0.459029 0.142601 0.438872 0.132428 0.419437 0.161064 0.455308 0.156337 0.436447 0.178158 0.451761 0.171909 0.432316 0.147989 0.411864 0.194185 0.447351 0.189491 0.532648 0.184979 0.54866 0.150276 0.580387 0.138476 0.565317 0.12613 0.57997 0.118441 0.608281 0.118337 0.63175 0.121175 0.654512 0.120701 0.669103 0.099459 0.641014 0.105522 0.66162 0.082096 0.646166 0.086467 0.665183 0.0596854 0.651204 0.0624157 0.667155 0.058505 0.678609 0.0631604 0.692081 0.0835166 0.692792 0.084436 0.678479 0.0900964 0.719786 0.074418 0.720169 0.057499 0.717331 0.0512864 0.73991 0.0665208 0.751638 0.0831724 0.757114 0.102989 0.743068 0.0858027 0.781205 0.0634974 0.796587 0.0820705 0.814299 0.060739 0.838475 0.0741456 0.874289 0.0445373 0.856213 0.041422 0.820427 0.0387531 0.922271 0.0673535 0.927911 0.0400504 0.779465 0.097131 0.929434 0.132501 0.911045 0.16833 0.910194 0.207798 0.923703 0.166484 0.930644 0.129215 0.931337 0.207798 0.945226 0.207798 0.968419 0.166509 0.968419 0.124928 0.952329 0.124563 0.968419 0.0862774 0.954257 0.079356 0.968419 0.048947 0.967351 0.032719 0.949498 0.028846 0.964027 0.025199 0.977195 0.040433 0.978056 0.021751 0.989497 0.033411 0.990244 0.032242 0.999007 0.01876 0.999007 0.0271949 0.456666 0.023421 0.475297 0.015869 0.476833 0.03304 0.424921 0.036065 0.406329 0.03772 0.385097 0.04426 0.446116 0.049475 0.426301 0.0748646 0.433687 0.03907 0.463582 0.032761 0.47742 0.0650855 0.454583 0.0494762 0.47498 0.105473 0.463095 0.0682729 0.484893 0.111885 0.482207 0.0985029 0.444203 0.121003 0.438476 0.130988 0.48317 0.127478 0.500705 0.112022 0.499395 0.089883 0.497851 0.120039 0.51846 0.119946 0.543528 0.136495 0.540058 0.126154 0.555947 0.11706 0.565939 0.101255 0.577292 0.108584 0.593148 0.0810509 0.588091 0.0869571 0.604587 0.0472028 0.617626 0.0307929 0.603614 0.0756805 0.572221 0.024416 0.588725 0.0285452 0.640415 0.037342 0.584881 0.0549139 0.6339 0.0893476 0.623524 0.0247019 0.578044 0.063732 0.568004 0.0355658 0.566168 0.0236349 0.566414 0.0191317 0.54871 0.016496 0.538983 0.015848 0.530071 0.020753 0.538328 0.02012 0.528908 0.034087 0.557344 0.047004 0.551368 0.060699 0.557401 0.084711 0.556343 0.0928571 0.562493 0.106714 0.548741 0.107426 0.51456 0.0863589 0.513036 0.0970323 0.538042 0.0558068 0.497506 0.053999 0.48757 0.040487 0.483928 0.047811 0.489816 0.042058 0.490382 0.066687 0.511442 0.054128 0.509927 0.0509766 0.524931 0.0595961 0.533121 0.0703775 0.538837 0.0864225 0.535088 0.077605 0.548548 0.0356327 0.541322 0.0253275 0.53889 0.043622 0.518032 0.047131 0.502727 0.040478 0.499089 0.037633 0.506487 0.023349 0.526783 0.026775 0.524155 0.036557 0.529904 0.031417 0.517053 0.237338 0.0756236 0.224305 0.049992 0.211193 0.0700656 0.188855 0.0865708 0.182404 0.111672 0.15745 0.0968935 0.163656 0.074331 0.176151 0.0586116 0.170341 0.0344831 0.198698 0.0442598 0.156221 0.048874 0.146415 0.065562 0.143364 0.0400766 0.13287 0.056011 0.144488 0.0222598 0.133453 0.0912972 0.129128 0.111336 0.115259 0.0593377 0.113547 0.077383 0.113194 0.096408 0.09887 0.058547 0.0783498 0.0672226 0.08311 0.059178 0.076436 0.059857 0.067851 0.059812 0.067851 0.070262 0.067851 0.081695 0.0834737 0.110958 0.0990672 0.0462539 0.0989139 0.0840781 0.067851 0.10653 0.104593 0.117352 0.126167 0.144464 0.09738 0.136753 0.15687 0.132885 0.067851 0.139909 0.067851 0.15956 0.10024 0.178537 0.067851 0.179795 0.101303 0.198416 0.067851 0.209722 0.0996866 0.230572 0.134073 0.217167 0.133146 0.198434 0.161352 0.198115 0.164564 0.218583 0.133102 0.249727 0.165915 0.249514 0.134662 0.269082 0.167127 0.269069 0.196775 0.249665 0.197584 0.26909 0.0999321 0.267621 0.195898 0.227518 0.227427 0.250031 0.226491 0.283646 0.228162 0.23014 0.135849 0.293078 0.168516 0.293058 0.19901 0.292992 0.138773 0.310464 0.104468 0.310368 0.10919 0.333657 0.143979 0.330358 0.154588 0.347858 0.17736 0.347053 0.174689 0.328985 0.20881 0.347646 0.204826 0.327713 0.229166 0.327086 0.205472 0.373206 0.171157 0.310681 0.201425 0.310582 0.227471 0.310708 0.260104 0.414513 0.232723 0.392701 0.243675 0.414362 0.230196 0.397856 0.203859 0.379082 0.174653 0.371197 0.141956 0.362907 0.105775 0.351324 0.067851 0.325528 0.067851 0.343245 0.102126 0.293002 0.067851 0.307072 0.207091 0.667133 0.208528 0.654194 0.225079 0.656364 0.176868 0.654846 0.18552 0.693197 0.167205 0.686413 0.161378 0.716182 0.223741 0.668191 0.183351 0.723274 0.202392 0.705089 0.220996 0.692448 0.168492 0.642815 0.161286 0.664855 0.144186 0.71403 0.2166 0.731304 0.158271 0.753479 0.178785 0.777577 0.141351 0.797224 0.176174 0.80806 0.207724 0.811845 0.210739 0.777287 0.213579 0.758011 0.178629 0.614572 0.195435 0.628136 0.205145 0.643507 0.20774 0.632363 0.213808 0.647977 0.225889 0.6492 0.198899 0.60801 0.22817 0.597572 0.214721 0.614892 0.561497 0.346692 0.561944 0.302407 0.537004 0.329186 0.515697 0.303448 0.492774 0.336591 0.473492 0.297265 0.450301 0.310999 0.454461 0.255295 0.436833 0.274409 0.443404 0.250167 0.432178 0.298045 0.416245 0.299607 0.410939 0.291903 0.38601 0.297298 0.379203 0.309322 0.407276 0.283127 0.417999 0.283367 0.403042 0.247598 0.423319 0.308096 0.375667 0.284454 0.354122 0.302761 0.34741 0.316301 0.315813 0.31114 0.321252 0.303037 0.3078 0.303777 0.338113 0.297491 0.303952 0.316135 0.293285 0.305141 0.304876 0.295767 0.31617 0.269906 0.292725 0.236804 0.286427 0.278032 0.35496 0.284103 0.333027 0.234021 0.368057 0.238604 0.42622 0.245039 0.420561 0.226547 0.436389 0.224288 0.437071 0.232391 0.453268 0.23854 0.43512 0.199648 0.425308 0.200642 0.417037 0.207073 0.450504 0.19629 0.442025 0.225322 0.422003 0.158039 0.44026 0.168138 0.442025 0.144844 0.442197 0.12086 0.418327 0.119558 0.44317 0.097822 0.414354 0.097575 0.407994 0.066568 0.446801 0.070312 0.45961 0.151895 0.471326 0.106075 0.483938 0.082985 0.513382 0.104473 0.492288 0.118229 0.462609 0.126632 0.480991 0.134224 0.508896 0.137918 0.495155 0.146302 0.478928 0.158693 0.496026 0.162758 0.529286 0.128484 0.516767 0.160608 0.519931 0.184726 0.492936 0.185517 0.53824 0.156594 0.540026 0.184193 0.520105 0.232996 0.540041 0.233708 0.49965 0.210271 0.475338 0.210327 0.501307 0.234206 0.476167 0.232503 0.551467 0.121362 0.53432 0.091161 0.499427 0.062392 0.560245 0.15271 0.562421 0.180744 0.561947 0.229827 0.453771 0.041299 0.561791 0.253912 0.539893 0.258586 0.518746 0.257199 0.498031 0.262908 0.476586 0.25631 0.459767 0.180556 0.455881 0.214814 0.494777 0.677887 0.518164 0.67012 0.543716 0.670821 0.471918 0.681027 0.471822 0.668743 0.5707 0.663959 0.5707 0.689808 0.544016 0.646995 0.51882 0.657388 0.518949 0.644532 0.494333 0.654298 0.471522 0.655239 0.446525 0.657379 0.417752 0.663616 0.394326 0.659315 0.398556 0.644822 0.381914 0.64183 0.380355 0.657968 0.382861 0.690572 0.362413 0.694263 0.365741 0.658031 0.339008 0.680319 0.3408 0.663433 0.398738 0.678637 0.315015 0.679601 0.313444 0.694206 0.338504 0.71639 0.314537 0.713586 0.360459 0.716231 0.382536 0.716825 0.403323 0.695648 0.403496 0.717863 0.317064 0.655024 0.294049 0.689808 0.294049 0.663959 0.424163 0.686151 0.44769 0.681168 0.426072 0.716725 0.445153 0.716458 0.447844 0.696377 0.462224 0.715896 0.471108 0.696635 0.481319 0.716604 0.49528 0.695199 0.497977 0.733043 0.517415 0.696619 0.483985 0.741943 0.532835 0.725057 0.542084 0.692926 0.551245 0.718635 0.5707 0.72157 0.5707 0.731485 0.470842 0.735085 0.294084 0.722113 0.354155 0.81778 0.323782 0.827779 0.352685 0.855843 0.323854 0.857809 0.315905 0.799127 0.314088 0.774107 0.294049 0.77674 0.294049 0.80083 0.375688 0.795616 0.382192 0.822748 0.381372 0.85583 0.351283 0.8877 0.380963 0.888843 0.406022 0.889667 0.406522 0.920945 0.380332 0.92088 0.38008 0.942788 0.404566 0.943935 0.378877 0.974847 0.404076 0.978574 0.407197 0.856734 0.42428 0.920033 0.422676 0.944337 0.412922 0.812156 0.395464 0.796885 0.435467 0.824507 0.439246 0.79872 0.423092 0.7764 0.442489 0.778676 0.460177 0.798924 0.460873 0.780969 0.459552 0.823346 0.475476 0.781265 0.479312 0.79849 0.48685 0.823914 0.496748 0.799145 0.513242 0.823588 0.514655 0.799643 0.533628 0.800537 0.541421 0.825451 0.552759 0.802302 0.537518 0.781389 0.552931 0.781648 0.5707 0.804675 0.5707 0.781974 0.5707 0.828725 0.539798 0.856407 0.511479 0.854498 0.459909 0.854352 0.433289 0.882292 0.54013 0.886182 0.50972 0.886318 0.485803 0.886582 0.509857 0.92154 0.48728 0.920528 0.539905 0.916368 0.5707 0.913748 0.5707 0.866113 0.530646 0.936408 0.510515 0.962402 0.531728 0.971412 0.553328 0.958227 0.554587 0.973909 0.5707 0.936915 0.5707 0.957407 0.490879 0.95959 0.491595 0.973561 0.469545 0.958186 0.458865 0.921622 0.458379 0.888557 0.43893 0.921324 0.452504 0.960037 0.435627 0.961304 0.421238 0.963347 0.355786 0.974403 0.353668 0.941935 0.3316 0.953536 0.332159 0.975009 0.35025 0.92084 0.312333 0.939121 0.31266 0.959583 0.294049 0.936915 0.294049 0.957407 0.294049 0.913748 0.323529 0.887978 0.294049 0.866113 0.294049 0.826505 0.322617 0.91844 0.313585 0.977176 0.294049 0.974273 0.327024 0.994647 0.356513 0.994647 0.376658 0.994647 0.402817 0.994647 0.425642 0.994647 0.294049 0.994647 0.436889 0.977405 0.451606 0.975494 0.468394 0.973713 0.452901 0.994647 0.490086 0.994647 0.513247 0.994647 0.534734 0.994647 0.5707 0.994647 0.5707 0.974273 0.5707 0.606708 0.543842 0.620599 0.544291 0.58129 0.518673 0.629731 0.519384 0.572391 0.497973 0.580628 0.496645 0.625597 0.47695 0.60618 0.476994 0.577737 0.473963 0.639809 0.449935 0.637464 0.426152 0.633081 0.403541 0.62835 0.384856 0.625395 0.430352 0.60819 0.411239 0.605762 0.389389 0.604653 0.413167 0.585124 0.391286 0.578377 0.5707 0.643034 0.370337 0.586538 0.367206 0.607646 0.361041 0.627011 0.363604 0.642502 0.341037 0.632044 0.351095 0.592265 0.352986 0.569259 0.370708 0.563785 0.371663 0.541165 0.352652 0.524049 0.370607 0.504858 0.352115 0.497083 0.369596 0.458753 0.351203 0.470364 0.333297 0.498184 0.333599 0.457028 0.314475 0.493103 0.353796 0.4293 0.334462 0.432258 0.356567 0.410055 0.335765 0.417312 0.359378 0.392048 0.336614 0.410663 0.372579 0.42603 0.375818 0.405472 0.396399 0.402726 0.393952 0.424693 0.407542 0.403726 0.314419 0.43356 0.294049 0.463459 0.294049 0.431987 0.294049 0.418733 0.313798 0.414391 0.294049 0.414391 0.378625 0.389872 0.399797 0.387392 0.294049 0.503371 0.315154 0.525358 0.294049 0.530084 0.314841 0.55143 0.333937 0.522096 0.333923 0.548696 0.332706 0.575115 0.313658 0.598718 0.331899 0.59857 0.294049 0.606708 0.329651 0.618418 0.314375 0.623601 0.294049 0.643034 0.317116 0.638124 0.348527 0.612975 0.5707 0.420309 0.5707 0.433803 0.552374 0.436147 0.553899 0.467716 0.5707 0.463818 0.531606 0.437491 0.508735 0.421296 0.510279 0.438071 0.48979 0.424412 0.512729 0.475093 0.534225 0.470088 0.466516 0.443926 0.469736 0.414198 0.447585 0.410141 0.451688 0.392905 0.425379 0.387486 0.47325 0.402671 0.492073 0.412401 0.508525 0.414647 0.528317 0.414778 0.548931 0.414522 0.5707 0.414391 0.419503 0.451593 0.4414 0.474673 0.490181 0.47638 0.464982 0.477767 0.472307 0.49817 0.458296 0.497254 0.457767 0.520645 0.440554 0.518473 0.440102 0.543652 0.455964 0.571466 0.475231 0.532757 0.455765 0.599299 0.433365 0.564667 0.41398 0.562269 0.496975 0.550368 0.54065 0.550716 0.5707 0.555178 0.494863 0.523028 0.515708 0.523466 0.49323 0.499549 0.514713 0.500018 0.536731 0.51344 0.55606 0.522023 0.5707 0.503371 0.5707 0.530084 0.931945 0.975719 0.92658 0.963942 0.942423 0.956593 0.948507 0.967875 0.95596 0.931475 0.963644 0.946672 0.913641 0.973768 0.914673 0.961912 0.936176 0.988339 0.914947 0.987047 0.956568 0.977591 0.973353 0.953212 0.936379 0.940742 0.91913 0.949855 0.90543 0.954378 0.951921 0.906003 0.963066 0.886738 0.970829 0.922313 0.975734 0.885383 0.984661 0.899942 0.982478 0.927664 0.946129 0.882296 0.978911 0.866545 0.986796 0.881203 0.98812 0.82071 0.980936 0.820819 0.959738 0.842712 0.937988 0.859831 0.922579 0.900946 0.913135 0.876721 0.928952 0.838641 0.90294 0.849791 0.98812 0.791283 0.981071 0.766356 0.955847 0.789769 0.954012 0.813492 0.912626 0.806129 0.889546 0.816755 0.93056 0.786867 0.89862 0.911402 0.880736 0.933397 0.881024 0.954718 0.866704 0.942998 0.859537 0.952285 0.853616 0.931819 0.844373 0.937948 0.830725 0.90945 0.824411 0.913227 0.8024 0.885356 0.826134 0.865712 0.803503 0.840216 0.779458 0.856044 0.871084 0.920659 0.849424 0.892706 0.845576 0.850249 0.803855 0.79943 0.843114 0.817424 0.7809 0.807319 0.873589 0.823331 0.879278 0.856566 0.887204 0.889434 0.882759 0.915585 0.868982 0.890202 0.865298 0.870509 0.846814 0.868587 0.819389 0.925401 0.819099 0.950827 0.786705 0.943749 0.80696 0.911609 0.800709 0.970656 0.787012 0.902977 0.756031 0.90159 0.75881 0.990225 0.776575 0.984327 0.739448 0.904919 0.744603 0.991759 0.687268 0.989122 0.687061 0.961687 0.713944 0.918193 0.686914 0.934064 0.62942 0.959419 0.656414 0.989256 0.620304 0.990151 0.581053 0.959665 0.590061 0.980366 0.588809 0.93585 0.619752 0.929902 0.652054 0.937293 0.29524 0.147983 0.293062 0.163212 0.300175 0.127401 0.296127 0.090163 0.321676 0.099757 0.342831 0.049533 0.31258 0.149383 0.321525 0.130987 0.341559 0.134637 0.339551 0.109072 0.356826 0.118985 0.381755 0.10429 0.36504 0.0820664 0.37844 0.132015 0.399481 0.122543 0.389549 0.146443 0.388192 0.161514 0.392834 0.180036 0.383407 0.218271 0.404361 0.035393 0.279469 0.219685 0.28137 0.237608 0.278992 0.199279 0.293004 0.221264 0.363993 0.342385 0.385668 0.333978 0.406058 0.321951 0.410793 0.330626 0.429212 0.321118 0.400358 0.357726 0.385818 0.342158 0.450084 0.376922 0.424499 0.376922 0.469095 0.376922 0.490558 0.376922 0.507238 0.376922 0.531216 0.376922 0.557299 0.376922 0.574373 0.376922 0.36861 0.34744 0.407961 0.376922 0.397972 0.376922 0.385119 0.376922 0.374119 0.376922 0.318547 0.235581 0.10749 0.721694 0.106709 0.689086 0.104328 0.675567 0.0373814 0.688511 0.0319993 0.669901 0.0314648 0.657689 0.0380799 0.699577 0.040434 0.71473 0.98812 0.732189 0.974929 0.732151 0.97465 0.713684 0.98812 0.713594 0.975655 0.694108 0.98812 0.692884 0.974349 0.669969 0.988121 0.667661 0.962414 0.731689 0.942678 0.712238 0.942678 0.729699 0.962415 0.694688 0.961062 0.668442 0.942678 0.695978 0.942678 0.665591 0.963656 0.760992 0.942678 0.760214 0.97439 0.752985 0.98812 0.759011 0.885932 0.037841 0.91014 0.026218 0.89748 0.010571 0.848995 0.053319 0.867652 0.042226 0.822917 0.070271 0.881843 0.03377 0.89196 0.00813901 0.093536 0.058133 0.092066 0.04823 0.093641 0.032083 0.105784 0.031336 0.09846 0.015615 0.123093 0.0263084 0.119819 0.0470867 0.240232 0.04787 0.230171 0.032466 0.210649 0.0261877 0.134055 0.00346297 0.116117 0.00622898 0.097478 0.010623 0.151187 0.00944632 0.170244 0.014356 0.184452 0.018187 0.897609 0.967779 0.894367 0.981478 0.19509 0.198355 0.224731 0.198709 0.211345 0.179161 0.209214 0.158286 0.231975 0.121723 0.221916 0.097331 0.20469 0.11709 0.187731 0.178675 0.186552 0.144514 0.157709 0.177815 0.129948 0.178054 0.054406 0.40693 0.07103 0.418049 0.094737 0.422606 0.106344 0.408028 0.0858101 0.394415 0.056288 0.385424 0.123538 0.39977 0.440612 0.496309 0.421747 0.497436 0.41745 0.537978 0.402859 0.497305 0.403947 0.517193 0.402903 0.540753 0.389187 0.540227 0.389194 0.517045 0.388546 0.496722 0.389248 0.470945 0.390621 0.449527 0.40353 0.468001 0.42018 0.472947 0.294049 0.555178 0.942503 0.169077 0.895207 0.175787 0.858451 0.171405 0.862142 0.14522 0.846389 0.14884 0.839378 0.180353 0.446131 0.765603 0.462565 0.768137 0.489875 0.781694 0.506825 0.781334 0.523755 0.781502 0.757042 0.830286 0.769981 0.835755 0.766318 0.814906 0.989205 0.366069 0.989205 0.394348 0.846738 0.563144 0.867029 0.560653 0.889062 0.568474 0.324241 0.187622 0.324241 0.187622 0.723384 0.794515 0.622672 0.832196 0.600747 0.338924 0.600747 0.338924 0.207681 0.882387 0.989205 0.542143 0.989205 0.52902 0.207681 0.882387 0.650601 0.5763 0.622672 0.832196 0.989205 0.524459</float_array>
                    <technique_common>
                        <accessor count="3917" source="#NODE1-lib-uv-array" stride="2">
                            <param name="S" type="float" />
                            <param name="T" type="float" />
                        </accessor>
                    </technique_common>
                </source>
                <vertices id="NODE1-lib-vertices">
                    <input semantic="POSITION" source="#NODE1-lib-positions" />
                </vertices>
                <triangles count="6726" material="MAT">
                    <input offset="0" semantic="VERTEX" source="#NODE1-lib-vertices" set="0" />
                    <input offset="1" semantic="TEXCOORD" source="#NODE1-lib-uv" set="0" />
                    <p>1 1 0 0 2 2 2 2 0 0 3 3 4 6 2 2 3 3 5 7 4 6 3 3 6 8 0 0 1 1 7 9 0 0 6 8 8 17 6 8 1 1 7 10 6 8 8 17 9 12 7 10 8 11 10 13 9 12 8 11 4 14 1 1 2 4 9 16 5 15 7 9 5 15 3 5 0 0 5 15 0 0 7 9 4 14 8 17 1 1 10 18 8 17 4 14 13 21 11 19 12 20 14 22 13 21 12 20 15 24 13 21 14 22 16 25 15 24 14 22 12 20 11 19 17 26 18 27 12 20 17 26 11 19 19 33 17 26 18 28 17 26 19 33 20 30 18 28 19 29 21 31 20 30 19 29 15 32 11 19 13 23 15 32 19 33 11 19 21 34 19 33 15 32 20 35 16 37 18 27 16 37 12 20 18 27 16 37 14 36 12 20 24 40 22 38 23 39 25 41 24 40 23 39 26 43 24 40 25 41 27 44 26 43 25 41 23 39 22 38 28 45 22 38 30 50 28 45 29 46 28 45 30 50 31 48 29 46 30 47 32 49 31 48 30 47 29 51 23 39 28 45 26 52 30 50 22 38 32 53 30 50 26 52 26 52 22 38 24 42 31 54 27 56 29 51 27 56 23 39 29 51 27 56 25 55 23 39 33 57 35 59 34 58 35 59 36 60 34 58 35 59 37 63 36 60 37 63 38 64 36 60 34 58 39 65 33 57 34 58 40 66 39 65 39 65 41 74 33 57 39 65 40 67 41 74 40 67 42 69 41 68 42 69 43 70 41 68 33 57 37 71 35 61 36 62 38 72 34 58 38 72 42 73 40 66 34 58 38 72 40 66 41 74 37 71 33 57 41 74 43 75 37 71 44 76 46 78 45 77 46 78 47 79 45 77 46 78 48 81 47 79 48 81 49 82 47 79 44 76 45 77 50 83 45 77 51 84 50 83 52 90 44 76 50 83 50 83 51 85 52 90 51 85 53 87 52 86 53 87 54 88 52 86 44 76 48 89 46 80 52 90 48 89 44 76 52 90 54 91 48 89 49 94 53 92 51 84 45 77 49 94 51 84 47 93 49 94 45 77 55 95 57 97 56 96 57 97 58 98 56 96 57 97 59 100 58 98 59 100 60 101 58 98 55 95 56 96 61 102 63 104 55 95 61 102 61 102 62 103 63 104 62 103 64 105 63 104 64 105 65 106 63 104 56 96 62 108 61 102 56 96 60 110 62 108 58 109 60 110 56 96 60 110 64 111 62 108 63 107 65 112 59 113 63 107 59 113 55 95 55 95 59 113 57 99 66 114 67 115 68 116 69 117 66 114 68 116 72 120 70 118 71 119 73 121 70 118 72 120 71 119 75 123 74 122 76 124 74 122 75 123 76 124 75 123 77 125 79 127 77 125 78 126 79 127 81 129 77 125 81 129 76 124 77 125 72 120 82 130 73 121 82 130 72 120 83 131 84 132 82 130 83 131 82 130 84 132 85 133 84 132 86 134 85 133 85 133 86 134 87 135 86 134 88 136 87 135 87 135 88 136 89 137 88 136 90 138 89 137 87 135 91 139 85 133 87 135 89 137 91 139 93 141 89 137 90 138 92 140 89 137 93 141 94 142 93 141 90 138 93 141 94 142 95 143 94 142 96 144 95 143 73 121 82 130 85 133 85 133 97 145 73 121 98 146 73 121 97 145 73 121 98 146 70 118 98 146 99 147 70 118 71 119 70 118 99 147 100 148 71 119 99 147 99 147 98 146 101 149 102 150 99 147 101 149 99 147 102 150 100 148 101 149 103 151 102 150 103 151 104 152 102 150 102 150 104 152 105 153 102 150 105 153 100 148 104 152 106 154 105 153 103 151 101 149 107 155 108 156 103 151 107 155 101 149 98 146 97 145 107 155 101 149 97 145 108 156 107 155 109 157 107 155 97 145 109 157 110 158 108 156 109 157 110 158 109 157 111 159 109 157 112 160 111 159 113 161 111 159 112 160 114 162 113 161 112 160 97 145 115 163 109 157 109 157 115 163 116 164 112 160 109 157 116 164 112 160 116 164 114 162 116 164 117 165 114 162 97 145 91 139 115 163 115 163 91 139 116 164 91 139 97 145 85 133 91 139 118 166 116 164 116 164 118 166 117 165 118 166 119 167 117 165 91 139 89 137 118 166 118 166 89 137 92 140 119 167 118 166 92 140 120 168 121 169 122 170 123 171 120 168 122 170 124 172 120 168 123 171 120 168 124 172 125 173 125 173 124 172 126 174 124 172 127 175 126 174 126 174 120 168 125 173 121 169 120 168 126 174 127 176 128 177 129 178 126 179 127 176 129 178 129 178 130 180 126 179 130 180 121 3910 126 179 121 3910 130 180 131 181 122 182 121 3910 131 181 131 181 130 180 132 183 130 180 133 184 132 183 130 180 129 178 133 184 129 178 134 185 133 184 134 185 129 178 128 177 135 186 134 185 128 177 132 183 133 184 136 187 133 184 137 188 136 187 136 187 137 188 138 189 137 188 139 190 138 189 133 184 139 190 137 188 139 190 140 191 138 189 139 190 133 184 140 191 133 184 134 185 140 191 141 192 138 189 140 191 142 193 141 192 140 191 140 191 143 194 142 193 143 194 134 185 135 186 143 194 140 191 134 185 144 195 143 194 135 186 141 192 142 193 145 196 146 197 145 196 142 193 147 198 146 197 142 193 146 197 147 198 148 199 147 198 149 200 148 199 150 201 148 199 149 200 151 202 150 201 149 200 143 194 152 203 142 193 142 193 152 203 147 198 147 198 152 203 149 200 152 203 153 204 149 200 149 200 153 204 151 202 153 204 154 205 151 202 155 206 150 201 151 202 156 207 155 206 151 202 151 202 154 205 156 207 155 206 156 207 157 208 156 207 158 209 157 208 159 210 158 209 156 207 154 205 159 210 156 207 152 203 160 211 153 204 161 212 160 211 152 203 162 213 161 212 152 203 143 194 162 213 152 203 144 195 162 213 143 194 163 214 153 204 160 211 154 205 153 204 163 214 163 214 164 215 154 205 159 210 154 205 164 215 165 216 159 210 164 215 159 210 165 216 166 217 167 218 159 210 166 217 159 210 167 218 168 219 158 209 159 210 168 219 157 208 158 209 168 219 169 220 157 208 168 219 169 220 168 219 170 221 170 221 168 219 167 218 171 222 169 220 170 221 171 222 170 221 172 223 170 221 173 224 172 223 174 225 172 223 173 224 175 226 174 225 173 224 174 225 175 226 176 227 176 227 178 229 177 228 178 229 176 227 175 226 179 230 177 228 178 229 180 231 179 230 178 229 179 230 180 231 181 232 180 231 182 233 181 232 183 234 181 232 182 233 184 235 183 234 182 233 185 236 183 234 184 235 186 237 185 236 184 235 185 236 186 237 187 238 188 239 185 236 187 238 189 240 188 239 187 238 191 242 190 241 189 240 190 241 191 242 192 243 191 242 193 244 192 243 192 243 193 244 194 245 193 244 195 246 194 245 186 237 184 235 196 247 197 248 196 247 184 235 198 249 186 237 196 247 199 250 186 237 198 249 189 240 187 238 200 251 200 251 187 238 199 250 191 242 189 240 201 252 201 252 189 240 200 251 202 253 193 244 191 242 193 244 202 253 203 254 204 255 203 254 202 253 203 254 204 255 205 256 206 257 203 254 205 256 206 257 207 258 203 254 208 259 203 254 207 258 209 260 208 259 207 258 205 256 204 255 210 261 204 255 202 253 210 261 210 261 202 253 211 262 202 253 212 263 211 262 212 263 202 253 191 242 201 252 212 263 191 242 213 264 211 262 212 263 214 265 213 264 212 263 213 264 214 265 215 266 214 265 216 267 215 266 215 266 216 267 217 268 216 267 218 269 217 268 219 270 217 268 218 269 220 271 219 270 218 269 221 272 219 270 220 271 222 273 221 272 220 271 221 272 222 273 223 274 222 273 224 275 223 274 223 274 224 275 225 276 224 275 226 277 225 276 225 276 226 277 227 278 226 277 228 279 227 278 218 269 216 267 199 250 198 249 218 269 199 250 220 271 218 269 198 249 224 275 222 273 197 248 229 280 224 275 197 248 229 280 197 248 182 233 180 231 229 280 182 233 230 281 229 280 180 231 230 281 224 275 229 280 226 277 224 275 230 281 178 229 230 281 180 231 230 281 178 229 175 226 175 226 226 277 230 281 182 233 197 248 184 235 175 226 173 224 226 277 226 277 173 224 228 279 173 224 170 221 228 279 228 279 170 221 167 218 228 279 167 218 227 278 167 218 166 217 227 278 199 250 187 238 186 237 200 251 199 250 216 267 214 265 200 251 216 267 200 251 214 265 201 252 214 265 212 263 201 252 231 282 232 283 233 284 234 285 231 282 233 284 233 284 232 283 235 286 232 283 236 287 235 286 237 288 235 286 236 287 238 289 237 288 236 287 237 288 238 289 239 290 238 289 240 291 239 290 239 290 240 291 241 292 240 291 242 293 241 292 243 294 241 292 242 293 244 295 243 294 242 293 243 294 244 295 245 296 244 295 246 297 245 296 247 298 231 282 234 285 248 299 247 298 234 285 247 298 248 299 249 300 248 299 250 301 249 300 251 302 249 300 250 301 251 302 247 298 249 300 252 303 251 302 250 301 238 289 253 304 240 291 253 304 238 289 236 287 254 305 253 304 236 287 253 304 254 305 255 306 256 307 253 304 255 306 257 308 253 304 256 307 258 309 257 308 256 307 253 304 257 308 240 291 254 305 236 287 259 310 236 287 232 283 259 310 260 311 255 306 254 305 259 310 260 311 254 305 259 310 232 283 261 312 232 283 231 282 261 312 259 310 261 312 262 313 260 311 259 310 262 313 231 282 263 314 261 312 261 312 263 314 264 315 262 313 261 312 264 315 231 282 247 298 263 314 265 316 263 314 247 298 251 302 265 316 247 298 265 316 251 302 266 317 265 316 264 315 263 314 264 315 265 316 266 317 267 318 242 293 240 291 244 295 242 293 267 318 268 319 244 295 267 318 244 295 268 319 269 320 246 297 244 295 269 320 246 297 269 320 270 321 270 321 245 296 246 297 272 323 271 322 270 321 270 321 269 320 272 323 273 324 271 322 272 323 267 318 274 325 268 319 267 318 257 308 274 325 257 308 267 318 240 291 257 308 258 309 274 325 269 320 268 319 275 326 276 327 269 320 275 326 269 320 276 327 272 323 277 328 276 327 275 326 272 323 276 327 278 329 273 324 272 323 278 329 276 327 277 328 278 329 277 328 279 330 278 329 280 331 278 329 279 330 281 332 280 331 279 330 280 331 281 332 282 333 281 332 283 334 282 333 282 333 283 334 284 335 283 334 285 336 284 335 285 336 286 337 284 335 287 338 286 337 285 336 288 339 287 338 285 336 289 340 287 338 288 339 287 338 289 340 290 341 290 341 289 340 251 342 251 342 252 343 290 341 252 343 291 344 290 341 290 341 291 344 292 345 292 345 287 338 290 341 291 344 293 346 292 345 294 347 292 345 293 346 294 347 287 338 292 345 295 348 294 347 293 346 289 340 266 349 251 342 266 349 289 340 296 350 296 350 289 340 288 339 294 347 286 337 287 338 297 351 294 347 295 348 298 352 297 351 295 348 299 353 297 351 298 352 300 354 299 353 298 352 273 324 299 353 300 354 284 335 286 337 294 347 297 351 284 335 294 347 297 351 299 353 282 333 284 335 297 351 282 333 280 331 282 333 299 353 273 324 280 331 299 353 273 324 278 329 280 331 301 355 302 356 303 357 304 358 301 355 303 357 301 355 304 358 305 359 304 358 306 360 305 359 305 359 306 360 307 361 308 362 305 359 307 361 303 357 309 363 304 358 311 365 309 363 310 364 312 366 309 363 311 365 312 366 306 360 304 358 309 363 312 366 304 358 306 360 312 366 307 361 313 367 312 366 311 365 312 366 313 367 307 361 314 368 313 367 311 365 313 367 314 368 315 369 314 368 316 370 315 369 317 371 315 369 316 370 318 372 317 371 316 370 319 373 308 362 307 361 320 374 319 373 307 361 320 374 307 361 313 367 315 369 320 374 313 367 319 373 320 374 321 375 321 375 320 374 322 376 320 374 323 377 322 376 323 377 320 374 315 369 317 371 323 377 315 369 322 376 323 377 209 260 323 377 208 259 209 260 208 259 323 377 317 371 195 246 317 371 318 372 195 246 208 259 317 371 208 259 195 246 193 244 203 254 208 259 193 244 194 245 195 246 318 372 196 247 220 271 198 249 222 273 220 271 196 247 197 248 222 273 196 247 324 378 325 379 326 380 324 378 326 380 330 384 331 385 324 378 330 384 327 381 324 378 331 385 332 386 327 381 331 385 328 382 327 381 332 386 333 387 328 382 332 386 334 388 328 382 333 387 329 383 328 382 334 388 335 389 329 383 334 388 337 391 336 390 338 392 339 393 337 391 338 392 337 391 339 393 340 394 340 394 341 395 337 391 341 395 342 396 337 391 342 396 341 395 343 397 344 398 342 396 343 397 345 399 344 398 343 397 342 396 346 400 337 391 346 400 342 396 344 398 349 403 348 402 347 401 349 403 350 404 348 402 350 404 351 405 348 402 350 404 352 406 351 405 352 406 330 384 351 405 351 405 330 384 326 380 351 405 326 380 348 402 353 407 349 403 347 401 344 398 353 407 347 401 348 402 326 380 325 379 353 407 344 398 345 399 335 389 354 408 329 383 329 383 354 408 355 409 329 383 355 409 336 390 355 409 338 392 336 390 356 410 357 411 358 412 359 413 356 410 358 412 359 413 358 412 360 414 358 412 357 411 361 415 360 414 358 412 361 415 361 415 357 411 362 416 361 415 362 416 363 417 360 414 361 415 363 417 363 417 362 416 364 418 365 419 364 418 362 416 363 417 364 418 366 420 364 418 367 421 366 420 364 418 365 419 367 421 365 419 368 422 367 421 367 421 368 422 366 420 368 422 369 423 366 420 372 426 370 424 371 425 371 425 374 428 373 427 375 429 373 427 374 428 376 430 375 429 374 428 377 431 371 425 370 424 378 432 377 431 370 424 379 433 374 428 371 425 377 431 379 433 371 425 374 428 379 433 376 430 379 433 380 434 376 430 381 435 375 429 376 430 381 435 376 430 382 436 376 430 383 437 382 436 382 436 383 437 384 438 383 437 385 439 384 438 384 438 385 439 386 440 385 439 387 441 386 440 378 432 388 442 377 431 388 442 389 443 377 431 377 431 389 443 379 433 389 443 390 444 379 433 380 434 379 433 390 444 391 445 380 434 390 444 391 445 392 446 380 434 386 440 387 441 393 447 387 441 394 448 393 447 393 447 394 448 395 449 395 449 394 448 396 450 394 448 397 451 396 450 396 450 397 451 398 452 397 451 399 453 398 452 380 434 392 446 400 454 400 454 392 446 401 455 392 446 402 456 401 455 401 455 402 456 403 457 402 456 404 458 403 457 405 459 403 457 404 458 406 460 405 459 404 458 383 437 400 454 401 455 376 430 400 454 383 437 376 430 380 434 400 454 383 437 401 455 385 439 385 439 401 455 403 457 385 439 403 457 387 441 387 441 403 457 405 459 405 459 406 460 407 461 387 441 405 459 407 461 394 448 387 441 407 461 408 462 394 448 407 461 408 462 397 451 394 448 408 462 409 463 397 451 409 463 410 464 397 451 397 451 410 464 411 465 412 466 411 465 410 464 399 453 397 451 411 465 410 464 414 468 413 467 409 463 408 462 415 469 416 470 415 469 408 462 415 469 416 470 417 471 418 472 413 467 414 468 419 473 418 472 414 468 414 468 410 464 409 463 415 469 417 471 420 474 409 463 415 469 420 474 420 474 419 473 414 468 409 463 420 474 414 468 417 471 421 475 420 474 96 477 418 472 419 473 419 473 95 476 96 477 417 471 422 478 421 475 419 473 420 474 423 479 423 479 420 474 424 480 424 480 420 474 421 475 424 480 421 475 422 478 419 473 423 479 95 476 423 479 425 481 95 476 422 478 79 127 424 480 79 127 422 478 81 129 81 129 426 482 76 124 426 482 427 483 76 124 76 124 427 483 74 122 428 484 71 119 74 122 71 119 428 484 72 120 72 120 428 484 429 485 83 131 72 120 429 485 430 486 429 485 428 484 74 122 430 486 428 484 427 483 430 486 74 122 426 482 81 129 431 487 81 129 422 478 431 487 417 471 431 487 422 478 432 488 433 489 434 490 435 491 432 488 434 490 436 492 432 488 435 491 437 493 436 492 435 491 438 494 434 490 433 489 438 494 433 489 439 495 441 497 439 495 440 496 441 497 440 496 372 426 440 496 370 424 372 426 370 424 440 496 442 498 378 432 370 424 442 498 440 496 439 495 443 499 442 498 440 496 443 499 439 495 433 489 443 499 442 498 444 500 378 432 444 500 388 442 378 432 442 498 443 499 445 501 444 500 442 498 445 501 443 499 433 489 446 502 446 502 433 489 432 488 443 499 446 502 447 503 445 501 443 499 447 503 447 503 446 502 448 504 446 502 449 505 448 504 449 505 446 502 432 488 449 505 432 488 436 492 450 506 448 504 449 505 451 507 450 506 449 505 451 507 449 505 436 492 450 506 451 507 412 508 451 507 411 3908 412 508 451 507 436 492 452 509 411 3908 451 507 452 509 437 493 452 509 436 492 452 509 437 493 398 510 398 510 399 511 452 509 411 3908 452 509 399 511 114 512 453 513 454 514 113 515 114 512 454 514 453 513 114 512 117 516 455 517 453 513 117 516 119 518 456 519 117 516 457 520 456 519 119 518 458 521 457 520 119 518 457 520 458 521 80 128 459 522 457 520 80 128 457 520 460 523 456 519 457 520 461 524 460 523 461 524 457 520 459 522 462 525 461 524 459 522 461 524 462 525 463 526 460 523 461 524 463 526 459 522 80 128 79 127 78 126 459 522 79 127 92 527 458 521 119 518 458 521 92 527 425 481 458 521 425 481 423 479 458 521 423 479 424 480 80 128 458 521 424 480 79 127 80 128 424 480 459 522 78 126 462 525 462 525 78 126 464 528 464 528 78 126 465 529 78 126 77 125 465 529 465 529 77 125 466 530 77 125 75 123 466 530 466 530 75 123 100 148 75 123 71 119 100 148 466 530 467 531 465 529 466 530 100 148 467 531 467 531 468 532 465 529 464 528 465 529 468 532 469 533 464 528 468 532 462 525 464 528 469 533 100 148 105 153 467 531 467 531 105 153 470 534 468 532 467 531 470 534 105 153 106 154 470 534 471 535 468 532 470 534 468 532 471 535 472 536 469 533 468 532 472 536 473 537 469 533 472 536 474 538 473 537 472 536 473 537 462 525 469 533 462 525 473 537 455 517 462 525 455 517 463 526 455 517 117 516 463 526 117 516 456 519 463 526 463 526 456 519 460 523 425 539 92 140 93 141 93 141 95 143 425 539 474 540 475 541 476 542 473 543 474 540 476 542 476 542 477 544 473 543 477 544 455 545 473 543 455 545 477 544 453 3914 477 544 478 546 453 3914 453 3914 478 546 479 547 454 548 453 3914 479 547 476 542 475 541 480 549 476 542 480 549 481 550 477 544 476 542 481 550 477 544 481 550 482 551 478 546 477 544 482 551 478 546 482 551 483 552 479 547 478 546 483 552 480 549 484 553 481 550 485 554 484 553 480 549 481 550 484 553 486 555 481 550 486 555 482 551 487 556 488 557 484 553 488 557 489 558 484 553 490 559 486 555 484 553 484 553 491 560 490 559 492 561 491 560 484 553 484 553 489 558 492 561 490 559 491 560 493 562 494 563 490 559 493 562 490 559 494 563 486 555 484 553 485 554 487 556 494 563 495 564 486 555 495 564 496 565 486 555 486 555 496 565 482 551 496 565 483 552 482 551 485 554 497 566 487 556 487 556 497 566 488 557 493 562 491 560 492 561 498 567 499 568 500 569 501 570 498 567 500 569 502 571 503 572 504 573 502 571 505 574 503 572 507 576 504 573 506 575 506 575 508 577 507 576 507 576 508 577 509 578 509 578 511 580 510 579 513 582 511 580 509 578 508 577 513 582 509 578 514 583 505 574 502 571 504 573 515 584 506 575 515 584 504 573 503 572 516 585 503 572 505 574 503 572 516 585 517 586 516 585 518 587 517 586 518 587 516 585 519 588 520 589 518 587 519 588 520 589 519 588 521 590 522 591 520 589 521 590 522 591 521 590 523 592 524 593 522 591 523 592 516 585 505 574 519 588 525 594 521 590 519 588 523 592 521 590 525 594 523 592 527 596 524 593 523 592 526 595 527 596 527 596 528 597 524 593 528 597 527 596 529 598 530 599 528 597 529 598 531 600 525 594 519 588 531 600 519 588 505 574 505 574 514 583 531 600 514 583 532 601 531 600 514 583 533 602 532 601 533 602 514 583 502 571 502 571 504 573 533 602 504 573 534 603 533 602 533 602 535 604 532 601 535 604 533 602 534 603 536 605 532 601 535 604 537 606 536 605 535 604 537 606 535 604 538 607 538 607 535 604 534 603 539 608 537 606 538 607 532 601 536 605 540 609 532 601 540 609 531 600 536 605 541 610 540 609 540 609 541 610 542 611 531 600 540 609 542 611 541 610 543 612 542 611 542 611 543 612 544 613 545 614 542 611 544 613 544 613 546 615 545 614 546 615 547 616 545 614 542 611 545 614 548 617 548 617 545 614 547 616 549 618 542 611 548 617 549 618 531 600 542 611 550 619 548 617 547 616 525 594 531 600 549 618 525 594 549 618 548 617 551 620 525 594 548 617 551 620 548 617 550 619 552 621 551 620 550 619 523 592 525 594 551 620 551 620 552 621 526 595 523 592 551 620 526 595 553 622 554 623 555 624 556 625 553 622 555 624 553 622 557 626 554 623 557 626 553 622 558 627 557 626 558 627 559 628 560 629 557 626 559 628 553 622 559 628 558 627 553 622 556 625 559 628 560 630 559 631 561 632 562 633 560 630 561 632 563 634 561 632 559 631 556 3913 563 634 559 631 563 634 556 3913 564 635 556 3913 555 636 564 635 563 634 564 635 565 637 566 638 563 634 565 637 561 632 563 634 566 638 567 639 561 632 566 638 561 632 567 639 562 633 567 639 568 640 562 633 566 638 565 637 569 641 570 642 566 638 569 641 570 642 569 641 571 643 572 644 570 642 571 643 572 644 566 638 570 642 573 645 572 644 571 643 566 638 572 644 573 645 567 639 566 638 573 645 571 643 574 646 573 645 574 646 575 647 573 645 576 648 573 645 575 647 567 639 576 648 568 640 573 645 576 648 567 639 576 648 577 649 568 640 575 647 574 646 578 650 578 650 579 651 575 647 579 651 580 652 575 647 580 652 579 651 581 653 582 654 580 652 581 653 581 653 583 655 582 654 583 655 584 656 582 654 585 657 576 648 575 647 585 657 575 647 580 652 585 657 580 652 582 654 586 658 585 657 582 654 586 658 582 654 584 656 587 659 586 658 584 656 583 655 588 660 584 656 588 660 589 661 584 656 587 659 584 656 589 661 589 661 588 660 590 662 591 663 589 661 590 662 592 664 587 659 589 661 591 663 592 664 589 661 593 665 585 657 586 658 593 665 594 666 585 657 594 666 595 667 585 657 586 658 596 668 593 665 586 658 587 659 596 668 597 669 596 668 587 659 587 659 592 664 597 669 592 664 598 670 597 669 591 663 590 662 599 671 592 664 591 663 599 671 590 662 600 672 599 671 601 673 592 664 599 671 592 664 601 673 602 674 598 670 592 664 602 674 599 671 600 672 603 675 599 671 603 675 601 673 600 672 604 676 603 675 603 675 604 676 605 677 606 678 603 675 605 677 605 677 607 679 606 678 607 679 608 680 606 678 608 680 607 679 609 681 611 683 609 681 610 682 609 681 611 683 608 680 610 682 612 684 611 683 612 684 613 685 611 683 613 685 612 684 614 686 615 687 613 685 614 686 614 686 616 688 615 687 616 688 617 689 615 687 616 688 618 690 617 689 618 690 619 691 617 689 619 691 618 690 620 692 618 690 621 693 620 692 621 693 622 694 620 692 623 695 624 696 622 694 624 696 623 695 625 697 626 698 624 696 625 697 626 698 625 697 627 699 628 700 626 698 627 699 617 689 619 691 629 701 629 701 630 702 617 689 619 691 631 703 629 701 619 691 632 704 631 703 622 694 624 696 633 705 626 698 634 706 624 696 634 706 626 698 635 707 635 707 636 708 634 706 636 708 635 707 637 709 635 707 638 710 637 709 639 711 638 710 635 707 635 707 640 712 639 711 640 712 641 713 639 711 636 708 637 709 642 714 634 706 636 708 642 714 634 706 642 714 643 715 644 716 634 706 643 715 644 716 633 705 624 696 634 706 644 716 624 696 643 715 645 717 644 716 645 717 646 718 644 716 646 718 645 717 647 719 648 720 646 718 647 719 648 720 647 719 649 721 650 722 648 720 649 721 649 721 651 723 650 722 651 723 652 724 650 722 651 723 653 725 652 724 653 725 654 726 652 724 654 726 653 725 655 727 656 728 654 726 655 727 656 728 655 727 657 729 658 730 656 728 657 729 658 730 657 729 659 731 660 732 658 730 659 731 648 720 650 722 632 704 650 722 631 703 632 704 650 722 652 724 631 703 654 726 656 728 630 702 656 728 661 733 630 702 630 702 661 733 615 687 661 733 613 685 615 687 661 733 662 734 613 685 656 728 662 734 661 733 656 728 658 730 662 734 662 734 611 683 613 685 611 683 662 734 608 680 658 730 608 680 662 734 630 702 615 687 617 689 606 678 608 680 658 730 606 678 658 730 660 732 603 675 606 678 660 732 603 675 660 732 601 673 601 673 660 732 659 731 602 674 601 673 659 731 620 692 663 735 632 704 620 692 622 694 663 735 622 694 633 705 663 735 646 718 663 735 633 705 663 735 646 718 648 720 632 704 663 735 648 720 620 692 632 704 619 691 644 716 646 718 633 705 664 736 665 737 666 738 667 739 664 736 666 738 667 739 666 738 668 740 669 741 667 739 668 740 668 740 670 742 669 741 670 742 671 743 669 741 671 743 670 742 672 744 673 745 671 743 672 744 673 745 672 744 674 746 675 747 673 745 674 746 674 746 676 748 675 747 676 748 677 749 675 747 677 749 676 748 678 750 679 751 677 749 678 750 664 736 680 752 665 737 680 752 681 753 665 737 681 753 680 752 682 754 683 755 681 753 682 754 682 754 684 756 683 755 680 752 684 756 682 754 684 756 685 757 683 755 686 758 671 743 673 745 671 743 686 758 669 741 686 758 687 759 669 741 687 759 686 758 688 760 686 758 689 761 688 760 686 758 690 762 689 761 690 762 691 763 689 761 690 762 686 758 673 745 669 741 687 759 692 764 667 739 669 741 692 764 693 765 692 764 687 759 688 760 693 765 687 759 667 739 692 764 694 766 664 736 667 739 694 766 692 764 693 765 695 767 694 766 692 764 695 767 696 768 664 736 694 766 694 766 695 767 697 769 696 768 694 766 697 769 680 752 664 736 696 768 696 768 698 770 680 752 698 770 684 756 680 752 684 756 698 770 699 771 697 769 698 770 696 768 698 770 697 769 699 771 700 772 690 762 673 745 690 762 700 772 701 773 691 763 690 762 701 773 701 773 700 772 702 774 677 749 702 774 700 772 675 747 677 749 700 772 702 774 677 749 703 775 677 749 679 751 703 775 703 775 679 751 704 776 678 750 704 776 679 751 705 777 706 778 704 776 703 775 704 776 706 778 705 777 707 779 706 778 675 747 700 772 673 745 702 774 703 775 708 780 703 775 709 781 708 780 709 781 703 775 706 778 709 781 710 782 708 780 706 778 707 779 711 783 709 781 706 778 711 783 710 782 709 781 711 783 712 784 710 782 711 783 711 783 713 785 712 784 713 785 714 786 712 784 714 786 713 785 715 787 716 788 714 786 715 787 716 788 715 787 717 789 718 790 716 788 717 789 719 791 718 790 717 789 719 791 720 792 718 790 720 792 721 793 718 790 720 792 722 794 721 793 722 794 720 792 723 795 722 794 723 795 684 796 685 797 684 796 723 795 724 798 685 797 723 795 724 798 723 795 725 799 720 792 725 799 723 795 726 800 724 798 725 799 725 799 727 801 726 800 720 792 727 801 725 799 727 801 728 802 726 800 699 803 722 794 684 796 722 794 699 803 729 804 722 794 729 804 721 793 719 791 727 801 720 792 727 801 730 805 728 802 730 805 731 806 728 802 730 805 732 807 731 806 732 807 733 808 731 806 732 807 707 779 733 808 717 789 730 805 727 801 719 791 717 789 727 801 730 805 717 789 715 787 732 807 730 805 715 787 713 785 707 779 732 807 715 787 713 785 732 807 711 783 707 779 713 785 595 667 576 648 585 657 595 667 577 649 576 648 734 809 735 810 303 357 302 356 734 809 303 357 735 810 734 809 736 811 737 812 735 810 736 811 737 812 736 811 738 813 736 811 739 814 738 813 309 363 303 357 735 810 309 363 740 815 310 364 309 363 741 816 740 815 741 816 309 363 735 810 737 812 741 816 735 810 741 816 737 812 738 813 741 816 742 817 740 815 742 817 741 816 738 813 742 817 743 818 740 815 743 818 742 817 744 819 745 820 743 818 744 819 744 819 746 821 745 820 746 821 747 822 745 820 739 814 748 823 738 813 748 823 749 824 738 813 749 824 744 819 742 817 738 813 749 824 742 817 749 824 748 823 750 825 749 824 750 825 751 826 752 827 749 824 751 826 752 827 746 821 744 819 749 824 752 827 744 819 752 827 751 826 641 713 640 712 752 827 641 713 752 827 640 712 746 821 640 712 628 700 746 821 628 700 640 712 626 698 640 712 635 707 626 698 746 821 628 700 747 822 628 700 627 699 747 822 652 724 629 701 631 703 652 724 654 726 629 701 654 726 630 702 629 701 755 830 753 828 754 829 754 829 753 828 759 834 753 828 760 835 759 834 753 828 756 831 760 835 756 831 761 836 760 835 756 831 757 832 761 836 757 832 762 837 761 836 757 832 763 838 762 837 757 832 758 833 763 838 758 833 764 839 763 838 765 840 766 841 767 842 766 841 768 843 767 842 768 843 766 841 769 844 770 845 769 844 766 841 771 846 770 845 766 841 770 845 771 846 772 847 771 846 773 848 772 847 773 848 774 849 772 847 775 850 771 846 766 841 771 846 775 850 773 848 777 852 778 853 776 851 779 854 778 853 777 852 780 855 779 854 777 852 781 856 779 854 780 855 759 834 781 856 780 855 759 834 780 855 754 829 754 829 780 855 777 852 778 853 782 857 776 851 754 829 777 852 755 830 783 858 764 839 758 833 783 858 758 833 784 859 784 859 758 833 765 840 767 842 784 859 765 840 773 848 782 857 774 849 782 857 773 848 776 851 356 410 359 413 785 860 786 861 356 410 785 860 785 860 359 413 360 414 786 861 785 860 787 862 785 860 360 414 787 862 786 861 787 862 788 863 788 863 787 862 363 417 787 862 360 414 363 417 788 863 363 417 789 864 789 864 790 865 788 863 789 864 363 417 366 420 791 866 789 864 366 420 790 865 789 864 791 866 792 867 790 865 791 866 792 867 791 866 366 420 369 423 792 867 366 420 793 868 794 869 795 870 797 872 795 870 796 871 796 871 798 873 797 872 798 873 799 874 797 872 795 870 800 875 793 868 800 875 801 876 793 868 802 877 800 875 795 870 797 872 802 877 795 870 802 877 797 872 799 874 803 878 802 877 799 874 798 873 804 879 799 874 799 874 804 879 805 880 806 881 799 874 805 880 806 881 805 880 807 882 808 883 806 881 807 882 808 883 807 882 809 884 810 885 808 883 809 884 811 886 801 876 800 875 812 887 811 886 800 875 812 887 800 875 802 877 813 888 812 887 802 877 802 877 803 878 813 888 803 878 814 889 813 888 815 890 814 889 803 878 810 885 809 884 816 891 817 892 810 885 816 891 817 892 816 891 818 893 817 892 818 893 819 894 820 895 817 892 819 894 820 895 819 894 821 896 822 897 820 895 821 896 815 890 803 878 823 898 815 890 823 898 824 899 825 900 815 890 824 899 825 900 824 899 826 901 827 902 825 900 826 901 826 901 828 903 827 902 828 903 829 904 827 902 823 898 806 881 824 899 823 898 799 874 806 881 803 878 799 874 823 898 824 899 806 881 808 883 824 899 808 883 826 901 826 901 808 883 810 885 826 901 810 885 828 903 829 904 828 903 830 905 828 903 810 885 830 905 810 885 817 892 830 905 817 892 831 906 830 905 820 895 831 906 817 892 832 907 831 906 820 895 833 908 832 907 820 895 833 908 820 895 834 909 834 909 835 910 833 908 820 895 822 897 834 909 837 912 833 908 836 911 831 906 832 907 838 913 838 913 839 914 831 906 839 914 838 913 840 915 836 911 841 916 837 912 841 916 842 917 837 912 833 908 837 912 832 907 838 913 832 907 843 918 840 915 838 913 843 918 843 918 832 907 837 912 842 917 843 918 837 912 844 919 840 915 843 918 841 916 530 921 842 917 529 920 842 917 530 921 845 922 840 915 844 919 846 923 840 915 845 922 843 918 842 917 847 924 843 918 847 924 848 925 843 918 848 925 844 919 844 919 848 925 845 922 847 924 842 917 529 920 849 926 847 924 529 920 511 580 845 922 848 925 845 922 511 580 513 582 845 922 513 582 846 923 850 927 513 582 508 577 513 582 850 927 846 923 851 928 850 927 508 577 851 928 508 577 506 575 852 929 851 928 506 575 852 929 506 575 515 584 853 930 852 929 515 584 515 584 503 572 853 930 503 572 517 586 853 930 512 581 511 580 848 925 849 926 854 931 847 924 526 932 854 931 849 926 854 931 526 932 552 3916 855 933 854 931 552 3916 854 931 855 933 512 581 855 933 856 934 512 581 858 936 855 933 857 935 855 933 858 936 856 934 858 936 859 937 856 934 859 937 858 936 860 938 858 936 857 935 860 938 512 581 856 934 511 580 856 934 510 579 511 580 510 579 856 934 859 937 857 935 855 933 861 939 861 939 855 933 552 3916 861 939 552 3916 550 3912 547 3911 862 940 550 3912 862 940 547 3911 863 941 547 3911 546 942 863 941 862 940 864 943 550 3912 510 579 859 937 865 944 510 579 865 944 866 945 509 578 510 579 866 945 509 578 866 945 867 946 507 576 509 578 867 946 507 576 867 946 534 603 504 573 507 576 534 603 868 947 867 946 866 945 534 603 867 946 868 947 869 948 868 947 866 945 866 945 865 944 869 948 865 944 870 949 869 948 865 944 859 937 870 949 538 607 534 603 868 947 538 607 868 947 871 950 868 947 869 948 871 950 539 608 538 607 871 950 869 948 872 951 871 950 869 948 870 949 873 952 872 951 869 948 873 952 870 949 874 953 873 952 859 937 874 953 870 949 874 953 875 954 873 952 874 953 859 937 864 943 864 943 859 937 860 938 550 3912 864 943 860 938 861 939 550 3912 860 938 861 939 860 938 857 935 876 955 877 956 878 957 879 958 876 955 878 957 876 955 880 959 877 956 880 959 881 960 877 956 878 957 882 961 879 958 879 958 882 961 883 962 883 962 885 964 884 963 884 963 885 964 794 869 793 868 884 963 794 869 884 963 793 868 886 965 793 868 801 876 886 965 884 963 886 965 887 966 883 962 884 963 887 966 879 958 883 962 887 966 888 967 886 965 801 876 811 886 888 967 801 876 886 965 888 967 889 968 887 966 886 965 889 968 879 958 887 966 890 969 879 958 890 969 876 955 887 966 889 968 891 970 890 969 887 966 891 970 890 969 891 970 892 971 893 972 890 969 892 971 890 969 893 972 876 955 876 955 893 972 880 959 892 971 894 973 893 972 894 973 895 974 893 972 893 972 895 974 880 959 895 974 894 973 835 975 834 3909 895 974 835 975 880 959 895 974 896 976 895 974 834 3909 896 976 896 976 881 960 880 959 881 960 896 976 821 977 822 978 821 977 896 976 896 976 834 3909 822 978 526 595 849 979 527 596 529 598 527 596 849 979 854 931 512 581 848 925 847 924 854 931 848 925 875 980 874 981 897 982 898 983 875 980 897 982 899 984 897 982 874 981 864 985 899 984 874 981 899 984 864 985 862 986 900 987 899 984 862 986 900 987 862 986 901 988 862 986 863 989 901 988 898 983 897 982 902 990 897 982 899 984 903 991 902 990 897 982 903 991 899 984 900 987 904 992 903 991 899 984 904 992 900 987 901 988 905 993 904 992 900 987 905 993 906 994 902 990 903 991 906 994 907 995 902 990 906 994 903 991 908 996 908 996 903 991 904 992 910 998 909 997 906 994 911 999 910 998 906 994 908 996 912 1000 906 994 913 1001 906 994 912 1000 913 1001 914 1002 906 994 911 999 906 994 914 1002 913 1001 912 1000 915 1003 912 1000 916 1004 915 1003 916 1004 912 1000 908 996 907 995 906 994 909 997 917 1005 916 1004 908 996 918 1006 917 1005 908 996 918 1006 908 996 904 992 905 993 918 1006 904 992 919 1007 907 995 909 997 919 1007 909 997 910 998 913 1001 915 1003 914 1002 921 1009 922 1010 923 1011 924 1012 921 1009 923 1011 925 1013 922 1010 921 1009 925 1013 921 1009 920 1008 925 1013 920 1008 926 1014 920 1008 927 1015 926 1014 927 1015 928 1016 926 1014 926 1014 929 1017 925 1013 929 1017 926 1014 930 1018 931 1019 929 1017 930 1018 932 1020 931 1019 930 1018 934 1022 933 1021 932 1020 932 1020 935 1023 934 1022 935 1023 932 1020 930 1018 935 1023 936 1024 934 1022 937 1025 936 1024 935 1023 938 1026 939 1027 936 1024 936 1024 939 1027 934 1022 941 1029 940 1028 937 1025 937 1025 942 1030 936 1024 936 1024 942 1030 938 1026 942 1030 943 1031 938 1026 944 1032 940 1028 941 1029 945 1033 944 1032 941 1029 944 1032 946 1034 940 1028 946 1034 947 1035 940 1028 940 1028 947 1035 937 1025 947 1035 949 1037 948 1036 949 1037 950 1038 948 1036 948 1036 950 1038 951 1039 950 1038 952 1040 951 1039 951 1039 952 1040 953 1041 952 1040 954 1042 953 1041 955 1043 949 1037 947 1035 946 1034 955 1043 947 1035 953 1041 956 1044 951 1039 957 1045 949 1037 955 1043 951 1039 956 1044 943 1031 942 1030 951 1039 943 1031 948 1036 951 1039 942 1030 937 1025 948 1036 942 1030 947 1035 948 1036 937 1025 949 1037 958 1046 950 1038 958 1046 959 1047 950 1038 950 1038 959 1047 952 1040 959 1047 961 1049 960 1048 960 1048 961 1049 962 1050 960 1048 962 1050 954 1042 957 1045 963 1051 958 1046 959 1047 964 1052 961 1049 961 1049 964 1052 965 1053 965 1053 964 1052 966 1054 964 1052 967 1055 966 1054 967 1055 964 1052 959 1047 958 1046 967 1055 959 1047 967 1055 958 1046 963 1051 966 1054 967 1055 963 1051 968 1056 961 1049 965 1053 968 1056 962 1050 961 1049 957 1045 958 1046 949 1037 952 1040 960 1048 954 1042 959 1047 960 1048 952 1040 971 1059 969 1057 970 1058 972 1060 969 1057 971 1059 974 1062 973 1061 972 1060 973 1061 975 1063 972 1060 927 1015 970 1058 976 1064 975 1063 973 1061 977 1065 975 1063 977 1065 104 1066 977 1065 106 1067 104 1066 977 1065 978 1068 106 1067 977 1065 979 1069 978 1068 977 1065 973 1061 979 1069 978 1068 981 1071 980 1070 979 1069 981 1071 978 1068 981 1071 979 1069 982 1072 982 1072 979 1069 973 1061 982 1072 973 1061 974 1062 980 1070 984 1074 983 1073 981 1071 984 1074 980 1070 984 1074 981 1071 985 1075 985 1075 981 1071 982 1072 986 1076 985 1075 982 1072 988 1078 985 1075 987 1077 984 1074 985 1075 988 1078 984 1074 988 1078 989 1079 990 1080 984 1074 989 1079 984 1074 990 1080 983 1073 990 1080 989 1079 991 1081 989 1079 992 1082 991 1081 988 1078 987 1077 993 1083 989 1079 988 1078 993 1083 989 1079 993 1083 992 1082 990 1080 991 1081 994 1084 983 1073 990 1080 994 1084 994 1084 474 1085 983 1073 993 1083 995 1086 992 1082 986 1076 974 1062 996 1087 996 1087 997 1088 986 1076 986 1076 997 1088 985 1075 993 1083 998 1089 995 1086 998 1089 999 1090 995 1086 993 1083 987 1077 998 1089 987 1077 985 1075 1000 1091 987 1077 1000 1091 1001 1092 998 1089 987 1077 1001 1092 985 1075 997 1088 1000 1091 998 1089 1001 1092 1002 1093 1002 1093 69 117 1003 1094 998 1089 1002 1093 1003 1094 998 1089 1003 1094 999 1090 69 117 68 116 1003 1094 997 1088 1004 1095 1000 1091 1006 1097 1004 1095 1005 1096 1006 1097 1008 1099 1004 1095 1011 1102 1006 1097 1005 1096 1005 1096 1007 1098 1011 1102 1011 1102 1012 1103 1006 1097 1007 1098 1013 1104 1011 1102 1006 1097 1012 1103 1008 1099 1012 1103 1014 1105 1008 1099 1008 1099 1014 1105 1009 1100 1014 1105 1015 1106 1009 1100 1009 1100 1015 1106 1016 1107 1015 1106 1017 1108 1016 1107 1016 1107 1017 1108 1018 1109 1017 1108 1019 1110 1018 1109 1018 1109 1019 1110 1010 1287 1019 1110 1020 1111 1010 1287 1020 1112 1013 1104 1007 1098 1010 1101 1020 1112 1007 1098 1021 1113 1012 1103 1011 1102 1021 1113 1011 1102 1013 1104 1012 1103 1022 1114 1014 1105 1013 1104 1020 1112 1023 1115 1013 1104 1023 1115 1021 1113 1022 1114 1015 1106 1014 1105 1015 1106 1024 1116 1017 1108 1024 1116 1025 1117 1017 1108 1017 1108 1025 1117 1019 1110 1019 1110 1026 1118 1020 1111 1025 1117 1026 1118 1019 1110 1026 1118 1027 1119 1020 1111 1012 1103 1028 1120 1022 1114 1029 1121 1028 1120 1012 1103 1021 1113 1029 1121 1012 1103 1023 1115 1029 1121 1021 1113 1023 1115 1030 1123 1029 1121 1030 1123 1023 1115 1027 1122 1029 1121 1031 1124 1028 1120 1031 1124 1032 1125 1028 1120 1028 1120 1032 1125 1022 1114 1033 1126 1031 1124 1029 1121 1030 1123 1033 1126 1029 1121 1033 1126 1030 1123 1027 1122 1022 1114 1024 1116 1015 1106 1020 1112 1027 1122 1023 1115 1034 1127 1035 1128 1036 1129 1034 1127 1037 1130 1035 1128 1037 1130 1038 1131 1035 1128 1037 1130 1039 1132 1038 1131 928 1016 1038 1131 1039 1132 926 1014 928 1016 1039 1132 1037 1130 1034 1127 494 563 1037 1130 494 563 493 562 930 1018 926 1014 1039 1132 935 1023 930 1018 1039 1132 1040 1133 935 1023 1039 1132 493 562 1040 1133 1037 1130 1039 1132 1037 1130 1040 1133 1041 1134 935 1023 1040 1133 1041 1134 937 1025 935 1023 937 1025 1041 1134 941 1029 1041 1134 1042 1135 941 1029 1043 1136 1042 1135 1041 1134 1044 1137 945 1033 1042 1135 1042 1135 945 1033 941 1029 1043 1136 1046 1139 1042 1135 1042 1135 1046 1139 1044 1137 1047 1140 1048 1141 1045 1138 1048 1141 1049 1142 1045 1138 1045 1138 1049 1142 1043 1136 1049 1142 1050 1143 1043 1136 1043 1136 1050 1143 1046 1139 1050 1143 1051 1144 1046 1139 1046 1139 1051 1144 1044 1137 1051 1144 1052 1145 1044 1137 1051 1144 1053 1146 1052 1145 1054 1147 1053 1146 1051 1144 1050 1143 1054 1147 1051 1144 1055 1148 1054 1147 1050 1143 1049 1142 1055 1148 1050 1143 1053 1146 1056 1149 1052 1145 1057 1150 1055 1148 1049 1142 1048 1141 1057 1150 1049 1142 1054 1147 1058 1151 1053 1146 1055 1148 1058 1151 1054 1147 1059 1152 1055 1148 1057 1150 1055 1148 1060 1153 1058 1151 1060 1153 1061 1154 1058 1151 1058 1151 1061 1154 1053 1146 1060 1153 1062 1155 1061 1154 1061 1154 1063 1156 1053 1146 1065 1158 1062 1155 1060 1153 1059 1152 1065 1158 1060 1153 1059 1152 1060 1153 1055 1148 1061 1154 1066 1159 1063 1156 1066 1159 1068 1161 1063 1156 1068 1161 1066 1159 1067 1160 1067 1160 1066 1159 1065 1158 1066 1159 1062 1155 1065 1158 1062 1155 1066 1159 1061 1154 1068 1161 1064 1157 1063 1156 1063 1156 1064 1157 1069 1162 1053 1146 1063 1156 1069 1162 1053 1146 1069 1162 1056 1149 1070 1163 974 1062 1071 1164 1070 1163 1072 1165 974 1062 974 1062 972 1060 1071 1164 1071 1164 972 1060 971 1059 1073 1166 1071 1164 971 1059 1073 1166 1074 1167 1071 1164 1075 1168 1073 1166 971 1059 971 1059 970 1058 920 1008 927 1015 920 1008 970 1058 986 1076 982 1072 974 1062 1076 1169 1075 1168 971 1059 924 1012 1076 1169 971 1059 1075 1168 1077 1170 1073 1166 1076 1169 1077 1170 1075 1168 1077 1170 1076 1169 939 1171 938 1172 1077 1170 939 1171 938 1172 943 1173 1077 1170 943 1173 956 1180 1077 1170 956 1180 1078 1174 1077 1170 1080 1176 1079 1175 1078 1174 1080 1176 1081 1177 1079 1175 1081 1177 1082 1178 1079 1175 1081 1177 946 1179 1082 1178 1080 1176 1083 1181 1081 1177 1083 1181 1084 1182 1081 1177 1085 1183 1083 1181 1080 1176 1078 1174 1085 1183 1080 1176 1081 1177 1084 1182 946 1179 1084 1182 955 1184 946 1179 954 1185 1085 1183 1078 1174 953 1186 954 1185 1078 1174 956 1180 953 1186 1078 1174 1084 1182 957 1187 955 1184 1085 1183 954 1185 1086 1188 1085 1183 1086 1188 1083 1181 1084 1182 1087 1189 957 1187 1088 1190 1087 1189 1084 1182 1083 1181 1088 1190 1084 1182 1086 1188 1088 1190 1083 1181 1087 1189 963 1191 957 1187 954 1185 962 1192 1086 1188 1088 1190 1089 1193 1087 1189 1089 1193 1090 1194 1087 1189 1087 1189 1090 1194 963 1191 1091 1195 1089 1193 1088 1190 1086 1188 1091 1195 1088 1190 1091 1195 1086 1188 962 1192 1089 1193 965 1196 1090 1194 965 1196 966 1197 1090 1194 1090 1194 966 1197 963 1191 968 1198 965 1196 1089 1193 1091 1195 968 1198 1089 1193 968 1198 1091 1195 962 1192 1092 1199 1093 1200 945 1236 1044 1201 1092 1199 945 1236 1044 1201 1052 1207 1092 1199 1052 1207 1094 1202 1092 1199 1096 1204 1095 1203 1094 1202 1096 1204 1097 1205 1095 1203 1096 1204 1098 1208 1097 1205 1098 1208 1099 1209 1097 1205 1100 1210 1098 1208 1096 1204 1094 1202 1052 1207 1100 1210 1094 1202 1100 1210 1096 1204 1097 1205 1099 1209 1048 1206 1099 1209 1057 1211 1048 1206 1052 1207 1056 1212 1100 1210 1098 1208 1100 1210 1101 1213 1100 1210 1056 1212 1101 1213 1102 1214 1099 1209 1098 1208 1098 1208 1101 1213 1102 1214 1099 1209 1059 1215 1057 1211 1101 1213 1056 1212 1103 1216 1101 1213 1103 1216 1102 1214 1056 1212 1069 1217 1103 1216 1099 1209 1104 1218 1059 1215 1102 1214 1104 1218 1099 1209 1103 1216 1105 1219 1102 1214 1104 1218 1065 1220 1059 1215 1064 1221 1105 1219 1103 1216 1069 1217 1064 1221 1103 1216 1102 1214 1106 1222 1104 1218 1107 1223 1106 1222 1102 1214 1105 1219 1107 1223 1102 1214 1107 1223 1105 1219 1064 1221 1106 1222 1067 1224 1104 1218 1067 1224 1065 1220 1104 1218 1068 1225 1067 1224 1106 1222 1107 1223 1068 1225 1106 1222 1068 1225 1107 1223 1064 1221 1108 1226 1109 1227 67 1228 66 1229 1108 1226 67 1228 66 1229 1110 1230 1108 1226 66 1229 1010 1101 1110 1230 1010 1101 1007 1098 1110 1230 1110 1230 1007 1098 1111 1231 1007 1098 1005 1096 1111 1231 1111 1231 1005 1096 1004 1095 67 1228 1109 1227 1047 1233 1109 1227 1112 1232 1047 1233 1112 1232 1097 1205 1047 1233 1095 1203 1097 1205 1112 1232 1113 1234 1095 1203 1112 1232 1094 1202 1095 1203 1113 1234 1092 1199 1094 1202 1113 1234 1097 1205 1048 1206 1047 1233 1070 1163 1113 1234 1112 1232 1092 1199 1113 1234 1070 1163 1072 1165 1070 1163 1112 1232 1093 1200 1092 1199 1070 1163 1093 1200 1070 1163 1071 1164 1074 1167 1093 1200 1071 1164 1074 1167 1114 1235 1093 1200 1093 1200 1114 1235 945 1236 1114 1235 944 1237 945 1236 1114 1235 1082 1178 944 1237 1079 1175 1082 1178 1114 1235 1115 1238 1079 1175 1114 1235 1078 1174 1079 1175 1115 1238 1077 1170 1078 1174 1115 1238 1082 1178 946 1179 944 1237 1074 1167 1073 1166 1114 1235 1073 1166 1115 1238 1114 1235 1077 1170 1115 1238 1073 1166 931 1019 1116 1239 929 1017 1117 1240 1116 1239 931 1019 932 1020 1117 1240 931 1019 1118 1241 1117 1240 932 1020 933 1021 1118 1241 932 1020 1119 1242 1118 1241 933 1021 1118 1241 1120 1243 1117 1240 1120 1243 1121 1244 1117 1240 1117 1240 1121 1244 1116 1239 1121 1244 1122 1245 1116 1239 1116 1239 1122 1245 1123 1246 1122 1245 1124 1247 1123 1246 1125 1248 1120 1243 1118 1241 1119 1242 1125 1248 1118 1241 1123 1246 1124 1247 1126 1249 1127 1250 1129 1252 1128 1251 1128 1251 1129 1252 1119 1259 1129 1252 1125 1253 1119 1259 1130 1254 1129 1252 1127 1250 1127 1250 1126 1249 1131 1255 1130 1254 1127 1250 1131 1255 1126 1249 1124 1247 1131 1255 1127 1250 1128 1251 1132 1256 1128 1251 1133 1257 1132 1256 1128 1251 1119 1259 1133 1257 1134 1258 1123 1246 1126 1249 1134 1258 1126 1249 1127 1250 1132 1256 1134 1258 1127 1250 1116 1239 1123 1246 929 1017 929 1017 1123 1246 925 1013 1123 1246 1134 1258 925 1013 925 1013 1134 1258 922 1010 1134 1258 1132 1256 922 1010 922 1010 1132 1256 1133 1257 923 1011 1133 1257 1135 1260 922 1010 1133 1257 923 1011 1133 1257 1119 1259 1135 1260 1076 1169 923 1011 1135 1260 939 1171 1076 1169 1135 1260 924 1012 923 1011 1076 1169 921 1009 924 1012 971 1059 920 1008 921 1009 971 1059 1135 1261 933 1021 934 1022 1135 1261 1119 1242 933 1021 939 1027 1135 1261 934 1022 1137 1263 1140 1266 1139 1265 1143 1269 1142 1268 1141 1267 1144 1270 1142 1268 1143 1269 1139 1273 1140 1272 1145 1271 1138 1264 1146 1274 1136 1262 1146 1274 1138 1264 1141 1267 1144 1270 1147 1275 1142 1268 1142 1268 1147 1275 1148 1276 1148 1276 1147 1275 1149 1277 1147 1275 1150 1278 1149 1277 1150 1278 1147 1275 1144 1270 1145 1271 1150 1278 1144 1270 1150 1278 1145 1271 1140 1272 1149 1277 1150 1278 1140 1272 1151 1279 1142 1268 1148 1276 1151 1279 1141 1267 1142 1268 1151 3906 1146 1274 1141 1267 1146 1274 1151 3906 1136 1262 1136 1262 1148 1280 1137 1263 1151 3906 1148 1280 1136 1262 1148 1280 1149 1281 1137 1263 1137 1263 1149 1281 1140 1266 1131 1255 1124 1247 1138 1264 1131 1255 1138 1264 1130 1254 1129 1252 1139 1265 1125 1253 1129 1252 1137 1263 1139 1265 1136 1262 1137 1263 1129 1252 1130 1254 1136 1262 1129 1252 1138 1264 1136 1262 1130 1254 1124 1247 1141 1267 1138 1264 1143 1269 1141 1267 1124 1247 1122 1245 1143 1269 1124 1247 1144 1270 1143 1269 1122 1245 1121 1244 1144 1270 1122 1245 1145 1271 1144 1270 1121 1244 1120 1243 1145 1271 1121 1244 1139 1273 1120 1243 1125 1248 1139 1273 1145 1271 1120 1243 1152 1282 1153 1283 1032 1284 1031 1285 1152 1282 1032 1284 1033 1286 1152 1282 1031 1285 1152 1282 1033 1286 1026 1118 1025 1117 1152 1282 1026 1118 1153 1283 1152 1282 1025 1117 1024 1116 1153 1283 1025 1117 1033 1286 1027 1119 1026 1118 1153 1283 1024 1116 1022 1114 1032 1284 1153 1283 1022 1114 1018 1109 1010 1287 66 114 69 117 1018 1109 66 114 1016 1107 1018 1109 69 117 1002 1093 1016 1107 69 117 1009 1100 1016 1107 1002 1093 1001 1092 1009 1100 1002 1093 1008 1099 1009 1100 1001 1092 1000 1091 1008 1099 1001 1092 1004 1095 1008 1099 1000 1091 1154 1288 1155 1289 1156 1290 1157 1291 1154 1288 1156 1290 1158 1292 1154 1288 1157 1291 1159 1293 1158 1292 1157 1291 1156 1290 1155 1289 1160 1294 1155 1289 1161 1295 1160 1294 1162 1296 1158 1292 1159 1293 1163 1297 1162 1296 1159 1293 1164 1298 1162 1296 1163 1297 1165 1299 1164 1298 1163 1297 1166 1300 1164 1298 1165 1299 1167 1301 1166 1300 1165 1299 1168 1302 1166 1300 1167 1301 1169 1303 1168 1302 1167 1301 1161 1304 1168 1302 1169 1303 1160 1305 1161 1304 1169 1303 1154 1288 1158 1292 1170 1306 1158 1292 1162 1296 1170 1306 1171 1307 1154 1288 1170 1306 1171 1307 1172 1308 1154 1288 1172 1308 1155 1289 1154 1288 1173 1309 1161 1295 1155 1289 1172 1308 1173 1309 1155 1289 1161 1304 1173 1310 1168 1302 1171 1307 1174 1311 1172 1308 1174 1311 1175 1312 1172 1308 1176 1313 1174 1311 1171 1307 1170 1306 1176 1313 1171 1307 1172 1308 1175 1312 1173 1309 1175 1312 1177 1314 1173 1309 1179 1316 1178 1315 1176 1313 1180 1317 1178 1315 1179 1316 1164 1298 1180 1317 1179 1316 1181 1318 1180 1317 1164 1298 1166 1300 1181 1318 1164 1298 1182 1319 1181 1318 1166 1300 1168 1302 1182 1319 1166 1300 1177 1320 1182 1319 1168 1302 1173 1310 1177 1320 1168 1302 1162 1296 1164 1298 1179 1316 1162 1296 1179 1316 1170 1306 1170 1306 1179 1316 1176 1313 1177 1320 1183 1321 1182 1319 1183 1321 1184 1322 1182 1319 1184 1322 1186 1324 1185 1323 1186 1324 1184 1322 1187 1325 1187 1325 1184 1322 1183 1321 1188 1326 1186 1324 1187 1325 1189 1327 1186 1324 1188 1326 1190 1328 1189 1327 1188 1326 1186 1324 1189 1327 1191 1329 1185 1323 1186 1324 1191 1329 1189 1327 1190 1328 1191 1329 1190 1328 1192 1330 1191 1329 1184 1322 1185 1323 1181 1318 1182 1319 1184 1322 1181 1318 1185 1323 1191 1329 1180 1317 1181 1318 1185 1323 1180 1317 1191 1329 1192 1330 1178 1315 1180 1317 1191 1329 1178 1315 1178 1315 1192 1330 1176 1313 1192 1330 1193 1331 1176 1313 1194 1332 1188 1334 1195 1333 1188 1334 1187 1335 1195 1333 1190 1336 1188 1334 1194 1332 1193 1331 1190 1336 1194 1332 1190 1336 1193 1331 1192 1330 1195 1333 1187 1335 1183 1337 1193 1331 1194 1332 1174 1311 1176 1313 1193 1331 1174 1311 1194 1332 1195 1333 1175 1312 1174 1311 1194 1332 1175 1312 1195 1333 1183 1337 1177 1314 1175 1312 1195 1333 1177 1314 1196 1338 927 1339 976 1340 1197 1341 1196 1338 976 1340 1196 1338 1197 1341 1160 1294 1197 1341 1156 1290 1160 1294 1157 1291 1156 1290 1197 1341 1198 1342 1157 1291 1197 1341 1197 1341 1199 1343 1198 1342 1197 1341 976 1340 1199 1343 1199 1343 1200 1344 1198 1342 1200 1344 1201 1345 1198 1342 1201 1345 1202 1346 1198 1342 1202 1346 1201 1345 1203 1347 1201 1345 1204 1348 1203 1347 1198 1342 1202 1346 1159 1293 1157 1291 1198 1342 1159 1293 1159 1293 1202 1346 1203 1347 1163 1297 1159 1293 1203 1347 1163 1297 1203 1347 1165 1299 1205 1349 1165 1299 1035 1350 1035 1350 1165 1299 1036 1351 1036 1351 1203 1347 1204 1348 1036 1351 1165 1299 1203 1347 1038 1352 1205 1349 1035 1350 1205 1349 1038 1352 928 3907 1206 1353 1205 1349 928 3907 1206 1353 928 3907 927 1354 1196 1355 1206 1353 927 1354 1167 1301 1165 1299 1205 1349 1205 1349 1206 1353 1169 1303 1167 1301 1205 1349 1169 1303 1206 1353 1196 1355 1169 1303 1196 1355 1160 1305 1169 1303 1201 1356 1200 1357 1207 1358 1208 1359 1201 1356 1207 1358 1201 1356 1208 1359 1204 1360 1208 1359 1209 1361 1204 1360 1207 1358 1200 1357 1210 1362 1200 1357 1199 1363 1210 1362 1199 1363 976 1064 1210 1362 976 1064 970 1058 1210 1362 1210 1362 1211 1364 1207 1358 1212 1365 1211 1364 1210 1362 1213 1366 1208 1359 1207 1358 1211 1364 1213 1366 1207 1358 972 1060 975 1063 1212 1365 969 1057 972 1060 1212 1365 969 1057 1212 1365 1210 1362 970 1058 969 1057 1210 1362 1213 1366 1211 1364 1214 1367 1213 1366 1214 1367 1215 1368 1216 1369 1213 1366 1215 1368 1216 1369 1215 1368 454 548 479 547 1216 1369 454 548 479 547 1217 1370 1216 1369 1217 1370 1209 1361 1216 1369 454 548 1215 1368 113 1371 1211 1364 108 1374 1214 1367 1211 1364 1212 1365 108 1374 1212 1365 103 1372 108 1374 103 1372 1212 1365 975 1063 104 1066 103 1372 975 1063 1214 1367 108 1374 110 1373 113 1371 1215 1368 111 1375 1214 1367 110 1373 111 1375 111 1375 1215 1368 1214 1367 479 547 483 552 1217 1370 1034 1127 1217 1370 483 552 496 565 1034 1127 483 552 1034 1127 496 565 494 563 496 565 495 564 494 563 1036 1129 1209 1361 1217 1370 1209 1361 1036 1129 1204 1360 1036 1129 1217 1370 1034 1127 1216 1369 1209 1361 1208 1359 1213 1366 1216 1369 1208 1359 1003 1376 68 1377 1045 1138 1043 1136 1003 1376 1045 1138 1003 1376 1043 1136 1041 1134 68 1377 67 1378 1045 1138 67 1378 1047 1140 1045 1138 1003 1376 1041 1134 489 558 489 558 1041 1134 1040 1133 999 1379 1003 1376 489 558 1040 1133 492 561 489 558 1040 1133 493 562 492 561 999 1379 489 558 488 557 995 1380 999 1379 488 557 497 566 995 1380 488 557 497 566 992 1381 995 1380 485 554 992 1381 497 566 992 1381 485 554 480 549 991 1382 992 1381 480 549 994 1383 991 1382 480 549 475 541 994 1383 480 549 994 1383 475 541 474 540 1219 1385 1222 1388 375 429 1223 1389 1224 1390 1221 1387 1225 1391 1224 1390 1223 1389 1223 1389 1226 1392 1225 1391 1227 1393 1225 1391 1226 1392 1227 1393 1226 1392 1228 1394 1228 1394 1229 1395 1227 1393 1221 1387 1230 1396 1220 1386 1230 1396 1231 1397 1220 1386 1230 1396 1224 1390 1232 1398 1225 1391 1233 1399 1224 1390 1225 1391 1227 1393 1233 1399 1230 1396 1221 1387 1224 1390 1232 1398 1224 1390 1233 1399 1233 1399 1227 1393 1234 1400 1234 1400 1227 1393 1235 1401 1227 1393 1229 1395 1235 1401 1235 1401 1236 1402 1234 1400 1236 1402 1237 1403 1234 1400 1237 1403 1236 1402 1238 1404 1239 1405 1240 1406 1238 1404 1239 1405 1243 1409 1240 1406 1236 1402 1241 1407 1238 1404 1238 1404 1241 1407 1239 1405 1241 1407 1242 1408 1239 1405 1239 1405 1242 1408 1243 1409 1237 1403 1238 1404 1244 1410 1245 1411 1237 1403 1244 1410 1245 1411 1244 1410 1246 1412 1247 1413 1245 1411 1246 1412 1247 1413 1246 1412 1248 1414 1246 1412 1249 1415 1248 1414 1246 1412 1250 1416 1249 1415 1246 1412 1244 1410 1250 1416 1250 1416 1251 1417 1249 1415 1249 1415 1251 1417 1252 1418 1251 1417 1253 1419 1252 1418 1249 1415 1252 1418 1254 1420 1248 1414 1249 1415 1254 1420 1244 1410 1255 1421 1250 1416 1245 1411 1247 1413 1256 1422 1247 1413 1248 1414 1256 1422 1257 1423 1254 1420 1252 1418 1258 1424 1257 1423 1252 1418 1257 1423 1258 1424 1259 1425 1258 1424 1260 1426 1259 1425 1252 1418 1253 1419 1258 1424 1259 1425 1260 1426 1261 1427 1262 1428 1259 1425 1261 1427 1250 1416 1255 1421 1263 1429 1250 1416 1263 1429 1251 1417 1255 1421 1264 1430 1263 1429 1255 1421 1240 1406 1264 1430 1238 1404 1240 1406 1255 1421 1244 1410 1238 1404 1255 1421 1240 1406 1265 1431 1264 1430 1266 1432 1265 1431 1240 1406 1243 1409 1266 1432 1240 1406 1243 1409 1267 1433 1266 1432 1262 1428 1261 1427 215 1434 1268 1435 1262 1428 215 1434 1268 1435 215 1434 217 1436 1269 1437 1270 1438 217 1436 1270 1438 1269 1437 1271 1439 1272 1440 1270 1438 1271 1439 1273 1441 1270 1438 1272 1440 1274 1442 217 1436 1270 1438 217 1436 1274 1442 1268 1435 1274 1442 1275 1443 1268 1435 1275 1443 1274 1442 1276 1444 1268 1435 1275 1443 1262 1428 1275 1443 1277 1445 1262 1428 1275 1443 1276 1444 1277 1445 1276 1444 1278 1446 1277 1445 1276 1444 1279 1447 1278 1446 1279 1447 1222 1388 1278 1446 373 427 1222 1388 1279 1447 1280 1448 1222 1388 1219 1385 1218 1384 1280 1448 1219 1385 1231 1397 1280 1448 1218 1384 1220 1386 1231 1397 1218 1384 1282 1450 1281 1449 1274 1442 1284 1452 1283 1451 1282 1450 1285 1453 1283 1451 1284 1452 1286 1454 1285 1453 1284 1452 1287 1455 1285 1453 1286 1454 1288 1456 1287 1455 1286 1454 1289 1457 1287 1455 1288 1456 1290 1458 1289 1457 1288 1456 1291 1459 1283 1451 1285 1453 1292 1460 1291 1459 1285 1453 1292 1460 1287 1455 1293 1461 1292 1460 1285 1453 1287 1455 1294 1462 1291 1459 1292 1460 1294 1462 1295 1463 1291 1459 1295 1463 1296 1464 1291 1459 1291 1459 1296 1464 1283 1451 1296 1464 1282 1450 1283 1451 1296 1464 1281 1449 1282 1450 1229 1467 1289 1457 1290 1458 1235 1465 1229 1467 1290 1458 1287 1455 1289 1457 1297 1466 1293 1461 1287 1455 1297 1466 1297 1466 1289 1457 1229 1467 1297 1466 1229 1467 1228 1468 1298 1469 1293 1461 1297 1466 1228 1468 1298 1469 1297 1466 372 426 1281 1449 1296 1464 1295 1463 372 426 1296 1464 437 493 1298 1469 1228 1468 437 493 1228 1468 398 510 437 493 1299 1470 1298 1469 1299 1470 1293 1461 1298 1469 372 426 371 425 1281 1449 1293 1461 1299 1470 434 490 1292 1460 1293 1461 434 490 434 490 438 494 1292 1460 1294 1462 1292 1460 438 494 439 495 1294 1462 438 494 1294 1462 439 495 1295 1463 372 426 1295 1463 441 497 439 495 441 497 1295 1463 435 491 1299 1470 437 493 1299 1470 435 491 434 490 1279 1447 1281 1449 371 425 1279 1447 371 425 373 427 1219 1385 375 429 381 435 1218 1384 1219 1385 381 435 382 436 1218 1384 381 435 373 427 375 429 1222 1388 1220 1386 1218 1384 382 436 1300 1471 1220 1386 382 436 1221 1387 1220 1386 1300 1471 1301 1472 1221 1387 1300 1471 1221 1387 1301 1472 1223 1389 1223 1389 395 449 1226 1392 395 449 396 450 1226 1392 1226 1392 396 450 1228 1394 396 450 398 452 1228 1394 384 438 1300 1471 382 436 1302 1473 395 449 1223 1389 1302 1473 1223 1389 1301 1472 1300 1471 384 438 1301 1472 384 438 386 440 1301 1472 1301 1472 386 440 1302 1473 386 440 393 447 1302 1473 395 449 1302 1473 393 447 1303 1474 1304 1475 444 500 445 501 1303 1474 444 500 1305 1476 1303 1474 445 501 447 503 1305 1476 445 501 1303 1474 1306 1477 1304 1475 1305 1476 1307 1478 1303 1474 1308 1479 1307 1478 1305 1476 448 504 1308 1479 1305 1476 448 504 1305 1476 447 503 1304 1475 1306 1477 1309 1480 444 500 1304 1475 1309 1480 1306 1477 1310 1481 1309 1480 1303 1474 1311 1482 1306 1477 1311 1482 1312 1483 1306 1477 1310 1481 1306 1477 1312 1483 1311 1482 1313 1484 1312 1483 1314 1485 1313 1484 1311 1482 1315 1486 1314 1485 1311 1482 1315 1486 1311 1482 1303 1474 1307 1478 1315 1486 1303 1474 1316 1487 1314 1485 1315 1486 1317 1488 1316 1487 1315 1486 1317 1488 1315 1486 1307 1478 1308 1479 1317 1488 1307 1478 94 142 1316 1487 1317 1488 1318 1489 94 142 1317 1488 1318 1489 1317 1488 1308 1479 96 144 94 142 1318 1489 1319 1490 96 144 1318 1489 1313 1484 1320 1491 1312 1483 94 142 90 138 1316 1487 1316 1487 90 138 1314 1485 90 138 88 136 1314 1485 1314 1485 88 136 1313 1484 1319 1490 1318 1489 1321 1492 1321 1492 1318 1489 1308 1479 1322 1493 1319 1490 1321 1492 1320 1491 84 132 83 131 84 132 1320 1491 1313 1484 1323 1494 1320 1491 83 131 1312 1483 1320 1491 1323 1494 1310 1481 1312 1483 1323 1494 1310 1481 1323 1494 1324 1495 1309 1480 1310 1481 1324 1495 1325 1496 1309 1480 1324 1495 1326 1497 1325 1496 1324 1495 1324 1495 1327 1498 1326 1497 1327 1498 1324 1495 1323 1494 1326 1497 1327 1498 1328 1499 1329 1500 1326 1497 1328 1499 1329 1500 1328 1499 1330 1501 1328 1499 1331 1502 1330 1501 1330 1501 1331 1502 402 456 1331 1502 1332 1503 402 456 402 456 1332 1503 404 458 1332 1503 1333 1504 404 458 1332 1503 1334 1505 1333 1504 1334 1505 1335 1506 1333 1504 1330 1501 392 446 1329 1500 1330 1501 402 456 392 446 1335 1506 426 482 1336 1507 1336 1507 426 482 431 487 1336 1507 431 487 1337 1508 1338 1509 1336 1507 1337 1508 1335 1506 1336 1507 1338 1509 1333 1504 1335 1506 1338 1509 1337 1508 431 487 416 470 431 487 417 471 416 470 1333 1504 1338 1509 406 460 404 458 1333 1504 406 460 1338 1509 1337 1508 407 461 406 460 1338 1509 407 461 1337 1508 416 470 408 462 407 461 1337 1508 408 462 426 482 1335 1506 427 483 1335 1506 1334 1505 427 483 1334 1505 430 486 427 483 430 486 1334 1505 429 485 1339 1510 429 485 1334 1505 1339 1510 1334 1505 1332 1503 1331 1502 1339 1510 1332 1503 429 485 1339 1510 1340 1511 1340 1511 83 131 429 485 1323 1494 83 131 1340 1511 1339 1510 1331 1502 1341 1512 1341 1512 1340 1511 1339 1510 1328 1499 1341 1512 1331 1502 1327 1498 1340 1511 1341 1512 1328 1499 1327 1498 1341 1512 1340 1511 1327 1498 1323 1494 1342 1513 1242 1514 1241 1515 1343 1516 1342 1513 1241 1515 1343 1516 1241 1515 1236 1517 1343 1516 1344 1518 1342 1513 1345 1519 1344 1518 1343 1516 1346 1520 1344 1518 1345 1519 1347 1521 1346 1520 1345 1519 1348 1522 1346 1520 1347 1521 1349 1523 1348 1522 1347 1521 1344 1518 1346 1520 1350 1524 1351 1525 1350 1524 1346 1520 1348 1522 1351 1525 1346 1520 1347 1521 1286 1454 1349 1523 1286 1454 1347 1521 1345 1519 1345 1519 1343 1516 1290 1458 1343 1516 1236 1517 1235 1465 1290 1458 1343 1516 1235 1465 1286 1454 1345 1519 1288 1456 1349 1523 1286 1454 1273 1441 1284 1452 1273 1441 1286 1454 1270 1438 1273 1441 1284 1452 1282 1450 1270 1438 1284 1452 1274 1442 1270 1438 1282 1450 1288 1456 1345 1519 1290 1458 1274 1442 1281 1449 1276 1444 1281 1449 1279 1447 1276 1444 1349 1523 1273 1441 1272 1440 1349 1523 1272 1440 1348 1522 1272 1440 1271 1439 1348 1522 1348 1522 1271 1439 1351 1525 1351 1525 1271 1439 221 1526 1271 1439 219 1527 221 1526 1269 1437 219 1527 1271 1439 219 1527 1269 1437 217 1436 1351 1525 1352 1528 1350 1524 1353 1529 1350 1524 1352 1528 1353 1529 1354 1530 1350 1524 1354 1530 1344 1518 1350 1524 1344 1518 1354 1530 1342 1513 1242 1514 1342 1513 1243 1531 1243 1531 1342 1513 1267 1532 1342 1513 1355 1533 1267 1532 1354 1530 1353 1529 1355 1533 1342 1513 1354 1530 1355 1533 1355 1533 1353 1529 1356 1534 183 234 185 236 1357 1535 1358 1536 183 234 1357 1535 1359 1537 1358 1536 1357 1535 1360 1538 1359 1537 1357 1535 1359 1537 1360 1538 1361 1539 1360 1538 1362 1540 1361 1539 1359 1537 1361 1539 1363 1541 1364 1542 1359 1537 1363 1541 1364 1542 1363 1541 1365 1543 1366 1544 1364 1542 1365 1543 1360 1538 1357 1535 1367 1545 1368 1546 1360 1538 1367 1545 1360 1538 1368 1546 1362 1540 1368 1546 1369 1547 1362 1540 1363 1541 1361 1539 1370 1548 1371 1549 1363 1541 1370 1548 1365 1543 1363 1541 1371 1549 1361 1539 1362 1540 1372 1550 1370 1548 1361 1539 1372 1550 1362 1540 1369 1547 1373 1551 1372 1550 1362 1540 1373 1551 1375 1553 1373 1551 1374 1552 1376 1554 1375 1553 1374 1552 1373 1551 1369 1547 1378 1556 1374 1552 1373 1551 1378 1556 1374 1552 1378 1556 1376 1554 1378 1556 1379 1557 1376 1554 1377 1555 1376 1554 1379 1557 1378 1556 1369 1547 1380 1558 1369 1547 1368 1546 1380 1558 1381 1559 1379 1557 1378 1556 1380 1558 1381 1559 1378 1556 1381 1559 1382 1560 1379 1557 1379 1557 1382 1560 1377 1555 1383 1561 1380 1558 1368 1546 1381 1559 1380 1558 1383 1561 1367 1545 1383 1561 1368 1546 189 240 1383 1561 1367 1545 188 239 189 240 1367 1545 1367 1545 1357 1535 188 239 1357 1535 185 236 188 239 181 232 183 234 1358 1536 1384 1562 181 232 1358 1536 1358 1536 1359 1537 1384 1562 1359 1537 1364 1542 1384 1562 179 230 181 232 1384 1562 1385 1563 179 230 1384 1562 1384 1562 1364 1542 1385 1563 1364 1542 1366 1544 1385 1563 1385 1563 1366 1544 177 228 1385 1563 177 228 179 230 177 228 1366 1544 176 227 1366 1544 1386 1564 176 227 1386 1564 1366 1544 1365 1543 1387 1565 1386 1564 1365 1543 1386 1564 1387 1565 1388 1566 1389 1567 1386 1564 1388 1566 172 223 1386 1564 1389 1567 1390 1568 172 223 1389 1567 171 222 172 223 1390 1568 1391 1569 171 222 1390 1568 169 220 171 222 1391 1569 1391 1569 1392 1570 169 220 1390 1568 1393 1571 1391 1569 1393 1571 1394 1572 1391 1569 1391 1569 1394 1572 1392 1570 1394 1572 1393 1571 1395 1573 1396 1574 1394 1572 1395 1573 1396 1574 1395 1573 1397 1575 1398 1576 1396 1574 1397 1575 1400 1578 1401 1579 1399 1577 1401 1579 1402 1580 1399 1577 1402 1580 1396 1574 1398 1576 1399 1577 1402 1580 1398 1576 1404 1582 1401 1579 1400 1578 1405 1583 1404 1582 1400 1578 1405 1583 1406 1584 1404 1582 1406 1584 1407 1585 1404 1582 1410 1588 1409 1587 1408 1586 1411 1589 1410 1588 1408 1586 1411 1589 1408 1586 1407 1585 1412 1590 145 196 1410 1588 145 196 146 197 1410 1588 1410 1588 146 197 1409 1587 1412 1590 141 192 145 196 1412 1590 1410 1588 1411 1589 1413 1591 1412 1590 1411 1589 141 192 1412 1590 1414 1592 138 189 141 192 1414 1592 1414 1592 1412 1590 1413 1591 1414 1592 1413 1591 1415 1593 1415 1593 1417 1595 1416 1594 1415 1593 1418 1596 1417 1595 1415 1593 1413 1591 1418 1596 1418 1596 1419 1597 1417 1595 1413 1591 1411 1589 1418 1596 1418 1596 1420 1598 1419 1597 1416 1594 1421 1599 1415 1593 1421 1599 1422 1600 1415 1593 1415 1593 1422 1600 1414 1592 1422 1600 1423 1601 1414 1592 1418 1596 1424 1602 1420 1598 1418 1596 1411 1589 1424 1602 136 187 1414 1592 1423 1601 138 189 1414 1592 136 187 1425 1603 136 187 1423 1601 136 187 1425 1603 132 183 1425 1603 1426 1604 132 183 132 183 1426 1604 131 181 1426 1604 1427 1605 131 181 122 182 131 181 1427 1605 1428 1606 122 182 1427 1605 1428 1606 1427 1605 1429 1607 1429 1607 1427 1605 1426 1604 1430 1608 1429 1607 1426 1604 1430 1608 1426 1604 1425 1603 1431 1609 1428 1606 1429 1607 1432 1610 1431 1609 1429 1607 1433 1611 1432 1610 1429 1607 1433 1611 1429 1607 1434 1612 1434 1612 1429 1607 1430 1608 1435 1613 1433 1611 1434 1612 1435 1613 1434 1612 1436 1614 1437 1615 1435 1613 1436 1614 1436 1614 1438 1616 1437 1615 1436 1614 1423 1601 1439 1617 1436 1614 1439 1617 1438 1616 1423 1601 1422 1600 1439 1617 1436 1614 1425 1603 1423 1601 1434 1612 1430 1608 1425 1603 1436 1614 1434 1612 1425 1603 1440 1618 1439 1617 1422 1600 1440 1618 1441 1619 1439 1617 1441 1619 1442 1620 1439 1617 1439 1617 1442 1620 1438 1616 1441 1619 1443 1621 1442 1620 1443 1621 1444 1622 1442 1620 1438 1616 1442 1620 1444 1622 1445 1623 1438 1616 1444 1622 1421 1599 1440 1618 1422 1600 1445 1623 1444 1622 1446 1624 1447 1625 1445 1623 1446 1624 1447 1625 1446 1624 1448 1626 1446 1624 1449 1627 1448 1626 1450 1628 1449 1627 1446 1624 1451 1629 1450 1628 1446 1624 1451 1629 1446 1624 1444 1622 1443 1621 1451 1629 1444 1622 1452 1630 1453 1631 1454 1632 1455 1633 1452 1630 1454 1632 1453 1631 1452 1630 1456 1634 1453 1631 1459 1637 1458 1636 1453 1631 1458 1636 1460 1638 1454 1632 1453 1631 1460 1638 1457 1635 1461 1639 1462 1640 1462 1640 1461 1639 310 364 1461 1639 311 365 310 364 1463 1641 1457 1635 1462 1640 1456 1634 1457 1635 1463 1641 1464 1642 1456 1634 1463 1641 1464 1642 1459 1637 1453 1631 1456 1634 1464 1642 1453 1631 1456 1634 1452 1630 1465 1643 1466 1644 1456 1634 1465 1643 1465 1643 1467 1645 1466 1644 1468 1646 1465 1643 1452 1630 1469 1647 1468 1646 1452 1630 1455 1633 1469 1647 1452 1630 1468 1646 1470 1648 1465 1643 1467 1645 1465 1643 1470 1648 1472 1650 1470 1648 1471 1649 1473 1651 1474 1652 1472 1650 1472 1650 1475 1653 1470 1648 1476 1654 1475 1653 1472 1650 1375 1553 1476 1654 1472 1650 1476 1654 1375 1553 1376 1554 1475 1653 1467 1645 1470 1648 1477 1655 1373 1551 1375 1553 1372 1550 1373 1551 1477 1655 1477 1655 1478 1656 1372 1550 1478 1656 1370 1548 1372 1550 1478 1656 1477 1655 1474 1652 1375 1553 1472 1650 1474 1652 1477 1655 1375 1553 1474 1652 1479 1657 1478 1656 1474 1652 1474 1652 1480 1658 1479 1657 1474 1652 1473 1651 1480 1658 1371 1549 1370 1548 1478 1656 1481 1659 1371 1549 1478 1656 1478 1656 1479 1657 1481 1659 1371 1549 1481 1659 1482 1660 1482 1660 1483 1661 1371 1549 1483 1661 1365 1543 1371 1549 1387 1565 1365 1543 1483 1661 1484 1662 1387 1565 1483 1661 1484 1662 1483 1661 1482 1660 1387 1565 1484 1662 1485 1663 1388 1566 1387 1565 1485 1663 1388 1566 1485 1663 1486 1664 1487 1665 1388 1566 1486 1664 1487 1665 1486 1664 1488 1666 1489 1667 1487 1665 1488 1666 1487 1665 1489 1667 1389 1567 1490 1668 1489 1667 1488 1666 1491 1669 1490 1668 1488 1666 1492 1670 1491 1669 1488 1666 1491 1669 1493 1671 1490 1668 1493 1671 1494 1672 1490 1668 1493 1671 1495 1673 1496 1674 1494 1672 1493 1671 1496 1674 1497 1675 1494 1672 1496 1674 1494 1672 1497 1675 369 423 1494 1672 369 423 1498 1676 1490 1668 1494 1672 1498 1676 1493 1671 1491 1669 1499 1677 1495 1673 1493 1671 1499 1677 1490 1668 1498 1676 1500 1678 1500 1678 1498 1676 1397 1575 1490 1668 1500 1678 1489 1667 1500 1678 1501 1679 1489 1667 1502 1680 1496 1674 1495 1673 1499 1677 1503 1681 1495 1673 1499 1677 1492 1670 1503 1681 1491 1669 1492 1670 1499 1677 1504 1682 1503 1681 1492 1670 1503 1681 1504 1682 1505 1683 1503 1681 1502 1680 1495 1673 1505 1683 1506 1684 1503 1681 1503 1681 1506 1684 1502 1680 1506 1684 1507 1685 1502 1680 1508 1686 1507 1685 1506 1684 1509 1687 1508 1686 1506 1684 1508 1686 1509 1687 1510 1688 1511 1689 1508 1686 1510 1688 1511 1689 1510 1688 1512 1690 1510 1688 1513 1691 1512 1690 1513 1691 1514 1692 1512 1690 1515 1693 1511 1689 1512 1690 1513 1691 1510 1688 1509 1687 1505 1683 1516 1694 1506 1684 1505 1683 1517 1695 1516 1694 1518 1696 1517 1695 1505 1683 1504 1682 1518 1696 1505 1683 1518 1696 1504 1682 1519 1697 1492 1670 1519 1697 1504 1682 1492 1670 1488 1666 1486 1664 1520 1698 1492 1670 1486 1664 1519 1697 1492 1670 1520 1698 1486 1664 1485 1663 1520 1698 1485 1663 1521 1699 1520 1698 1521 1699 1485 1663 1484 1662 1482 1660 1521 1699 1484 1662 1481 1659 1521 1699 1482 1660 1479 1657 1522 1700 1481 1659 1479 1657 1480 1658 1522 1700 1480 1658 1523 1701 1522 1700 1522 1700 1524 1702 1481 1659 1521 1699 1481 1659 1524 1702 1522 1700 1523 1701 1524 1702 1480 1658 1525 1703 1523 1701 1525 1703 1480 1658 1473 1651 1471 1649 1473 1651 1472 1650 1526 1704 1473 1651 1471 1649 1468 1646 1471 1649 1470 1648 1468 1646 1469 1647 1471 1649 1469 1647 1527 1705 1471 1649 1528 1706 1526 1704 1471 1649 1527 1705 1528 1706 1471 1649 1527 1705 1529 1707 1528 1706 1526 1704 1525 1703 1473 1651 1525 1703 1526 1704 1528 1706 1525 1703 1530 1708 1523 1701 1530 1708 1525 1703 1531 1709 1531 1709 1532 1710 1530 1708 1532 1710 1533 1711 1530 1708 1530 1708 1533 1711 1534 1712 1523 1701 1530 1708 1534 1712 1523 1701 1534 1712 1535 1713 1523 1701 1535 1713 1524 1702 1520 1698 1521 1699 1519 1697 1519 1697 1521 1699 1524 1702 1519 1697 1524 1702 1535 1713 1535 1713 1534 1712 1536 1714 1536 1714 1519 1697 1535 1713 1518 1696 1536 1714 1534 1712 1518 1696 1519 1697 1536 1714 1534 1712 1533 1711 1518 1696 1517 1695 1518 1696 1533 1711 1517 1695 1533 1711 1532 1710 1532 1710 1537 1715 1517 1695 1516 1694 1517 1695 1537 1715 1537 1715 1538 1716 1516 1694 1506 1684 1516 1694 1538 1716 1509 1687 1506 1684 1538 1716 1513 1691 1509 1687 1538 1716 1532 1710 1531 1709 1539 1717 1540 1718 1539 1717 1531 1709 1531 1709 1525 1703 1540 1718 1528 1706 1540 1718 1525 1703 1541 1719 1540 1718 1528 1706 1529 1707 1541 1719 1528 1706 1542 1720 1539 1717 1540 1718 1540 1718 1541 1719 1542 1720 1514 1692 1513 1691 1538 1716 1543 1721 1514 1692 1538 1716 1543 1721 1538 1716 1537 1715 1537 1715 1544 1722 1543 1721 1544 1722 1537 1715 1545 1723 1537 1715 1532 1710 1545 1723 1539 1717 1545 1723 1532 1710 1539 1717 1542 1720 1546 1724 1545 1723 1539 1717 1546 1724 1545 1723 1546 1724 1544 1722 301 2425 1547 1725 1548 1726 302 2426 301 2425 1548 1726 1547 1725 301 2425 1549 1727 1550 1728 1547 1725 1549 1727 1551 1729 1553 1731 1552 1730 1554 1732 1553 1731 1551 1729 1554 1732 1551 1729 1555 1733 1551 1729 1550 1728 1555 1733 1557 1735 1556 1734 1555 1733 1554 1732 1555 1733 1558 1736 1559 1737 1554 1732 1558 1736 1556 1734 1558 1736 1555 1733 1559 1737 1558 1736 1560 1738 1558 1736 1556 1734 1560 1738 1561 1739 1559 1737 1560 1738 1556 1734 1562 1740 1560 1738 1563 1741 1559 1737 1561 1739 1563 1741 1553 1731 1554 1732 1559 1737 1563 1741 1554 1732 1563 1741 1564 1742 1553 1731 1565 1743 1563 1741 1561 1739 1566 1744 1563 1741 1565 1743 1567 1745 1564 1742 1563 1741 1565 1743 1568 1746 1265 1748 1266 1749 1569 1747 1265 1748 1266 1749 1267 1750 1569 1747 1267 1750 1570 1751 1569 1747 1570 1751 1571 1752 1569 1747 1569 1747 1571 1752 1572 1753 1565 1743 1573 1754 1568 1746 1569 1747 1572 1753 1574 1755 1265 1748 1569 1747 1574 1755 1265 1748 1574 1755 1565 1743 1574 1755 1566 1744 1565 1743 1563 1741 1566 1744 1574 1755 1567 1745 1563 1741 1574 1755 1572 1753 1571 1752 1575 1756 1567 1745 1574 1755 1576 1757 1576 1757 1574 1755 1572 1753 1564 1742 1567 1745 1576 1757 1577 1758 1564 1742 1576 1757 1578 1759 1577 1758 1576 1757 1564 1742 1577 1758 1579 1760 1564 1742 1579 1760 1553 1731 1553 1731 1579 1760 1552 1730 1578 1759 1576 1757 1572 1753 1580 1761 1572 1753 1575 1756 1578 1759 1572 1753 1580 1761 1581 1762 1578 1759 1580 1761 1582 1763 1578 1759 1581 1762 1583 1764 1582 1763 1581 1762 1584 1765 1582 1763 1583 1764 1585 1766 1584 1765 1583 1764 1586 1767 1584 1765 1585 1766 1586 1767 1587 1768 1584 1765 1587 1768 1588 1769 1584 1765 1589 1770 1588 1769 1587 1768 1590 1771 1589 1770 1587 1768 1586 1767 1585 1766 127 175 1591 1772 1587 1768 1586 1767 1590 1771 1587 1768 1591 1772 1592 1773 1590 1771 1591 1772 1592 1773 1591 1772 1593 1774 1594 1775 1592 1773 1593 1774 1595 1776 1592 1773 1594 1775 1596 1777 1595 1776 1594 1775 1593 1774 1591 1772 1597 1778 1597 1778 1591 1772 1586 1767 1598 1779 1590 1771 1592 1773 1595 1776 1598 1779 1592 1773 1599 1780 1595 1776 1596 1777 1600 1781 1599 1780 1596 1777 1600 1781 1601 1782 1599 1780 1601 1782 1602 1783 1599 1780 1599 1780 1602 1783 1603 1784 1603 1784 1598 1779 1595 1776 1599 1780 1603 1784 1595 1776 1602 1783 1604 1785 1603 1784 1594 1775 1593 1774 1605 1786 1606 1787 1594 1775 1605 1786 1596 1777 1594 1775 1606 1787 1607 1788 1596 1777 1606 1787 1600 1781 1596 1777 1607 1788 1608 1789 1601 1782 1600 1781 1606 1787 1605 1786 1609 1790 1609 1790 1605 1786 1610 1791 1609 1790 1610 1791 1611 1792 1612 1793 1609 1790 1611 1792 1613 1794 1612 1793 1611 1792 1612 1793 1613 1794 1614 1795 1615 1796 1612 1793 1614 1795 1615 1796 1614 1795 1616 1797 1617 1798 1615 1796 1616 1797 1632 1816 1614 1795 1613 1794 1614 1795 1632 1816 1616 1797 1617 1798 1616 1797 1618 1799 1616 1797 1619 1800 1618 1799 1619 1800 1616 1797 1620 1801 1621 1802 1619 1800 1620 1801 1619 1800 1622 1803 1618 1799 1616 1797 1623 1804 1620 1801 1632 1816 1623 1804 1616 1797 1615 1796 1624 1805 1612 1793 1624 1805 1609 1790 1612 1793 1625 1806 1624 1805 1615 1796 1617 1798 1625 1806 1615 1796 1626 1807 1625 1806 1617 1798 1618 1799 1626 1807 1617 1798 1618 1799 1622 1803 1627 1808 1626 1807 1618 1799 1627 1808 1621 1802 1620 1801 1628 1809 1628 1809 1629 1811 1449 1810 1620 1801 1623 1804 1629 1811 1628 1809 1620 1801 1629 1811 1629 1811 1448 1812 1449 1810 1450 1813 1628 1809 1449 1810 1448 1812 1629 1811 1630 1814 1624 1805 1606 1787 1609 1790 1607 1788 1606 1787 1624 1805 1625 1806 1607 1788 1624 1805 1600 1781 1607 1788 1625 1806 1626 1807 1600 1781 1625 1806 1626 1807 1627 1808 1608 1789 1600 1781 1626 1807 1608 1789 1630 1814 1629 1811 1631 1815 1629 1811 1623 1804 1631 1815 1631 1815 1623 1804 1632 1816 1633 1817 1632 1816 1613 1794 1634 1818 1633 1817 1613 1794 1611 1792 1634 1818 1613 1794 1634 1818 1611 1792 1431 1819 1432 1820 1634 1818 1431 1819 1611 1792 1610 1791 1431 1819 1610 1791 1428 1822 1431 1819 1610 1791 1635 1821 1428 1822 1605 1786 1635 1821 1610 1791 1605 1786 1593 1774 1635 1821 1593 1774 1597 1778 1635 1821 1635 1821 1597 1778 122 170 1428 1822 1635 1821 122 170 123 171 122 170 1597 1778 124 172 123 171 1597 1778 1586 1767 124 172 1597 1778 124 172 1586 1767 127 175 1636 1823 1637 1824 1570 1825 1637 1824 1636 1823 1638 1826 1636 1823 1356 1847 1638 1826 1637 1824 1638 1826 1639 1827 1640 1828 1639 1827 1638 1826 1641 1829 1639 1827 1640 1828 1637 1824 1571 1830 1570 1825 1641 1829 1642 1831 1639 1827 1639 1827 1642 1831 1643 1832 1639 1827 1643 1832 1637 1824 1643 1832 1575 1833 1637 1824 1575 1833 1571 1830 1637 1824 1356 1847 1644 1834 1638 1826 1645 1835 1640 1828 1638 1826 1640 1828 1645 1835 1646 1836 1641 1829 1640 1828 1646 1836 1580 1837 1575 1833 1643 1832 1580 1837 1643 1832 1642 1831 1647 1838 1642 1831 1641 1829 1580 1837 1642 1831 1647 1838 1647 1838 161 212 1648 1839 1648 1839 161 212 1649 1840 1650 1841 1648 1839 1649 1840 1650 1841 1649 1840 162 213 1650 1841 1585 1842 1648 1839 1585 1842 1650 1841 128 177 127 176 1585 1842 128 177 1585 1842 1583 1843 1648 1839 1647 1838 1648 1839 1583 1843 1581 1844 1647 1838 1583 1843 1647 1838 1581 1844 1580 1837 135 186 128 177 1650 1841 1650 1841 162 213 135 186 162 213 144 195 135 186 162 213 1649 1840 161 212 161 212 1647 1838 160 211 1646 1836 160 211 1647 1838 1641 1829 1646 1836 1647 1838 160 211 1646 1836 163 214 163 214 1646 1836 164 215 164 215 1646 1836 165 216 1646 1836 1645 1835 165 216 165 216 1645 1835 166 217 1645 1835 1644 1834 166 217 1638 1826 1644 1834 1645 1835 1652 1846 1651 1845 1644 1834 1644 1834 1356 1847 1652 1846 1356 1847 1353 1848 1652 1846 1356 1847 1636 1823 1355 1849 1636 1823 1570 1825 1355 1849 1570 1825 1267 1850 1355 1849 1653 1851 1651 1845 1652 1846 1653 1851 223 274 1651 1845 1653 1851 1351 1852 223 274 1352 1853 1652 1846 1353 1848 1352 1853 1653 1851 1652 1846 1653 1851 1352 1853 1351 1852 221 272 223 274 1351 1852 225 276 1651 1845 223 274 225 276 227 278 1651 1845 1644 1834 1651 1845 227 278 1644 1834 227 278 166 217 1654 1854 1655 1855 1656 1856 1657 1857 1654 1854 1656 1856 1656 1856 1655 1855 1658 1858 1658 1858 1659 1859 1527 2365 1527 2365 1659 1859 1660 1860 1660 1860 1661 1861 1541 2363 1541 2363 1661 1861 1542 2361 1661 1861 1662 1862 1542 2361 1661 1861 1663 1863 1662 1862 1662 1862 1663 1863 1664 1864 1663 1863 1665 1865 1664 1864 1666 1866 1662 1862 1664 1864 1668 1868 1667 1867 1666 1866 1669 1869 1667 1867 1668 1868 1669 1869 1670 1870 1667 1867 1671 1871 1669 1869 1668 1868 1672 1872 1668 1868 1666 1866 1672 1872 1671 1871 1668 1868 1667 1867 1674 1874 1666 1866 1671 1871 1675 1875 1669 1869 1671 1871 1673 1873 1675 1875 1664 1864 1672 1872 1666 1866 1664 1864 1676 1876 1672 1872 1672 1872 1676 1876 1671 1871 1669 1869 1677 1877 1670 1870 1677 1877 1669 1869 1675 1875 1677 1877 1678 1878 1670 1870 1678 1878 1677 1877 1679 1879 1677 1877 1680 1880 1679 1879 1680 1880 1681 1881 1679 1879 1677 1877 1682 1882 1680 1880 1679 1879 1681 1881 1683 1883 1681 1881 1684 1884 1683 1883 1683 1883 1684 1884 1685 1885 1684 1884 1686 1886 1685 1885 1687 1887 1681 1881 1680 1880 1680 1880 1688 1888 1687 1887 1688 1888 1689 1889 1687 1887 1687 1887 1689 1889 1690 1890 1690 1890 1692 1892 1691 1891 1682 1882 1688 1888 1680 1880 1687 1887 1690 1890 1684 1884 1684 1884 1690 1890 1691 1891 1677 1877 1693 1893 1682 1882 1682 1882 1693 1893 1694 1894 1682 1882 1694 1894 1688 1888 1693 1893 343 397 1694 1894 343 397 1693 1893 1695 1895 1673 1873 1695 1895 1675 1875 1693 1893 1677 1877 1675 1875 1693 1893 1675 1875 1695 1895 343 397 341 395 1694 1894 1676 1876 1673 1873 1671 1871 1673 1873 1676 1876 1696 1896 1676 1876 1697 1897 1696 1896 1676 1876 1698 1898 1697 1897 1665 1865 1698 1898 1676 1876 1665 1865 1699 1899 1698 1898 1701 1901 1697 1897 1700 1900 1703 1903 1700 1900 1697 1897 1704 1904 1703 1903 1697 1897 1698 1898 1704 1904 1697 1897 1699 1899 1704 1904 1698 1898 1696 1896 1697 1897 1701 1901 1702 1902 1696 1896 1701 1901 1705 1905 1701 1901 1700 1900 1706 1906 1705 1905 1700 1900 1705 1905 1706 1906 1707 1907 1705 1905 1707 1907 1708 1908 1709 1909 1705 1905 1708 1908 1709 1909 1708 1908 1710 1910 1711 1911 1709 1909 1710 1910 1712 1912 1711 1911 1710 1910 1713 1913 1712 1912 1710 1910 1714 1914 1707 1907 1706 1906 1708 1908 1707 1907 1714 1914 1715 1915 1712 1912 1713 1913 1713 1913 1716 1916 1715 1915 1716 1916 1717 1917 1715 1915 1716 1916 1718 1918 1717 1917 1716 1916 1719 1919 1718 1918 1713 1913 1710 1910 1719 1919 1716 1916 1713 1913 1719 1919 1719 1919 1720 1920 1718 1918 1719 1919 1721 1921 1720 1920 1710 1910 1708 1908 1721 1921 1719 1919 1710 1910 1721 1921 1721 1921 1708 1908 1714 1914 1721 1921 1722 1922 1720 1920 1722 1922 1721 1921 1714 1914 1720 1920 1722 1922 1723 1923 1722 1922 1724 1924 1723 1923 1724 1924 1722 1922 1725 1925 1725 1925 1722 1922 1714 1914 1726 1926 1724 1924 1725 1925 1723 1923 1724 1924 1726 1926 1720 1920 1723 1923 1727 1927 1718 1918 1720 1920 1727 1927 1727 1927 1723 1923 1728 1928 1728 1928 1723 1923 1726 1926 1728 1928 1726 1926 1729 1929 1726 1926 1730 1930 1729 1929 1731 1931 1728 1928 1729 1929 1731 1931 1727 1927 1728 1928 1732 1932 1731 1931 1729 1929 1729 1929 1733 1933 1732 1932 1732 1932 1733 1933 1734 1934 1729 1929 1730 1930 1735 1935 1733 1933 1729 1929 1735 1935 1735 1935 1730 1930 1736 1936 1726 1926 1725 1925 1730 1930 1735 1935 1737 1937 1733 1933 1735 1935 1736 1936 1738 1938 1737 1937 1735 1935 1738 1938 1727 1927 1731 1931 1739 1939 1727 1927 1739 1939 1740 1940 1740 1940 1739 1939 1741 1941 1742 1942 1740 1940 1741 1941 1740 1940 1742 1942 1743 1943 1717 1917 1740 1940 1743 1943 1739 1939 1744 1944 1741 1941 1744 1944 1745 1945 1741 1941 1744 1944 1746 1946 1745 1945 1746 1946 1747 1947 1745 1945 1746 1946 1748 1948 1747 1947 1748 1948 1749 1949 1747 1947 1718 1918 1740 1940 1717 1917 1718 1918 1727 1927 1740 1940 1731 1931 1744 1944 1739 1939 1744 1944 1731 1931 1732 1932 1746 1946 1744 1944 1732 1932 1732 1932 1748 1948 1746 1946 1732 1932 1734 1934 1748 1948 1717 1917 1743 1943 1750 1950 1715 1915 1717 1917 1750 1950 1748 1948 1751 1951 1749 1949 1751 1951 1752 1952 1749 1949 1753 1953 1751 1951 1748 1948 1734 1934 1753 1953 1748 1948 1753 1953 1734 1934 1754 1954 1734 1934 1733 1933 1754 1954 1754 1954 1733 1933 1755 1955 1733 1933 1737 1937 1755 1955 1756 1956 1755 1955 1737 1937 1738 1938 1756 1956 1737 1937 1730 1930 1757 1957 1736 1936 1730 1930 1725 1925 1757 1957 1725 1925 1714 1914 1757 1957 1699 1899 1738 1938 1736 1936 1758 1958 1699 1899 1736 1936 1736 1936 1757 1957 1703 1903 1758 1958 1736 1936 1703 1903 1758 1958 1703 1903 1704 1904 1758 1958 1704 1904 1699 1899 1703 1903 1757 1957 1706 1906 1700 1900 1703 1903 1706 1906 1757 1957 1714 1914 1706 1906 1699 1899 1663 1863 1738 1938 1665 1865 1663 1863 1699 1899 1738 1938 1663 1863 1756 1956 1661 1861 1756 1956 1663 1863 1756 1956 1661 1861 1755 1955 1661 1861 1660 1860 1755 1955 1659 1859 1755 1955 1660 1860 1658 1858 1753 1953 1659 1859 1753 1953 1658 1858 1655 1855 1659 1859 1754 1954 1755 1955 1753 1953 1754 1954 1659 1859 1753 1953 1655 1855 1751 1951 1655 1855 1654 1854 1752 1952 1751 1951 1655 1855 1752 1952 1763 1963 1762 1962 1759 1959 1761 1961 1765 1965 1764 1964 1764 1964 1766 1966 1761 1961 1760 1960 1761 1961 1766 1966 1767 1967 1760 1960 1766 1966 1759 1959 1760 1960 1767 1967 1766 1966 1768 1968 1767 1967 1767 1967 1768 1968 1769 1969 1769 1969 1759 1959 1767 1967 1759 1959 1769 1969 1763 1963 1769 1969 1770 1970 1763 1963 1771 1971 1763 1963 1770 1970 1773 1973 1772 1972 1771 1971 1774 1974 1773 1973 1771 1971 1774 1974 1775 1975 1773 1973 1775 1975 1776 1976 1773 1973 1773 1973 1776 1976 1777 1977 1778 1978 1777 1977 1776 1976 1779 1979 1778 1978 1776 1976 1779 1979 1776 1976 1775 1975 1780 1980 1778 1978 1779 1979 1781 1981 1780 1980 1779 1979 1782 1982 1773 1973 1777 1977 1773 1973 1782 1982 1772 1972 1783 1983 1780 1980 1781 1981 1783 1983 1784 1984 1780 1980 1785 1985 1780 1980 1784 1984 1786 1986 1785 1985 1784 1984 234 285 1785 1985 1786 1986 248 299 234 285 1786 1986 234 285 233 284 1785 1985 233 284 1787 1987 1785 1985 1778 1978 1780 1980 1785 1985 1787 1987 1778 1978 1785 1985 1777 1977 1778 1978 1787 1987 1788 1988 1777 1977 1787 1987 1777 1977 1788 1988 1789 1989 1789 1989 1782 1982 1777 1977 1788 1988 1790 1990 1789 1989 1791 1991 1783 1983 1781 1981 1765 1992 1783 1983 1791 1991 1783 1983 1765 1992 1784 1984 1764 1993 1765 1992 1791 1991 1792 1994 1782 1982 1789 1989 1782 1982 1792 1994 1772 1972 1771 1971 1772 1972 1792 1994 1793 1995 1771 1971 1792 1994 1771 1971 1793 1995 1763 1963 1793 1995 1762 1962 1763 1963 1792 1994 1789 1989 1790 1990 1794 1996 1792 1994 1790 1990 241 292 1794 1996 1790 1990 1794 1996 241 292 1795 1997 241 292 243 294 1795 1997 1796 1998 1792 1994 1794 1996 1795 1997 1796 1998 1794 1996 1796 1998 1793 1995 1792 1994 1796 1998 1795 1997 1797 1999 1793 1995 1796 1998 1798 2000 1762 1962 1793 1995 1798 2000 1797 1999 1798 2000 1796 1998 1798 2000 1797 1999 1799 2001 1762 1962 1798 2000 1800 2002 1799 2001 1800 2002 1798 2000 1800 2002 1799 2001 1801 2003 1802 2004 1801 2003 298 352 1799 2001 1803 2005 1801 2003 1800 2002 1801 2003 1802 2004 1800 2002 1802 2004 1759 1959 1802 2004 1760 1960 1759 1959 1802 2004 298 352 1804 2006 1802 2004 1805 2007 1760 1960 1804 2006 1805 2007 1802 2004 1805 2007 1761 1961 1760 1960 1805 2007 1765 1965 1761 1961 1765 1965 1805 2007 1806 2008 1804 2006 1806 2008 1805 2007 1806 2008 1807 2009 1765 1965 250 2010 1807 2009 1806 2008 250 2010 1806 2008 291 344 252 343 250 2010 291 344 1804 2006 293 346 1806 2008 291 344 1806 2008 293 346 295 348 293 346 1804 2006 1804 2006 298 352 295 348 298 352 1801 2003 300 354 1801 2003 1803 2005 300 354 1803 2005 273 324 300 354 1803 2005 271 322 273 324 1803 2005 1808 2011 271 322 1808 2011 1803 2005 1799 2001 1799 2001 1797 1999 1808 2011 1808 2011 1797 1999 245 296 1797 1999 1795 1997 245 296 1795 1997 243 294 245 296 239 290 241 292 1790 1990 239 290 1790 1990 237 288 1790 1990 1788 1988 237 288 1788 1988 235 286 237 288 235 286 1788 1988 1787 1987 233 284 235 286 1787 1987 1807 2012 250 301 248 299 1807 2012 248 299 1786 1986 1786 1986 1784 1984 1807 2012 1784 1984 1765 1992 1807 2012 1809 2013 262 313 1810 2014 1811 2015 1809 2013 1810 2014 1812 2016 1811 2015 1810 2014 262 313 1813 2017 1810 2014 1814 2018 1813 2017 262 313 1814 2018 1815 2019 1813 2017 1815 2019 1816 2020 1813 2017 1809 2013 1818 2022 1817 2021 1819 2023 1818 2022 1809 2013 1811 2015 1819 2023 1809 2013 1811 2015 1820 2024 1819 2023 1820 2024 1811 2015 1812 2016 1820 2024 1821 2025 1819 2023 1819 2023 1821 2025 1822 2026 1822 2026 1821 2025 1823 2027 1821 2025 1824 2028 1823 2027 1824 2028 1825 2029 1823 2027 1825 2029 1826 2030 1823 2027 1825 2029 1827 2031 1826 2030 1827 2031 1828 2032 1826 2030 1829 2033 1819 2023 1822 2026 1823 2027 1826 2030 1830 2034 1822 2026 1823 2027 1830 2034 1826 2030 1831 2035 1830 2034 1826 2030 1828 2032 1831 2035 1832 2036 1818 2022 1819 2023 1829 2033 1832 2036 1819 2023 1833 2037 1817 2021 1818 2022 1833 2037 1818 2022 1832 2036 1832 2036 1829 2033 1834 2038 1834 2038 1835 2039 1832 2036 1832 2036 1835 2039 1836 2040 1832 2036 1836 2040 258 309 1833 2037 1832 2036 258 309 1835 2039 1837 2041 1836 2040 1835 2039 1838 2042 1837 2041 1838 2042 1835 2039 1834 2038 1838 2042 1839 2043 1837 2041 1840 2044 1838 2042 1834 2038 1841 2045 1839 2043 1838 2042 1842 2046 1841 2045 1838 2042 1842 2046 1838 2042 1840 2044 1840 2044 1843 2047 1842 2046 1842 2046 1843 2047 1844 2048 1844 2048 1843 2047 1845 2049 1845 2049 1846 2050 1844 2048 1846 2050 1845 2049 1847 2051 1845 2049 1848 2052 1847 2051 1848 2052 1849 2053 1847 2051 1850 2054 1847 2051 1849 2053 1851 2055 1850 2054 1849 2053 1849 2053 1816 2056 1851 2055 1816 2056 1815 2057 1851 2055 1849 2053 1848 2052 1852 2058 1852 2058 1816 2056 1849 2053 1852 2058 1848 2052 1853 2059 1853 2059 1848 2052 1845 2049 1854 2060 1853 2059 1845 2049 1854 2060 1845 2049 1843 2047 1840 2044 1855 2061 1843 2047 1855 2061 1840 2044 1834 2038 1856 2062 1855 2061 1834 2038 1829 2033 1856 2062 1834 2038 1829 2033 1822 2026 1856 2062 1830 2034 1856 2062 1822 2026 1853 2059 1854 2060 1857 2063 1854 2060 1858 2064 1857 2063 1858 2064 1854 2060 1843 2047 1859 2065 1858 2064 1843 2047 1843 2047 1855 2061 1859 2065 1860 2066 1858 2064 1859 2065 1861 2067 1860 2066 1859 2065 1862 2068 1857 2063 1858 2064 1860 2066 1862 2068 1858 2064 1862 2068 1863 2069 1857 2063 1863 2069 1864 2070 1857 2063 1857 2063 1864 2070 1853 2059 1863 2069 1862 2068 1870 2076 1865 2071 1870 2076 1862 2068 1865 2071 1862 2068 1860 2066 1865 2071 1860 2066 1866 2072 1867 2073 1865 2071 1866 2072 1865 2071 1867 2073 1870 2076 1867 2073 1868 2074 1870 2076 1869 2075 1868 2074 1867 2073 1871 2077 1870 2076 1868 2074 1868 2074 1869 2075 1871 2077 1872 2078 1866 2072 1860 2066 1861 2067 1872 2078 1860 2066 1873 2079 1866 2072 1872 2078 1874 2080 1861 2067 1875 2081 1875 2081 1861 2067 1876 2082 1861 2067 1859 2065 1876 2082 1855 2061 1876 2082 1859 2065 1876 2082 1855 2061 1856 2062 1876 2082 1856 2062 1877 2083 1877 2083 1875 2081 1876 2082 1877 2083 1856 2062 1830 2034 1830 2034 1831 2035 1877 2083 1872 2078 1861 2067 1874 2080 1873 2079 1872 2078 1874 2080 1878 2084 1874 2080 1875 2081 1878 2084 1875 2081 1877 2083 1877 2083 1831 2035 1879 2085 1879 2085 1878 2084 1877 2083 1831 2035 1880 2086 1879 2085 1828 2032 1880 2086 1831 2035 1882 2088 1881 2087 1827 2031 1882 2088 1883 2089 1881 2087 1883 2089 1884 2090 1881 2087 1882 2088 1827 2031 1825 2029 1882 2088 1825 2029 1824 2028 1885 2091 1882 2088 1824 2028 1824 2028 1821 2025 1885 2091 1821 2025 1820 2024 1885 2091 1883 2089 1882 2088 1885 2091 1886 2092 1887 2093 1883 2089 1883 2089 1887 2093 1884 2090 1886 2092 1870 2094 1887 2093 1870 2094 1871 2095 1887 2093 1863 2096 1870 2094 1886 2092 1820 2024 1888 2097 1885 2091 1888 2097 1820 2024 1812 2016 1864 2098 1888 2097 1812 2016 1864 2098 1863 2096 1888 2097 1864 2098 1812 2016 1852 2099 1812 2016 1810 2014 1852 2099 1852 2099 1810 2014 1813 2017 1816 2020 1852 2099 1813 2017 1863 2096 1889 2100 1888 2097 1886 2092 1889 2100 1863 2096 1889 2100 1886 2092 1883 2089 1888 2097 1889 2100 1885 2091 1885 2091 1889 2100 1883 2089 1887 2093 1871 2095 1890 2101 1871 2095 1891 2102 1890 2101 1887 2093 1890 2101 1884 2090 1884 2090 1890 2101 1892 2103 1884 2090 1892 2103 1893 2104 1881 2087 1884 2090 1893 2104 1893 2104 1894 2105 1881 2087 1894 2105 1827 2031 1881 2087 1827 2031 1894 2105 1895 2106 1828 2032 1827 2031 1895 2106 1828 2032 1895 2106 1896 2107 1880 2086 1828 2032 1896 2107 1892 2103 1890 2101 1897 2108 1890 2101 1891 2102 1897 2108 1896 2107 1898 2109 1880 2086 1898 2109 1879 2085 1880 2086 1879 2085 1898 2109 1899 2110 1878 2084 1879 2085 1899 2110 1878 2084 1899 2110 1900 2111 1874 2080 1878 2084 1900 2111 1900 2111 1873 2079 1874 2080 1898 2109 1896 2107 1901 2112 1899 2110 1898 2109 1901 2112 1901 2112 1900 2111 1899 2110 1873 2079 1900 2111 1902 2113 1902 2113 1900 2111 1901 2112 1873 2079 1902 2113 1903 2114 1866 2072 1873 2079 1903 2114 1866 2072 1903 2114 1904 2115 1867 2073 1866 2072 1904 2115 1869 2075 1867 2073 1904 2115 1897 2116 1869 2075 1904 2115 1891 2117 1869 2075 1897 2116 1869 2075 1891 2117 1871 2077 1905 2118 1906 2119 1907 2120 1907 2120 1906 2119 1908 2121 1906 2119 1909 2122 1908 2121 1908 2121 1909 2122 1910 2123 1911 2124 1908 2121 1910 2123 1911 2124 1910 2123 1912 2125 1910 2123 1913 2126 1912 2125 1911 2124 1912 2125 1914 2127 1914 2127 1915 2128 1771 1971 1916 2129 1771 1971 1915 2128 1774 1974 1771 1971 1916 2129 1917 2130 1774 1974 1916 2129 1774 1974 1917 2130 1775 1975 1917 2130 1918 2131 1775 1975 1770 1970 1914 2127 1771 1971 1916 2129 1915 2128 1919 2132 1916 2129 1919 2132 1920 2133 1917 2130 1916 2129 1920 2133 1917 2130 1920 2133 1921 2134 1918 2131 1917 2130 1921 2134 1920 2133 1922 2135 1921 2134 1922 2135 1923 2136 1921 2134 1769 1969 1914 2127 1770 1970 1921 2134 1923 2136 1924 2137 1925 2138 1921 2134 1924 2137 1921 2134 1925 2138 1918 2131 1918 2131 1926 2139 1775 1975 1925 2138 1926 2139 1918 2131 1926 2139 1927 2140 1775 1975 1927 2140 1779 1979 1775 1975 1781 1981 1779 1979 1927 2140 1928 2141 1781 1981 1927 2140 1928 2141 1791 1991 1781 1981 1925 2138 1924 2137 1929 2142 1929 2142 1924 2137 1930 2143 1924 2137 1931 2144 1930 2143 1924 2137 1923 2136 1931 2144 1930 2143 1931 2144 1932 2145 1933 2146 1930 2143 1932 2145 1934 2147 1933 2146 1932 2145 1933 2146 1934 2147 1935 2148 1935 2148 1934 2147 1936 2149 1937 2150 1935 2148 1936 2149 1938 2151 1935 2148 1937 2150 1933 2146 1935 2148 1938 2151 1939 2152 1938 2151 1937 2150 1939 2152 1940 2153 1938 2151 1937 2150 1936 2149 1941 2154 1937 2150 1941 2154 1939 2152 1941 2154 1942 2155 1939 2152 1941 2154 1943 2156 1942 2155 1943 2156 1944 2157 1942 2155 1943 2156 1438 2158 1944 2157 1438 2158 1445 2159 1944 2157 1936 2149 1945 2160 1941 2154 1941 2154 1945 2160 1943 2156 1945 2160 1946 2161 1943 2156 1438 2158 1943 2156 1946 2161 1947 2162 1946 2161 1945 2160 1948 2163 1947 2162 1945 2160 1949 2164 1947 2162 1948 2163 1939 2152 1942 2155 1950 2165 1950 2165 1952 2167 1951 2166 1950 2165 1447 2169 1952 2167 1942 2155 1944 2157 1447 2169 1950 2165 1942 2155 1447 2169 1447 2169 1944 2157 1445 2159 1447 2169 1953 2168 1952 2167 1448 2170 1953 2168 1447 2169 1437 2171 1438 2158 1946 2161 1435 2172 1437 2171 1946 2161 1947 2162 1435 2172 1946 2161 1949 2164 1435 2172 1947 2162 1940 2153 1950 2165 1951 2166 1950 2165 1940 2153 1939 2152 1940 2153 1951 2166 1954 2173 1955 2174 1940 2153 1954 2173 1956 2175 1955 2174 1954 2173 1957 2176 1955 2174 1956 2175 1955 2174 1958 2177 1940 2153 1958 2177 1938 2151 1940 2153 1955 2174 1957 2176 1959 2178 1958 2177 1955 2174 1959 2178 1960 2179 1959 2178 1957 2176 1961 2180 1960 2179 1957 2176 1962 2181 1960 2179 1961 2180 1962 2181 1929 2142 1960 2179 1929 2142 1930 2143 1960 2179 1959 2178 1960 2179 1930 2143 1963 2183 1962 2181 1961 2180 1964 2184 1963 2183 1961 2180 1964 2184 1961 2180 1905 2182 1965 2185 1964 2184 1905 2182 1965 2185 1966 2186 1964 2184 1963 2183 1964 2184 1966 2186 1791 1991 1966 2186 1965 2185 1764 1993 1791 1991 1965 2185 1967 2187 1929 2142 1962 2181 1963 2183 1967 2187 1962 2181 1967 2187 1925 2138 1929 2142 1966 2186 1791 1991 1928 2141 1963 2183 1928 2141 1967 2187 1966 2186 1928 2141 1963 2183 1926 2139 1928 2141 1927 2140 1967 2187 1928 2141 1926 2139 1926 2139 1925 2138 1967 2187 1933 2146 1959 2178 1930 2143 1958 2177 1959 2178 1933 2146 1958 2177 1933 2146 1938 2151 1953 2188 1630 2208 1968 2189 1952 2190 1953 2188 1968 2189 1952 2190 1968 2189 1969 2191 1951 2192 1952 2190 1969 2191 1968 2189 1630 2208 1970 2193 1630 2208 1631 2207 1970 2193 1970 2193 1631 2207 1971 2194 1972 2195 1970 2193 1971 2194 1972 2195 1971 2194 1973 2196 1970 2193 1972 2195 1974 2197 1975 2198 1970 2193 1974 2197 1968 2189 1970 2193 1975 2198 1969 2191 1968 2189 1975 2198 1973 2196 1977 2200 1976 2199 1976 2199 1977 2200 1978 2201 1978 2201 1432 2202 1433 2203 1634 2204 1432 2202 1978 2201 1977 2200 1634 2204 1978 2201 1977 2200 1973 2196 1633 2205 1634 2204 1977 2200 1633 2205 1973 2196 1971 2194 1632 2206 1633 2205 1973 2196 1632 2206 1631 2207 1632 2206 1971 2194 1953 2188 1448 2209 1630 2208 1978 2201 1433 2203 1979 2210 1980 2211 1978 2201 1979 2210 1976 2199 1978 2201 1980 2211 1981 2212 1973 2196 1976 2199 1973 2196 1981 2212 1972 2195 1981 2212 1974 2197 1972 2195 1981 2212 1976 2199 1982 2213 1976 2199 1980 2211 1982 2213 1981 2212 1982 2213 1983 2214 1984 2215 1983 2214 1982 2213 1984 2215 1985 2216 1983 2214 1986 2217 1985 2216 1984 2215 1986 2217 1987 2218 1985 2216 1988 2219 1985 2216 1987 2218 1985 2216 1988 2219 1989 2220 1988 2219 1913 2126 1989 2220 1988 2219 1990 2221 1913 2126 1990 2221 1912 2125 1913 2126 1990 2221 1915 2128 1912 2125 1915 2128 1914 2127 1912 2125 1919 2132 1990 2221 1988 2219 1991 2222 1919 2132 1988 2219 1987 2218 1991 2222 1988 2219 1915 2128 1990 2221 1919 2132 1919 2132 1922 2135 1920 2133 1919 2132 1991 2222 1922 2135 1991 2222 1992 2223 1922 2135 1985 2216 1989 2220 1983 2214 1993 2224 1989 2220 1913 2126 1910 2123 1993 2224 1913 2126 1993 2224 1910 2123 1909 2122 1906 2119 1994 2225 1909 2122 1906 2119 1905 2118 1994 2225 1905 2118 1995 2226 1994 2225 1996 2227 1993 2224 1909 2122 1993 2224 1996 2227 1989 2220 1997 2228 1996 2227 1909 2122 1997 2228 1909 2122 1994 2225 1996 2227 1997 2228 1998 2229 1998 2229 1983 2214 1989 2220 1996 2227 1998 2229 1989 2220 1983 2214 1998 2229 1981 2212 1997 2228 1999 2230 1998 2229 1998 2229 1999 2230 1981 2212 2000 2231 1999 2230 1997 2228 2000 2231 1975 2198 1999 2230 1969 2191 1975 2198 2000 2231 2001 2232 1969 2191 2000 2231 1969 2191 2001 2232 1954 2233 1951 2192 1969 2191 1954 2233 1975 2198 1974 2197 1999 2230 1999 2230 1974 2197 1981 2212 1956 2234 1954 2233 2001 2232 1956 2234 2001 2232 1995 2226 2001 2232 2000 2231 1994 2225 1994 2225 2000 2231 1997 2228 2001 2232 1994 2225 1995 2226 2002 2235 2003 2236 2004 2237 2005 2238 2002 2235 2004 2237 2006 2239 2004 2237 2003 2236 2007 2240 2006 2239 2003 2236 2002 2235 2005 2238 2008 2241 2005 2238 2009 2242 2008 2241 2010 2243 2002 2235 2008 2241 2011 2244 2010 2243 2008 2241 2012 2245 2003 2236 2002 2235 2010 2243 2012 2245 2002 2235 2013 2246 2007 2240 2003 2236 2012 2245 2013 2246 2003 2236 2005 2238 2004 2237 2014 2247 2014 2247 2004 2237 2006 2239 2015 2248 2005 2238 2014 2247 2005 2238 2015 2248 2009 2242 2015 2248 2016 2249 2009 2242 2014 2247 2006 2239 2017 2250 2017 2250 2006 2239 2018 2251 2006 2239 2019 2252 2018 2251 2006 2239 2007 2240 2019 2252 2019 2252 2020 2253 2018 2251 2021 2254 2020 2253 2019 2252 2022 2255 2021 2254 2019 2252 2022 2255 2019 2252 2007 2240 2013 2246 2022 2255 2007 2240 2023 2256 2017 2250 2018 2251 2020 2253 2024 2257 2018 2251 2025 2258 2024 2257 2020 2253 2025 2258 2026 2259 2024 2257 2026 2259 2027 2260 2024 2257 2024 2257 2027 2260 2028 2261 2024 2257 2028 2261 2018 2251 2023 2256 2018 2251 2028 2261 2029 2262 2023 2256 2028 2261 2030 2263 2023 2256 2029 2262 2031 2264 2030 2263 2029 2262 2031 2264 2029 2262 2032 2265 2028 2261 2032 2265 2029 2262 2033 2266 2031 2264 2032 2265 2027 2260 2026 2259 2034 2267 2035 2268 2027 2260 2034 2267 2027 2260 2035 2268 2036 2269 2037 2270 2027 2260 2036 2269 2027 2260 2037 2270 2028 2261 2028 2261 2037 2270 2032 2265 2033 2266 2032 2265 1895 2271 2037 2270 1895 2271 2032 2265 1895 2271 2037 2270 2036 2269 1894 2272 2033 2266 1895 2271 1896 2273 1895 2271 2036 2269 2038 2274 2030 2263 2031 2264 2039 2275 2038 2274 2031 2264 2038 2274 2039 2275 2040 2276 2039 2275 2041 2277 2040 2276 2038 2274 2040 2276 2042 2278 2044 2280 2043 2279 2042 2278 2043 2279 2044 2280 2045 2281 2044 2280 2046 2282 2045 2281 2046 2282 2044 2280 2042 2278 2046 2282 2047 2283 2045 2281 2047 2283 2046 2282 2048 2284 2049 2285 2047 2283 2048 2284 2049 2285 2048 2284 2050 2286 2053 2289 2050 2286 2051 2287 2050 2286 2048 2284 2051 2287 2052 2288 2053 2289 2051 2287 2054 2290 2046 2282 2042 2278 2048 2284 2046 2282 2054 2290 2055 2291 2048 2284 2054 2290 2048 2284 2055 2291 2051 2287 2056 2292 2052 2288 2051 2287 2056 2292 1897 2293 2052 2288 1897 2293 2056 2292 1892 2294 1897 2293 2057 2295 2052 2288 1892 2294 2056 2292 1893 2296 2058 2297 1893 2296 2056 2292 1893 2296 2058 2297 2033 2266 1894 2272 1893 2296 2033 2266 2033 2266 2058 2297 2031 2264 2058 2297 2039 2275 2031 2264 2058 2297 2059 2298 2039 2275 2056 2292 2059 2298 2058 2297 2059 2298 2041 2277 2039 2275 2041 2277 2059 2298 2055 2291 2059 2298 2056 2292 2060 2299 2060 2299 2056 2292 2051 2287 2060 2299 2051 2287 2055 2291 2059 2298 2060 2299 2055 2291 2041 2277 2055 2291 2054 2290 2040 2276 2041 2277 2054 2290 2040 2276 2054 2290 2042 2278 2010 2300 2011 2301 2061 2302 2012 2303 2010 2300 2061 2302 2013 2304 2012 2303 2061 2302 2062 2305 2061 2302 2011 2301 2062 2305 2045 2306 2061 2302 2022 2308 2061 2302 2021 2307 2022 2308 2013 2304 2061 2302 2025 2310 2021 2307 2061 2302 2045 2306 2047 2309 2061 2302 2026 2311 2025 2310 2061 2302 2063 2312 2026 2311 2061 2302 2061 2302 2047 2309 2049 2313 2063 2312 2061 2302 2049 2313 2049 2313 2050 2314 2063 2312 2063 2312 2050 2314 2064 2315 2063 2312 2064 2315 2026 2311 2064 2315 2034 2316 2026 2311 2065 2317 2034 2316 2064 2315 2064 2315 2066 2318 2065 2317 2066 2318 2067 2319 2065 2317 2068 2320 2066 2318 2064 2315 2069 2321 2068 2320 2064 2315 2053 2322 2069 2321 2064 2315 2050 2314 2053 2322 2064 2315 2021 2254 2025 2258 2020 2253 2072 2325 2070 2323 2071 2324 2071 2324 2070 2323 2073 2326 2070 2323 2074 2327 2073 2326 2073 2326 2074 2327 2075 2328 2075 2328 2074 2327 2077 2330 2070 2323 2078 2331 2074 2327 2078 2331 2079 2332 2074 2327 2077 2330 2074 2327 2079 2332 2077 2330 2079 2332 2080 2333 2079 2332 2081 2334 2080 2333 2081 2334 2082 2335 2080 2333 2080 2333 2082 2335 2083 2336 2084 2337 2080 2333 2083 2336 2077 2330 2080 2333 2084 2337 2077 2330 2084 2337 2085 2338 2075 2328 2085 2338 2076 2329 2077 2330 2085 2338 2075 2328 1711 1911 1712 1912 2084 2337 1711 1911 2084 2337 2083 2336 2081 2334 352 406 2082 2335 352 406 2086 2339 2082 2335 2083 2336 2082 2335 2086 2339 2087 2340 2083 2336 2086 2339 1711 1911 2083 2336 2087 2340 2087 2340 2086 2339 2088 2341 352 406 2081 2334 330 384 2081 2334 331 385 330 384 2081 2334 2079 2332 331 385 2079 2332 2078 2331 331 385 332 386 331 385 2078 2331 2087 2340 2088 2341 1705 1905 1709 1909 2087 2340 1705 1905 1709 1909 1711 1911 2087 2340 332 386 2078 2331 2070 2323 2072 2325 332 386 2070 2323 2072 2325 333 387 332 386 334 388 333 387 2072 2325 2089 2342 334 388 2072 2325 334 388 2089 2342 335 389 2089 2342 2090 2343 335 389 2090 2343 2091 2344 335 389 2071 2324 2089 2342 2072 2325 2090 2343 2092 2345 2091 2344 2092 2345 2093 2346 2091 2344 2091 2344 2093 2346 355 409 354 408 2091 2344 355 409 2093 2346 2092 2345 1692 1892 2094 2347 2093 2346 1692 1892 2093 2346 2094 2347 1689 1889 338 392 2093 2346 1689 1889 338 392 355 409 2093 2346 2091 2344 354 408 335 389 1690 1890 2094 2347 1692 1892 1689 1889 2094 2347 1690 1890 1688 1888 2095 2348 1689 1889 1694 1894 2095 2348 1688 1888 338 392 1689 1889 2095 2348 1694 1894 340 394 2095 2348 341 395 340 394 1694 1894 340 394 339 393 2095 2348 2095 2348 339 393 338 392 2096 2349 1750 1950 2097 2350 2085 2338 2096 2349 2097 2350 2096 2349 2085 2338 2084 2337 1712 1912 2096 2349 2084 2337 2096 2349 1715 1915 1750 1950 1715 1915 2096 2349 1712 1912 2076 2329 2085 2338 2097 2350 1673 1873 2098 2351 1695 1895 2098 2351 345 399 1695 1895 2098 2351 353 407 345 399 1673 1873 1696 1896 2098 2351 1696 1896 1702 1902 2098 2351 1705 1905 2100 2353 2099 2352 1701 1901 1705 1905 2099 2352 2099 2352 2100 2353 350 404 350 404 2100 2353 2088 2341 2088 2341 2086 2339 350 404 2086 2339 352 406 350 404 2099 2352 350 404 349 403 2088 2341 2100 2353 1705 1905 1702 1902 1701 1901 2099 2352 353 407 1702 1902 2099 2352 353 407 2098 2351 1702 1902 349 403 353 407 2099 2352 1687 1887 1684 1884 1681 1881 1691 1891 1686 1886 1684 1884 2101 2354 1679 1879 1683 1883 2101 2354 1678 1878 1679 1879 1678 1878 2102 2355 1670 1870 2102 2355 2103 2356 1670 1870 1670 1870 2103 2356 1667 1867 2103 2356 1674 1874 1667 1867 2103 2356 2104 2357 1674 1874 2104 2357 2105 2358 1674 1874 1674 1874 2105 2358 1666 1866 1666 1866 2105 2358 1662 1862 2104 2357 2103 2356 2102 2355 2106 2359 2105 2358 2104 2357 1542 2361 1662 1862 2105 2358 2107 2360 2104 2357 2102 2355 2106 2359 2104 2357 2107 2360 1546 2362 1542 2361 2105 2358 1546 2362 2105 2358 2106 2359 1529 2364 1660 1860 1541 2363 1529 2364 1527 2365 1660 1860 1469 2366 1658 1858 1527 2365 1656 1856 1658 1858 1469 2366 1455 2367 1656 1856 1469 2366 1454 2368 1656 1856 1455 2367 1454 2368 1657 1857 1656 1856 1454 2368 1460 2369 1657 1857 2102 2355 1678 1878 2101 2354 1685 1885 2108 2370 2101 2354 2107 2360 2102 2355 2101 2354 2109 2371 2107 2360 2101 2354 2106 2359 1543 2373 1544 2372 1543 2373 2106 2359 2107 2360 2107 2360 1514 2374 1543 2373 2107 2360 1512 2375 1514 2374 2109 2371 1512 2375 2107 2360 1544 2372 1546 2362 2106 2359 1515 2377 1512 2375 2110 2376 1512 2375 2109 2371 2111 2378 2110 2376 1512 2375 2111 2378 2111 2378 2109 2371 2101 2354 2108 2370 2111 2378 2101 2354 1685 1885 2101 2354 1683 1883 148 199 1409 1587 146 197 148 199 2112 2379 1409 1587 2112 2379 148 199 150 201 1409 1587 2112 2379 1403 1581 1408 1586 1409 1587 1403 1581 2112 2379 155 206 1403 1581 155 206 2112 2379 150 201 1404 1582 1403 1581 1401 1579 1403 1581 1404 1582 1407 1585 1408 1586 1403 1581 1407 1585 155 206 2113 2380 1403 1581 1403 1581 2113 2380 1401 1579 1401 1579 2113 2380 1402 1580 2113 2380 2114 2381 1402 1580 1396 1574 1402 1580 2114 2381 2114 2381 1394 1572 1396 1574 2114 2381 1392 1570 1394 1572 1392 1570 2114 2381 2113 2380 157 208 1392 1570 2113 2380 157 208 2113 2380 155 206 1392 1570 157 208 169 220 1072 1165 1109 1227 974 1062 1109 1227 996 1087 974 1062 1072 1165 1112 1232 1109 1227 1109 1227 1108 1226 996 1087 1108 1226 1111 1231 996 1087 996 1087 1111 1231 997 1088 1108 1226 1110 1230 1111 1231 1111 1231 1004 1095 997 1088 2117 2384 2116 2383 1398 1576 1397 1575 2117 2384 1398 1576 1397 1575 1498 1676 2117 2384 1399 1577 1398 1576 2116 2383 2115 2382 1399 1577 2116 2383 1400 1578 1399 1577 2115 2382 2118 2385 1400 1578 2115 2382 1405 1583 1400 1578 2118 2385 2119 2386 1405 1583 2118 2385 2119 2386 2118 2385 2120 2387 2118 2385 356 410 2120 2387 2119 2386 2120 2387 2121 2388 2119 2386 2121 2388 1406 1584 2119 2386 1406 1584 1405 1583 1424 1602 1406 1584 2121 2388 1420 1598 1424 1602 2121 2388 1406 1584 1424 1602 1411 1589 1407 1585 1406 1584 1411 1589 2118 2385 357 411 356 410 2118 2385 2115 2382 357 411 2115 2382 2116 2383 357 411 2116 2383 362 416 357 411 2116 2383 2117 2384 362 416 2117 2384 365 419 362 416 368 422 365 419 2117 2384 1498 1676 368 422 2117 2384 368 422 1498 1676 369 423 2067 2389 2066 2390 2122 2391 2123 2392 2067 2389 2122 2391 2122 2391 2066 2390 2124 2393 2066 2390 2068 2394 2124 2393 2124 2393 2068 2394 2125 2395 2068 2394 2069 2396 2125 2395 2126 2397 2123 2392 2122 2391 2126 2397 2122 2391 1903 2398 1902 2399 2126 2397 1903 2398 2124 2393 2127 2400 2122 2391 2127 2400 2124 2393 2125 2395 1903 2398 2122 2391 2127 2400 2057 2401 2127 2400 2125 2395 1904 2402 1903 2398 2127 2400 1904 2402 2127 2400 2057 2401 1897 2403 1904 2402 2057 2401 2128 2404 2126 2397 1902 2399 1901 2405 2128 2404 1902 2399 2128 2404 1901 2405 2036 2269 1896 2273 2036 2269 1901 2405 2128 2404 2036 2269 2035 2268 2129 2406 2128 2404 2035 2268 2128 2404 2129 2406 2126 2397 2129 2406 2123 2392 2126 2397 2129 2406 2067 2389 2123 2392 2034 2267 2065 2407 2035 2268 2129 2406 2035 2268 2065 2407 2129 2406 2065 2407 2067 2389 2030 2263 2017 2250 2023 2256 2030 2263 2014 2247 2017 2250 2015 2248 2014 2247 2030 2263 2038 2274 2015 2248 2030 2263 2015 2248 2038 2274 2016 2249 2038 2274 2042 2278 2016 2249 2016 2249 2042 2278 2043 2279 2130 2408 2016 2249 2043 2279 2016 2249 2130 2408 2009 2242 2130 2408 2008 2241 2009 2242 2043 2279 2045 2281 2130 2408 2045 2281 2062 2409 2130 2408 2130 2408 2062 2409 2008 2241 2062 2409 2011 2244 2008 2241 2131 2410 1253 1419 1251 1417 2132 2411 2131 2410 1251 1417 2132 2411 1251 1417 1263 1429 2133 2412 2131 2410 2132 2411 1258 1424 1253 1419 210 2414 1258 1424 210 2414 211 2413 1260 1426 1258 1424 211 2413 1253 1419 2131 2410 210 2414 1260 1426 211 2413 213 2415 1261 1427 1260 1426 213 2415 1261 1427 213 2415 215 1434 210 2414 2131 2410 205 2416 2131 2410 2133 2412 206 2417 205 2416 2131 2410 206 2417 1264 2418 1265 1748 1568 1746 1568 1746 1573 1754 1264 2418 1573 1754 1263 2419 1264 2418 1573 1754 2132 2420 1263 2419 2134 2421 2132 2420 1573 1754 2133 2422 2132 2420 2134 2421 2135 2423 2133 2422 2134 2421 2136 2424 2134 2421 1573 1754 2134 2421 2136 2424 2135 2423 2136 2424 1560 1738 2135 2423 1561 1739 1560 1738 2136 2424 1561 1739 2136 2424 1565 1743 1573 1754 1565 1743 2136 2424 2135 2423 1560 1738 1562 1740 1562 1740 209 2429 2135 2423 209 2429 207 2430 2135 2423 2133 2422 2135 2423 207 2430 322 2432 1562 1740 321 2433 1562 1740 1556 1734 321 2433 321 2433 1556 1734 319 2434 308 2428 319 2434 1556 1734 1557 1735 308 2428 1556 1734 1550 1728 1557 1735 1555 1733 1549 1727 1557 1735 1550 1728 1557 1735 1549 1727 308 2428 1549 1727 305 2427 308 2428 209 2429 1562 1740 322 2432 1549 1727 301 2425 305 2427 206 2431 2133 2422 207 2430 1598 1779 2137 2435 1590 1771 2137 2435 1589 1770 1590 1771 2137 2435 1598 1779 2138 2436 1598 1779 1603 1784 2138 2436 2139 2437 2138 2436 1603 1784 2140 2438 2138 2436 2139 2437 2140 2438 2139 2437 2141 2439 2142 2440 2140 2438 2141 2439 1604 1785 2139 2437 1603 1784 2140 2438 2137 2435 2138 2436 2141 2439 2143 2441 2142 2440 2141 2439 2144 2442 2143 2441 2143 2441 2144 2442 2145 2443 2145 2443 2144 2442 1548 1726 1547 1725 2145 2443 1548 1726 2143 2441 2146 2444 2142 2440 2146 2444 2143 2441 2145 2443 2145 2443 1551 1729 2146 2444 1552 1730 2146 2444 1551 1729 2140 2438 2142 2440 2147 2445 2140 2438 2147 2445 2137 2435 2142 2440 2148 2446 2147 2445 2146 2444 2148 2446 2142 2440 2146 2444 1552 1730 2148 2446 1579 1760 2148 2446 1552 1730 1547 1725 1550 1728 2145 2443 1551 1729 2145 2443 1550 1728 2137 2435 2147 2445 1589 1770 2147 2445 2149 2447 1589 1770 2149 2447 2147 2445 2148 2446 1589 1770 2149 2447 1588 1769 2149 2447 2150 2448 1588 1769 1584 1765 1588 1769 2150 2448 1582 1763 1584 1765 2150 2448 1582 1763 2150 2448 1577 1758 1577 1758 2150 2448 2149 2447 1578 1759 1582 1763 1577 1758 2149 2447 1579 1760 1577 1758 2148 2446 1579 1760 2149 2447 1769 1969 1911 2124 1914 2127 1911 2124 1769 1969 1908 2121 1769 1969 1768 1968 1908 2121 1908 2121 1768 1968 1907 2120 1768 1968 1766 1966 1907 2120 1907 2120 1766 1966 1965 2449 1766 1966 1764 1964 1965 2449 1965 2449 1905 2118 1907 2120 1457 1635 1456 1634 1466 1644 2151 2450 1457 1635 1466 1644 2152 2451 2151 2450 1466 1644 2152 2451 1466 1644 1467 1645 2152 2451 1467 1645 2153 2452 1467 1645 1475 1653 2153 2452 2153 2452 1475 1653 1476 1654 1476 1654 2154 2453 2153 2452 1377 1555 2154 2453 1476 1654 1377 1555 1476 1654 1376 1554 2154 2453 2155 2454 2153 2452 2155 2454 2154 2453 318 372 318 372 316 370 2155 2454 1461 1639 1457 1635 2151 2450 2156 2455 1461 1639 2151 2450 311 365 1461 1639 2156 2455 314 368 311 365 2156 2455 2156 2455 2155 2454 314 368 316 370 314 368 2155 2454 2156 2455 2151 2450 2155 2454 2155 2454 2152 2451 2153 2452 2151 2450 2152 2451 2155 2454 318 372 2154 2453 2157 2456 1377 1555 2157 2456 2154 2453 1382 1560 2157 2456 1377 1555 2157 2456 1382 1560 318 372 318 372 1382 1560 194 245 194 245 1382 1560 192 243 192 243 1381 1559 190 241 1381 1559 192 243 1382 1560 190 241 1383 1561 189 240 190 241 1381 1559 1383 1561 1329 1500 392 446 391 445 1326 1497 1329 1500 391 445 391 445 390 444 1326 1497 390 444 1325 1496 1326 1497 388 442 1309 1480 1325 1496 388 442 444 500 1309 1480 389 443 1325 1496 390 444 389 443 388 442 1325 1496 450 506 1321 1492 448 504 1321 1492 1308 1479 448 504 450 506 412 508 1321 1492 412 508 1322 1493 1321 1492 1759 1959 1762 1962 1800 2002 2158 2457 1986 2217 1984 2215 1980 2211 2158 2457 1984 2215 1984 2215 1982 2213 1980 2211 1986 2217 2158 2457 2159 2458 2159 2458 2158 2457 1980 2211 2160 2459 1986 2217 2159 2458 2159 2458 2161 2460 2160 2459 2161 2460 2162 2461 2160 2459 1987 2218 1986 2217 2160 2459 1991 2222 1987 2218 2160 2459 2160 2459 1992 2223 1991 2222 1992 2223 2160 2459 2163 2462 2163 2462 2160 2459 2162 2461 2163 2462 1923 2136 1992 2223 1922 2135 1992 2223 1923 2136 1931 2144 1923 2136 2164 2463 2163 2462 2164 2463 1923 2136 1932 2145 1931 2144 2164 2463 2164 2463 2165 2464 1932 2145 2163 2462 2162 2461 2165 2464 2164 2463 2163 2462 2165 2464 2165 2464 1934 2147 1932 2145 2165 2464 2166 2465 1934 2147 2166 2465 2165 2464 2162 2461 2161 2460 2166 2465 2162 2461 2166 2465 2167 2466 1934 2147 2167 2466 1936 2149 1934 2147 2167 2466 2168 2467 1936 2149 1936 2149 2168 2467 1945 2160 2168 2467 1948 2163 1945 2160 2168 2467 2169 2468 1948 2163 2169 2468 1949 2164 1948 2163 2167 2466 2166 2465 2161 2460 2169 2468 2167 2466 2161 2460 2168 2467 2167 2466 2169 2468 2161 2460 2159 2458 2169 2468 2159 2458 2170 2469 2169 2468 2170 2469 2159 2458 1980 2211 1980 2211 1979 2210 2170 2469 2169 2468 2170 2469 1979 2210 2169 2468 1979 2210 1949 2164 1979 2210 1433 2203 1949 2164 1949 2164 1433 2203 1435 2172 1961 2180 1957 2176 1995 2470 1905 2182 1961 2180 1995 2470 1956 2175 1995 2470 1957 2176 1248 1414 1232 1398 1256 1422 1232 1398 2171 2471 1256 1422 2172 2472 1232 1398 1248 1414 2171 2471 1237 1403 1256 1422 1237 1403 2171 2471 1234 1400 1237 1403 1245 1411 1256 1422 1254 1420 2172 2472 1248 1414 1234 1400 2171 2471 1233 1399 1233 1399 2171 2471 1232 1398 1232 1398 2172 2472 1230 1396 1230 1396 2172 2472 1231 1397 2173 2473 2172 2472 1254 1420 1231 1397 2172 2472 2173 2473 2174 2474 2173 2473 1254 1420 1257 1423 2174 2474 1254 1420 1257 1423 1259 1425 2174 2474 1259 1425 2175 2475 2174 2474 2175 2475 2173 2473 2174 2474 2175 2475 1259 1425 1262 1428 1277 1445 2175 2475 1262 1428 2176 2476 2173 2473 2175 2475 2175 2475 1277 1445 2176 2476 1278 1446 2176 2476 1277 1445 1222 1388 2176 2476 1278 1446 2176 2476 1222 1388 1280 1448 2176 2476 1231 1397 2173 2473 2176 2476 1280 1448 1231 1397 1395 1573 1501 1679 1500 1678 1397 1575 1395 1573 1500 1678 1501 1679 1395 1573 1393 1571 1489 1667 1501 1679 1389 1567 1501 1679 1393 1571 1390 1568 1389 1567 1501 1679 1390 1568 1389 1567 1388 1566 1487 1665 270 321 1808 2011 245 296 1808 2011 270 321 271 322 255 306 260 311 1809 2013 262 313 1809 2013 260 311 1817 2021 255 306 1809 2013 255 306 1817 2021 256 307 1817 2021 1833 2037 256 307 1833 2037 258 309 256 307 262 313 264 315 1814 2018 264 315 1815 2019 1814 2018 264 315 266 317 1815 2019 274 325 258 309 1836 2040 2177 2477 274 325 1836 2040 1837 2041 2177 2477 1836 2040 274 325 2177 2477 268 319 275 326 268 319 2177 2477 2177 2477 1837 2041 2178 2478 1837 2041 1839 2043 2178 2478 2177 2477 2178 2478 277 328 275 326 2177 2477 277 328 279 330 277 328 2178 2478 1841 2045 279 330 2178 2478 1839 2043 1841 2045 2178 2478 279 330 1841 2045 281 332 1841 2045 2179 2479 281 332 2179 2479 1841 2045 1842 2046 1842 2046 1844 2048 2179 2479 2180 2480 2179 2479 1844 2048 2180 2480 1844 2048 1846 2050 2181 2481 2180 2480 1846 2050 1846 2050 1847 2051 2181 2481 1847 2051 1850 2054 2181 2481 2179 2479 2180 2480 283 334 281 332 2179 2479 283 334 285 336 283 334 2180 2480 2181 2481 285 336 2180 2480 2181 2481 1850 2054 288 339 285 336 2181 2481 288 339 288 339 1850 2054 1851 2055 296 350 288 339 1851 2055 296 350 1851 2055 1815 2057 266 349 296 350 1815 2057 2182 2483 2069 2482 2053 2289 2182 2483 2125 2484 2069 2482 2057 2295 2125 2484 2182 2483 2053 2289 2052 2288 2182 2483 2057 2295 2182 2483 2052 2288 174 225 176 227 1386 1564 1386 1564 172 223 174 225 343 397 1695 1895 345 399 1664 1864 1665 1865 1676 1876 1322 2485 412 466 410 464 413 467 1322 2485 410 464 1322 2485 413 467 1319 2486 96 477 1319 2486 413 467 418 472 96 477 413 467 86 134 84 132 1313 1484 88 136 86 134 1313 1484 106 1067 978 1068 470 2487 471 2488 470 2487 978 1068 980 1070 471 2488 978 1068 471 2488 980 1070 472 2489 980 1070 983 1073 472 2489 983 1073 474 1085 472 2489 2185 2492 2183 2490 2186 2493 2183 2490 2187 2494 2186 2493 2185 2492 2188 2495 2183 2490 2183 2490 2188 2495 2184 2491 2184 2491 2188 2495 2189 2496 2190 2497 2184 2491 2189 2496 2191 2498 2190 2497 2189 2496 2192 2499 2189 2496 2188 2495 2189 2496 2192 2499 2193 2500 2192 2499 2194 2501 2193 2500 2194 2501 2195 2502 2193 2500 2196 2503 2197 2504 2195 2502 2198 2505 2195 2502 2197 2504 2195 2502 2198 2505 2193 2500 2199 2506 2198 2505 2197 2504 2199 2506 2200 2507 2198 2505 2202 2509 2201 2508 2199 2506 2202 2509 2199 2506 2197 2504 2203 2510 2204 2511 2200 2507 2205 2512 2200 2507 2199 2506 2205 2512 2199 2506 2201 2508 2206 2513 2205 2512 2201 2508 2203 2510 2207 2514 2204 2511 2207 2514 2208 2515 2204 2511 2209 2516 2207 2514 2203 2510 2210 2517 2209 2516 2203 2510 2210 2517 2203 2510 2200 2507 2212 2519 2210 2517 2211 2518 2213 2520 2212 2519 2211 2518 2213 2520 2211 2518 2214 2521 2215 2522 2213 2520 2214 2521 2215 2522 2214 2521 2216 2523 2217 2524 2215 2522 2216 2523 2212 2519 2218 2525 2210 2517 2218 2525 2209 2516 2210 2517 2219 2526 2216 2523 2214 2521 2212 2519 2220 2527 2218 2525 2219 2526 2214 2521 2206 2513 2214 2521 2205 2512 2206 2513 2214 2521 2211 2518 2205 2512 2211 2518 2200 2507 2205 2512 2211 2518 2210 2517 2200 2507 2221 2528 2212 2519 2213 2520 2222 2529 2221 2528 2213 2520 2222 2529 2213 2520 2215 2522 2224 2531 2222 2529 2223 2530 2224 2531 2223 2530 2225 2532 2225 2532 2223 2530 2217 2524 2226 2533 2220 2527 2221 2528 2227 2534 2222 2529 2224 2531 2227 2534 2224 2531 2228 2535 2227 2534 2228 2535 2229 2536 2230 2537 2227 2534 2229 2536 2230 2537 2221 2528 2222 2529 2227 2534 2230 2537 2222 2529 2230 2537 2229 2536 2226 2533 2221 2528 2230 2537 2226 2533 2224 2531 2231 2538 2228 2535 2225 2532 2231 2538 2224 2531 2221 2528 2220 2527 2212 2519 2223 2530 2215 2522 2217 2524 2223 2530 2222 2529 2215 2522 2232 2539 2233 2540 2234 2541 2232 2539 2235 2542 2233 2540 2236 2543 2237 2544 2235 2542 2238 2545 2236 2543 2235 2542 2234 2541 2190 2497 2239 2546 2236 2543 2238 2545 2240 2547 2240 2547 2238 2545 537 2548 539 2549 2240 2547 537 2548 2241 2550 2240 2547 539 2549 2242 2551 2240 2547 2241 2550 2236 2543 2240 2547 2242 2551 2244 2553 2241 2550 2243 2552 2244 2553 2242 2551 2241 2550 2242 2551 2244 2553 2245 2554 2242 2551 2245 2554 2236 2543 2236 2543 2245 2554 2237 2544 2247 2556 2243 2552 2246 2555 2247 2556 2244 2553 2243 2552 2244 2553 2247 2556 2248 2557 2244 2553 2248 2557 2245 2554 2248 2557 2249 2558 2245 2554 2248 2557 2251 2560 2250 2559 2248 2557 2247 2556 2251 2560 2251 2560 2247 2556 2252 2561 2247 2556 2253 2562 2252 2561 2253 2562 2247 2556 2246 2555 2252 2561 2253 2562 2254 2563 2255 2564 2252 2561 2254 2563 2251 2560 2252 2561 2256 2565 2250 2559 2251 2560 2256 2565 2256 2565 2252 2561 2255 2564 2253 2562 2246 2555 2257 2566 2254 2563 2253 2562 2257 2566 875 2567 2257 2566 2246 2555 2258 2568 2256 2565 2255 2564 2237 2544 2249 2558 2259 2569 2260 2570 2259 2569 2249 2558 2260 2570 2249 2558 2248 2557 2261 2571 2256 2565 2258 2568 2262 2572 2261 2571 2258 2568 2250 2559 2256 2565 2261 2571 2248 2557 2250 2559 2263 2573 2263 2573 2250 2559 2264 2574 2250 2559 2261 2571 2264 2574 2260 2570 2248 2557 2263 2573 2264 2574 2261 2571 2265 2575 499 568 2265 2575 2266 2576 2265 2575 2261 2571 2266 2576 2266 2576 2261 2571 2262 2572 500 569 499 568 2266 2576 2267 2577 2260 2570 2263 2573 2267 2577 2269 2579 2268 2578 2271 2581 2269 2579 2267 2577 2269 2579 2274 2584 2268 2578 2270 2580 2268 2578 2274 2584 2275 2585 2274 2584 2269 2579 2276 2586 2270 2580 2274 2584 2275 2585 2269 2579 2271 2581 2277 2587 2275 2585 2271 2581 2277 2587 2271 2581 2272 2582 2278 2588 2277 2587 2272 2582 2278 2588 2272 2582 2279 2589 2280 2590 2278 2588 2279 2589 2280 2590 2279 2589 2281 2591 2282 2592 2280 2590 2281 2591 2282 2592 2281 2591 2273 2770 2283 2593 2282 2592 2273 2770 2276 2586 2283 2594 2270 2580 2283 2594 2273 2583 2270 2580 2275 2585 2284 2595 2274 2584 2274 2584 2284 2595 2276 2586 2285 2596 2275 2585 2277 2587 2283 2594 2276 2586 2286 2597 2286 2597 2276 2586 2284 2595 2278 2588 2285 2596 2277 2587 2287 2598 2278 2588 2280 2590 2288 2599 2287 2598 2280 2590 2288 2599 2280 2590 2282 2592 2289 2600 2282 2592 2283 2593 2289 2600 2288 2599 2282 2592 2290 2601 2289 2600 2283 2593 2291 2602 2275 2585 2285 2596 2291 2602 2292 2603 2275 2585 2292 2603 2284 2595 2275 2585 2292 2603 2286 2597 2284 2595 2293 2605 2286 2597 2292 2603 2286 2597 2293 2605 2290 2604 2294 2606 2292 2603 2291 2602 2295 2607 2294 2606 2291 2602 2295 2607 2291 2602 2285 2596 2296 2608 2293 2605 2292 2603 2294 2606 2296 2608 2292 2603 2293 2605 2296 2608 2290 2604 2287 2598 2285 2596 2278 2588 2290 2604 2283 2594 2286 2597 2299 2611 2297 2609 2298 2610 2300 2612 2297 2609 2299 2611 2301 2613 2300 2612 2299 2611 2302 2614 2300 2612 2301 2613 2301 2613 2191 2498 2302 2614 2191 2498 2189 2496 2302 2614 2297 2609 2300 2612 916 1004 916 1004 2300 2612 915 1003 2189 2496 2193 2500 2302 2614 2193 2500 2198 2505 2302 2614 2198 2505 2303 2615 2302 2614 2303 2615 915 1003 2300 2612 2300 2612 2302 2614 2303 2615 2198 2505 2304 2616 2303 2615 2200 2507 2304 2616 2198 2505 2304 2616 2200 2507 2204 2511 2305 2617 2304 2616 2204 2511 2305 2617 2306 2618 2304 2616 2208 2515 2307 2619 2305 2617 2208 2515 2305 2617 2204 2511 2309 2621 2306 2618 2305 2617 2309 2621 2305 2617 2307 2619 2311 2623 2310 2622 2308 2620 2312 2624 2311 2623 2308 2620 2312 2624 2308 2620 2306 2618 2313 2625 2312 2624 2306 2618 2313 2625 2306 2618 2309 2621 2314 2626 2313 2625 2309 2621 2314 2626 2309 2621 2307 2619 2315 2627 2314 2626 2307 2619 2316 2628 2314 2626 2315 2627 2316 2628 2317 2629 2314 2626 2317 2629 2313 2625 2314 2626 2317 2629 2318 2630 2313 2625 2318 2630 2312 2624 2313 2625 2319 2631 2316 2628 2315 2627 2318 2630 2320 2632 2312 2624 2320 2632 2311 2623 2312 2624 2321 2633 2317 2629 2316 2628 2321 2633 2318 2630 2317 2629 2318 2630 2322 2634 2320 2632 2323 2635 2318 2630 2321 2633 2324 2636 2323 2635 2321 2633 2324 2636 2321 2633 2316 2628 2325 2637 2323 2635 2324 2636 2326 2638 2324 2636 2316 2628 2325 2637 2328 2640 2323 2635 2328 2640 2322 2634 2323 2635 2323 2635 2322 2634 2318 2630 2329 2641 2324 2636 2326 2638 2331 2643 2329 2641 2326 2638 2329 2641 2331 2643 2330 2642 2329 2641 2330 2642 2328 2640 2325 2637 2329 2641 2328 2640 2329 2641 2325 2637 2324 2636 2327 2639 2331 2643 2326 2638 2327 2639 2326 2638 2332 2644 2326 2638 2316 2628 2332 2644 2332 2644 2316 2628 2319 2631 2237 2544 2333 2645 2334 2646 2335 2647 2333 2645 2237 2544 2235 2542 2237 2544 2334 2646 2235 2542 2334 2646 2233 2540 2334 2646 2336 2648 2233 2540 2337 2649 2336 2648 2334 2646 2336 2648 2338 2650 2233 2540 2234 2541 2233 2540 2184 2491 2184 2491 2190 2497 2234 2541 2245 2554 2249 2558 2237 2544 2338 2650 2339 2651 2233 2540 2339 2651 2187 2494 2233 2540 2340 2652 2338 2650 2336 2648 2340 2652 2339 2651 2338 2650 2339 2651 2340 2652 2202 2653 2340 2652 2201 2654 2202 2653 2206 2655 2201 2654 2340 2652 2219 2662 2206 2655 2340 2652 2341 2656 2219 2662 2340 2652 2342 2657 2343 2658 2341 2656 2344 2659 2343 2658 2342 2657 2345 2660 2344 2659 2342 2657 2209 2661 2344 2659 2345 2660 2346 2663 2343 2658 2344 2659 2347 2664 2346 2663 2344 2659 2346 2663 2348 2665 2343 2658 2348 2665 2341 2656 2343 2658 2347 2664 2344 2659 2209 2661 2218 2666 2347 2664 2209 2661 2348 2665 2217 2667 2341 2656 2217 2667 2216 2668 2341 2656 2216 2668 2219 2662 2341 2656 2220 2669 2347 2664 2218 2666 2217 2667 2348 2665 2349 2670 2349 2670 2348 2665 2346 2663 2350 2671 2347 2664 2220 2669 2351 2672 2346 2663 2347 2664 2350 2671 2351 2672 2347 2664 2351 2672 2349 2670 2346 2663 2226 2673 2350 2671 2220 2669 2225 2674 2217 2667 2349 2670 2352 2675 2351 2672 2350 2671 2353 2676 2352 2675 2350 2671 2353 2676 2350 2671 2226 2673 2354 2677 2349 2670 2351 2672 2352 2675 2354 2677 2351 2672 2349 2670 2354 2677 2225 2674 2228 2678 2352 2675 2353 2676 2229 2679 2228 2678 2353 2676 2229 2679 2353 2676 2226 2673 2231 2680 2354 2677 2352 2675 2228 2678 2231 2680 2352 2675 2354 2677 2231 2680 2225 2674 2355 2681 2307 2682 2208 2718 2356 2683 2355 2681 2208 2718 2315 2689 2307 2682 2355 2681 2357 2684 2315 2689 2355 2681 2358 2685 2359 2686 2357 2684 2360 2687 2359 2686 2358 2685 2361 2690 2359 2686 2360 2687 2362 2691 2361 2690 2360 2687 2361 2690 2363 2692 2359 2686 2315 2689 2357 2684 2363 2692 2363 2692 2357 2684 2359 2686 2362 2691 2360 2687 2311 2688 2320 2693 2362 2691 2311 2688 2319 2694 2315 2689 2363 2692 2363 2692 2361 2690 2364 2695 2319 2694 2363 2692 2364 2695 2362 2691 2365 2696 2361 2690 2364 2695 2361 2690 2365 2696 2322 2697 2362 2691 2320 2693 2319 2694 2364 2695 2366 2698 2366 2698 2364 2695 2365 2696 2332 2699 2319 2694 2366 2698 2367 2700 2362 2691 2322 2697 2367 2700 2365 2696 2362 2691 2368 2701 2366 2698 2365 2696 2328 2702 2367 2700 2322 2697 2368 2701 2327 2703 2366 2698 2327 2703 2332 2699 2366 2698 2369 2704 2365 2696 2367 2700 2370 2705 2368 2701 2365 2696 2369 2704 2370 2705 2365 2696 2368 2701 2370 2705 2327 2703 2330 2706 2369 2704 2367 2700 2328 2702 2330 2706 2367 2700 2331 2707 2370 2705 2369 2704 2330 2706 2331 2707 2369 2704 2370 2705 2331 2707 2327 2703 2371 2708 498 2709 501 2710 2372 2711 2371 2708 501 2710 2373 2712 498 2709 2371 2708 2273 2583 498 2709 2373 2712 2270 2580 2273 2583 2373 2712 2270 2580 2373 2712 2374 2713 2268 2578 2270 2580 2374 2713 2268 2578 2374 2713 2267 2577 2372 2711 501 2710 2310 2715 2375 2714 2372 2711 2310 2715 2360 2687 2375 2714 2310 2715 2360 2687 2358 2685 2375 2714 2358 2685 2376 2716 2375 2714 2358 2685 2357 2684 2376 2716 2357 2684 2355 2681 2376 2716 2311 2688 2360 2687 2310 2715 2376 2716 2333 2645 2375 2714 2376 2716 2355 2681 2333 2645 2333 2645 2335 2647 2375 2714 2355 2681 2356 2683 2333 2645 2333 2645 2356 2683 2334 2646 2356 2683 2337 2649 2334 2646 2377 2717 2337 2649 2356 2683 2377 2717 2356 2683 2208 2718 2207 2719 2377 2717 2208 2718 2345 2660 2377 2717 2207 2719 2345 2660 2342 2657 2377 2717 2342 2657 2378 2720 2377 2717 2342 2657 2341 2656 2378 2720 2341 2656 2340 2652 2378 2720 2209 2661 2345 2660 2207 2719 2336 2648 2337 2649 2377 2717 2378 2720 2336 2648 2377 2717 2378 2720 2340 2652 2336 2648 2379 2721 2194 2501 2192 2499 2379 2721 2380 2722 2194 2501 2380 2722 2195 2502 2194 2501 2380 2722 2381 2723 2195 2502 2381 2723 2196 2503 2195 2502 2381 2723 2382 2724 2196 2503 2383 2725 2381 2723 2380 2722 2384 2726 2383 2725 2380 2722 2384 2726 2380 2722 2379 2721 2385 2727 2384 2726 2379 2721 2385 2727 2379 2721 2386 2728 2387 2729 2385 2727 2386 2728 2383 2725 2388 2730 2381 2723 2388 2730 2382 2724 2381 2723 2387 2729 2386 2728 2389 2731 2392 2734 2390 2732 2391 2733 2392 2734 2391 2733 2382 2741 2388 2735 2392 2734 2382 2741 2392 2734 2393 2736 2390 2732 2390 2732 2393 2736 2394 2737 2389 2731 2390 2732 2394 2737 2387 2729 2389 2731 2394 2737 2391 2733 2390 2732 2395 2738 2396 2739 2391 2733 2395 2738 2382 2741 2391 2733 2396 2739 2386 2728 2397 2740 2389 2731 2389 2731 2397 2740 2390 2732 2397 2740 2395 2738 2390 2732 2386 2728 2379 2721 2192 2499 2386 2728 2192 2499 2188 2495 2397 2740 2386 2728 2188 2495 2397 2740 2188 2495 2185 2492 2395 2738 2397 2740 2185 2492 2395 2738 2185 2492 2396 2739 2396 2739 2186 2493 2398 2742 2396 2739 2185 2492 2186 2493 2382 2741 2396 2739 2398 2742 2186 2493 2339 2651 2398 2742 2339 2651 2202 2653 2398 2742 2186 2493 2187 2494 2339 2651 2187 2494 2183 2490 2233 2540 2183 2490 2184 2491 2233 2540 2196 2503 2398 2743 2197 2504 2382 2724 2398 2743 2196 2503 2398 2743 2202 2509 2197 2504 2403 2748 2400 2745 2402 2747 2405 2750 2406 2751 2404 2749 2405 2750 2407 2752 2406 2751 2403 2754 2402 2755 2408 2753 2409 2756 2399 2744 2400 2745 2410 2757 2409 2756 2400 2745 2410 2757 2400 2745 2403 2748 2409 2756 2411 2758 2399 2744 2411 2758 2412 2759 2399 2744 2412 2759 2411 2758 2404 2749 2412 2759 2401 2746 2399 2744 2413 2760 2407 2752 2405 2750 2414 2761 2408 2753 2407 2752 2413 2760 2414 2761 2407 2752 2408 2753 2414 2761 2403 2754 2414 2761 2413 2760 2410 2762 2414 2761 2410 2762 2403 2754 2413 2760 2409 2763 2410 2762 2413 2760 2405 2750 2409 2763 2405 2750 2411 2764 2409 2763 2404 2749 2411 2764 2405 2750 2401 2746 2412 2759 2404 2749 2387 2729 2394 2737 2401 2746 2401 2746 2394 2737 2393 2736 2402 2747 2392 2734 2388 2735 2408 2753 2383 2725 2384 2726 2408 2753 2402 2755 2383 2725 2400 2745 2392 2734 2402 2747 2399 2744 2393 2736 2392 2734 2400 2745 2399 2744 2392 2734 2399 2744 2401 2746 2393 2736 2383 2725 2402 2755 2388 2730 2407 2752 2408 2753 2384 2726 2407 2752 2384 2726 2385 2727 2406 2751 2407 2752 2385 2727 2406 2751 2385 2727 2387 2729 2404 2749 2406 2751 2387 2729 2404 2749 2387 2729 2401 2746 2415 2765 2294 2766 2295 2767 2416 2768 2415 2765 2295 2767 2415 2765 2296 2769 2294 2766 2296 2769 2415 2765 2289 2600 2415 2765 2288 2599 2289 2600 2415 2765 2416 2768 2288 2599 2416 2768 2287 2598 2288 2599 2290 2601 2296 2769 2289 2600 2416 2768 2295 2767 2285 2596 2287 2598 2416 2768 2285 2596 2273 2770 2281 2591 498 567 2281 2591 499 568 498 567 2281 2591 2279 2589 499 568 2279 2589 2265 2575 499 568 2279 2589 2272 2582 2265 2575 2272 2582 2264 2574 2265 2575 2272 2582 2271 2581 2264 2574 2271 2581 2263 2573 2264 2574 2271 2581 2267 2577 2263 2573 2417 2771 2418 2772 2419 2773 2420 2774 2417 2771 2419 2773 2417 2771 2421 2775 2418 2772 2421 2775 2422 2776 2418 2772 2420 2774 2419 2773 2423 2777 2424 2778 2420 2774 2423 2777 2421 2775 2425 2779 2422 2776 2425 2779 2426 2780 2422 2776 2425 2779 2427 2781 2426 2780 2427 2781 2428 2782 2426 2780 2427 2781 2429 2783 2428 2782 2429 2783 2430 2784 2428 2782 2429 2783 2431 2785 2430 2784 2431 2785 2432 2786 2430 2784 2431 2785 2424 2787 2432 2786 2424 2787 2423 2788 2432 2786 2420 2774 2433 2789 2417 2771 2434 2790 2433 2789 2420 2774 2424 2778 2434 2790 2420 2774 2434 2791 2424 2787 2431 2785 2427 2781 2425 2779 2435 2792 2433 2789 2436 2793 2417 2771 2417 2771 2436 2793 2437 2794 2421 2775 2417 2771 2437 2794 2425 2779 2421 2775 2437 2794 2435 2792 2425 2779 2437 2794 2438 2795 2436 2793 2433 2789 2439 2796 2438 2795 2433 2789 2438 2795 2440 2797 2436 2793 2435 2792 2437 2794 2440 2797 2440 2797 2437 2794 2436 2793 2439 2796 2433 2789 2434 2790 2441 2798 2439 2796 2434 2790 2442 2799 2435 2792 2440 2797 2442 2799 2443 2800 2435 2792 2443 2800 2427 2781 2435 2792 2443 2800 2444 2801 2427 2781 2444 2801 2429 2783 2427 2781 2444 2801 2445 2802 2429 2783 2445 2802 2431 2785 2429 2783 2445 2802 2441 2803 2431 2785 2441 2803 2434 2791 2431 2785 2446 2804 2441 2803 2445 2802 2447 2805 2446 2804 2445 2802 2447 2805 2445 2802 2444 2801 2448 2806 2447 2805 2444 2801 2449 2807 2447 2805 2448 2806 2447 2805 2449 2807 2450 2808 2447 2805 2450 2808 2446 2804 2449 2807 2451 2809 2450 2808 2449 2807 2452 2810 2451 2809 2452 2810 2453 2811 2451 2809 2449 2807 2448 2806 2454 2812 2452 2810 2449 2807 2454 2812 2453 2811 2452 2810 2454 2812 2455 2813 2453 2811 2454 2812 2454 2812 2448 2806 2443 2800 2448 2806 2444 2801 2443 2800 2454 2812 2443 2800 2442 2799 2455 2813 2454 2812 2442 2799 2455 2813 2442 2799 2440 2797 2456 2814 2455 2813 2440 2797 2451 2817 2457 2815 2458 2816 2450 2818 2451 2817 2458 2816 2453 2819 2456 2814 2457 2815 2451 2817 2453 2819 2457 2815 2456 2814 2453 2819 2455 2813 2450 2818 2458 2816 2446 2820 2456 2814 2440 2797 2438 2795 2457 2815 2456 2814 2438 2795 2457 2815 2438 2795 2439 2796 2458 2816 2457 2815 2439 2796 2458 2816 2439 2796 2441 2798 2446 2820 2458 2816 2441 2798 2459 2821 2460 2822 2239 2823 2190 2824 2459 2821 2239 2823 2460 2822 2459 2821 2423 2777 2419 2773 2460 2822 2423 2777 2419 2773 2418 2772 2460 2822 2418 2772 2461 2825 2460 2822 2462 2826 2460 2822 2461 2825 2239 2823 2460 2822 2462 2826 2463 2827 2462 2826 2461 2825 2464 2828 2463 2827 2461 2825 2465 2829 2464 2828 2461 2825 2464 2828 2465 2829 2466 2830 2467 2831 2464 2828 2466 2830 2461 2825 2418 2772 2422 2776 2465 2829 2461 2825 2422 2776 2465 2829 2422 2776 2466 2830 2422 2776 2426 2780 2466 2830 2466 2830 2426 2780 2428 2782 2428 2782 2468 2832 2299 2833 2428 2782 2299 2833 2298 2834 2466 2830 2298 2834 2467 2831 2428 2782 2298 2834 2466 2830 2468 2832 2301 2835 2299 2833 2301 2835 2468 2832 2191 3915 2468 2832 2469 2836 2191 3915 2191 3915 2469 2836 2190 2837 2469 2836 2459 2838 2190 2837 2428 2782 2430 2784 2468 2832 2468 2832 2430 2784 2432 2786 2469 2836 2468 2832 2432 2786 2459 2838 2469 2836 2432 2786 2423 2788 2459 2838 2432 2786 2464 2839 2470 2840 2471 2841 2463 2842 2464 2839 2471 2841 2470 2840 2464 2839 2467 2843 2472 2844 2470 2840 2467 2843 2463 2842 2471 2841 2473 2845 2462 2846 2463 2842 2473 2845 2239 2546 2462 2846 2473 2845 2234 2541 2239 2546 2473 2845 2474 2847 2473 2845 2471 2841 2474 2847 2475 2848 2473 2845 2470 2840 2476 2849 2471 2841 2476 2849 2474 2847 2471 2841 2238 2545 2235 2542 2475 2848 2235 2542 2232 2539 2475 2848 2232 2539 2234 2541 2473 2845 2475 2848 2232 2539 2473 2845 2474 2847 2476 2849 2477 2850 2477 2850 2476 2849 2478 2851 2476 2849 2479 2852 2478 2851 2478 2851 2479 2852 863 989 2479 2852 901 988 863 989 2480 2853 901 988 2479 2852 2472 2844 2480 2853 2479 2852 2478 2851 863 989 546 2854 541 2857 2474 2847 2477 2850 2475 2848 2474 2847 541 2857 536 2855 2475 2848 541 2857 2475 2848 536 2855 2238 2545 536 2855 537 2548 2238 2545 541 2857 2477 2850 543 2856 2478 2851 546 2854 544 2858 543 2856 2477 2850 544 2858 2478 2851 544 2858 2477 2850 905 993 901 988 2480 2853 2480 2853 2297 2609 905 993 2297 2609 918 1006 905 993 918 1006 2297 2609 916 1004 917 1005 918 1006 916 1004 2472 2844 2298 2610 2480 2853 2298 2610 2472 2844 2467 2843 2480 2853 2298 2610 2297 2609 2472 2844 2479 2852 2470 2840 2479 2852 2476 2849 2470 2840 2266 2859 2306 2618 2308 2620 500 2860 2266 2859 2308 2620 2306 2618 2266 2859 2304 2616 501 2861 500 2860 2308 2620 2310 2622 501 2861 2308 2620 2304 2616 2266 2859 911 999 2304 2616 911 999 2303 2615 2266 2859 2262 2862 911 999 914 1002 2303 2615 911 999 915 1003 2303 2615 914 1002 911 999 2262 2862 910 998 2262 2862 2258 2863 910 998 2258 2863 919 1007 910 998 2255 2864 919 1007 2258 2863 2255 2864 907 995 919 1007 907 995 2255 2864 902 990 2255 2864 2254 2865 902 990 2254 2865 2257 2866 902 990 2257 2866 898 983 902 990 898 983 2257 2866 875 980 2485 2871 2482 2868 798 873 2487 2873 2486 2872 2484 2870 2487 2873 2488 2874 2486 2872 2489 2875 2486 2872 2488 2874 2488 2874 2490 2876 2489 2875 2489 2875 2490 2876 2491 2877 2492 2878 2491 2877 2490 2876 2493 2879 2484 2870 2483 2869 2494 2880 2493 2879 2483 2869 2487 2873 2493 2879 2495 2881 2496 2882 2488 2874 2487 2873 2490 2876 2488 2874 2496 2882 2484 2870 2493 2879 2487 2873 2487 2873 2495 2881 2496 2882 2490 2876 2496 2882 2497 2883 2490 2876 2497 2883 2498 2884 2492 2878 2490 2876 2498 2884 2499 2885 2498 2884 2497 2883 2500 2886 2499 2885 2497 2883 2499 2885 2500 2886 2501 2887 2503 2889 2502 2888 2501 2887 2506 2892 2502 2888 2503 2889 2504 2890 2499 2885 2501 2887 2504 2890 2501 2887 2502 2888 2505 2891 2504 2890 2502 2888 2505 2891 2502 2888 2506 2892 2501 2887 2500 2886 2507 2893 2500 2886 2508 2894 2507 2893 2507 2893 2508 2894 2509 2895 2508 2894 2510 2896 2509 2895 2509 2895 2510 2896 2511 2897 2512 2898 2509 2895 2511 2897 2513 2899 2509 2895 2512 2898 2507 2893 2509 2895 2513 2899 2514 2900 2513 2899 2512 2898 2514 2900 2512 2898 2515 2901 2516 2902 2514 2900 2515 2901 2512 2898 2511 2897 2517 2903 2515 2901 2512 2898 2517 2903 2518 2904 2507 2893 2513 2899 2510 2896 2508 2894 2519 2905 2511 2897 2510 2896 2519 2905 2517 2903 2520 2906 2515 2901 2520 2906 2521 2907 2515 2901 2521 2907 2520 2906 2522 2908 2523 2909 2521 2907 2522 2908 2516 2902 2515 2901 2521 2907 2523 2909 2522 2908 2524 2910 2522 2908 2525 2911 2524 2910 2518 2904 2513 2899 2526 2912 2526 2912 2513 2899 2514 2900 2527 2913 2518 2904 2526 2912 2503 2889 2518 2904 2527 2913 2503 2889 2501 2887 2518 2904 2501 2887 2507 2893 2518 2904 2528 2914 2503 2889 2527 2913 2528 2914 2529 2915 2503 2889 2529 2915 2506 2892 2503 2889 2530 2916 2506 2892 2529 2915 2524 2910 2525 2911 647 2917 2525 2911 2531 2918 647 2917 647 2917 2531 2918 649 2919 2533 2921 2532 2920 649 2919 2532 2920 2533 2921 2534 2922 2533 2921 2535 2923 2534 2922 2533 2921 2536 2924 2535 2923 649 2919 2537 2925 2533 2921 2537 2925 649 2919 2531 2918 2538 2926 2537 2925 2531 2918 2537 2925 2538 2926 2539 2927 2538 2926 2531 2918 2525 2911 2540 2928 2538 2926 2525 2911 2539 2927 2538 2926 2540 2928 2541 2929 2539 2927 2540 2928 2542 2930 2539 2927 2541 2929 2485 2871 2542 2930 2541 2929 2485 2871 796 871 2542 2930 2485 2871 2543 2931 2482 2868 2543 2931 2481 2867 2482 2868 2543 2931 2494 2880 2481 2867 2494 2880 2483 2869 2481 2867 2544 2932 2545 2933 2537 2925 2546 2934 2547 2935 2545 2933 2546 2934 2548 2936 2547 2935 2548 2936 2549 2937 2547 2935 2548 2936 2550 2938 2549 2937 2550 2938 2551 2939 2549 2937 2550 2938 2552 2940 2551 2939 2552 2940 2553 2941 2551 2939 2546 2934 2554 2942 2548 2936 2554 2942 2555 2943 2548 2936 2550 2938 2555 2943 2556 2944 2548 2936 2555 2943 2550 2938 2554 2942 2557 2945 2555 2943 2558 2946 2557 2945 2554 2942 2559 2947 2558 2946 2554 2942 2559 2947 2554 2942 2546 2934 2545 2933 2559 2947 2546 2934 2544 2932 2559 2947 2545 2933 2552 2940 2492 2950 2553 2941 2492 2950 2498 2948 2553 2941 2552 2940 2550 2938 2560 2949 2550 2938 2556 2944 2560 2949 2552 2940 2560 2949 2492 2950 2492 2950 2560 2949 2491 2951 2556 2944 2561 2952 2560 2949 2561 2952 2491 2951 2560 2949 794 869 2558 2946 2559 2947 2544 2932 794 869 2559 2947 2561 2952 881 960 2491 2951 2491 2951 881 960 821 977 2562 2953 881 960 2561 2952 2556 2944 2562 2953 2561 2952 795 870 794 869 2544 2932 2562 2953 2556 2944 878 957 2556 2944 2555 2943 878 957 882 961 878 957 2555 2943 2555 2943 2557 2945 882 961 2557 2945 883 962 882 961 883 962 2557 2945 2558 2946 2558 2946 794 869 885 964 885 964 883 962 2558 2946 2562 2953 877 956 881 960 877 956 2562 2953 878 957 2544 2932 2542 2930 795 870 795 870 2542 2930 796 871 798 873 2482 2868 804 879 2482 2868 2481 2867 804 879 2481 2867 805 880 804 879 798 873 796 871 2485 2871 2481 2867 2483 2869 805 880 2483 2869 2563 2954 805 880 2483 2869 2484 2870 2563 2954 2484 2870 2564 2955 2563 2954 2564 2955 2484 2870 2486 2872 818 893 2486 2872 2489 2875 819 894 818 893 2489 2875 819 894 2489 2875 2491 2877 821 896 819 894 2491 2877 2563 2954 807 882 805 880 818 893 2565 2956 2486 2872 2486 2872 2565 2956 2564 2955 807 882 2563 2954 2564 2955 809 884 807 882 2564 2955 809 884 2564 2955 2565 2956 816 891 809 884 2565 2956 2565 2956 818 893 816 891 2566 2957 889 968 888 967 2567 2958 2566 2957 888 967 2566 2957 2568 2959 889 968 2568 2959 891 970 889 968 2569 2960 2566 2957 2567 2958 2570 2961 2568 2959 2566 2957 2570 2961 2571 2962 2568 2959 2571 2962 892 971 2568 2959 2568 2959 892 971 891 970 2569 2960 2567 2958 2572 2963 2567 2958 888 967 2572 2963 2573 2964 2569 2960 2572 2963 2574 2965 2566 2957 2569 2960 2575 2966 2574 2965 2569 2960 2569 2960 2573 2964 2575 2966 2576 2967 2574 2965 2575 2966 2576 2967 2577 2968 2574 2965 2577 2968 2578 2969 2574 2965 2578 2969 2570 2961 2566 2957 2574 2965 2578 2969 2566 2957 2577 2968 2579 2970 2578 2969 2579 2970 2580 2971 2578 2969 2580 2971 2571 2962 2570 2961 2578 2969 2580 2971 2570 2961 2579 2970 528 597 2580 2971 528 597 2581 2972 2580 2971 2580 2971 2581 2972 2571 2962 528 597 530 599 2581 2972 530 599 2582 2973 2581 2972 2583 2974 2576 2967 2575 2966 524 593 528 597 2579 2970 524 593 2579 2970 2577 2968 522 591 524 593 2577 2968 522 591 2577 2968 2576 2967 2581 2972 2582 2973 2584 2975 2581 2972 2584 2975 2571 2962 2582 2973 2585 2976 2584 2975 518 587 2583 2974 517 586 2583 2974 518 587 2576 2967 2583 2974 2586 2977 517 586 2583 2974 2575 2966 2586 2977 2575 2966 2573 2964 2586 2977 2586 2977 2573 2964 2587 2978 2573 2964 2572 2963 2587 2978 2572 2963 2588 2979 2587 2978 2588 2979 2589 2980 2587 2978 2590 2981 2587 2978 2589 2980 2587 2978 2590 2981 2586 2977 2590 2981 2589 2980 2591 2982 2589 2980 2592 2983 2591 2982 2591 2982 2592 2983 2593 2984 2594 2985 2591 2982 2593 2984 2594 2985 2593 2984 825 900 2595 2986 2594 2985 825 900 2595 2986 825 900 827 902 2596 2987 2595 2986 827 902 2597 2988 2595 2986 2596 2987 2598 2989 2597 2988 2596 2987 815 890 2593 2984 2592 2983 825 900 2593 2984 815 890 850 927 2598 2989 2599 2990 850 927 2599 2990 846 923 846 923 2599 2990 2600 2991 2599 2990 2601 2992 2600 2991 2598 2989 2596 2987 2601 2992 2599 2990 2598 2989 2601 2992 846 923 2600 2991 839 914 840 915 846 923 839 914 2601 2992 2596 2987 829 904 2596 2987 827 902 829 904 2601 2992 829 904 830 905 2600 2991 2601 2992 830 905 2600 2991 830 905 831 906 839 914 2600 2991 831 906 2598 2989 850 927 851 928 2597 2988 2598 2989 851 928 852 929 2597 2988 851 928 2597 2988 852 929 853 930 853 930 2602 2993 2597 2988 2597 2988 2602 2993 2595 2986 2602 2993 2594 2985 2595 2986 2602 2993 853 930 2603 2994 517 586 2603 2994 853 930 517 586 2586 2977 2603 2994 2594 2985 2602 2993 2604 2995 2603 2994 2604 2995 2602 2993 2604 2995 2591 2982 2594 2985 2590 2981 2591 2982 2604 2995 2603 2994 2590 2981 2604 2995 2590 2981 2603 2994 2586 2977 2605 2996 2606 2997 2504 2998 2505 2999 2605 2996 2504 2998 2504 2998 2606 2997 2499 3000 2607 3001 2606 2997 2605 2996 2607 3001 2608 3002 2606 2997 2607 3001 2609 3003 2608 3002 2609 3003 2610 3004 2608 3002 2609 3003 2611 3005 2610 3004 2611 3005 2612 3006 2610 3004 2609 3003 2607 3001 2613 3007 2614 3008 2611 3005 2609 3003 2613 3007 2614 3008 2609 3003 2549 2937 2610 3004 2612 3006 2610 3004 2549 2937 2608 3002 2606 2997 2608 3002 2553 2941 2606 2997 2553 2941 2498 2948 2499 3000 2606 2997 2498 2948 2608 3002 2549 2937 2551 2939 2549 2937 2612 3006 2536 2924 2536 2924 2547 2935 2549 2937 2536 2924 2533 2921 2547 2935 2533 2921 2545 2933 2547 2935 2533 2921 2537 2925 2545 2933 2608 3002 2551 2939 2553 2941 2544 2932 2537 2925 2539 2927 2542 2930 2544 2932 2539 2927 2536 2924 2612 3006 2535 2923 2535 2923 2612 3006 2611 3005 2534 2922 2535 2923 2611 3005 2534 2922 2611 3005 2614 3008 2534 2922 2614 3008 653 3009 651 3010 2534 2922 653 3009 651 3010 2532 2920 2534 2922 2532 2920 651 3010 649 2919 2615 3011 2614 3008 2613 3007 2613 3007 2616 3012 2615 3011 2617 3013 2616 3012 2613 3007 2607 3001 2617 3013 2613 3007 2617 3013 2607 3001 2605 2996 2605 2996 2505 2999 2506 3014 2605 2996 2506 3014 2530 3015 2618 3016 2605 2996 2530 3015 2617 3013 2605 2996 2618 3016 2616 3012 2617 3013 2618 3016 2616 3012 2618 3016 2619 3017 616 688 2620 3018 2621 3019 618 690 616 688 2621 3019 2620 3018 2622 3020 2621 3019 2622 3020 2623 3021 2621 3019 2623 3021 2622 3020 2624 3022 2625 3023 2623 3021 2624 3022 2624 3022 2622 3020 2626 3024 2622 3020 2627 3025 2626 3024 2626 3024 2627 3025 2628 3026 2627 3025 2629 3027 2628 3026 2621 3019 2623 3021 2630 3028 2623 3021 2631 3029 2630 3028 2631 3029 2623 3021 2625 3023 2632 3030 2631 3029 2625 3023 2624 3022 2626 3024 2633 3031 2626 3024 2634 3032 2633 3031 2626 3024 2628 3026 2634 3032 2624 3022 2633 3031 2635 3033 2625 3023 2624 3022 2635 3033 2625 3023 2635 3033 2636 3034 2632 3030 2625 3023 2636 3034 2636 3034 2638 3036 2637 3035 2638 3036 2639 3037 2637 3035 2636 3034 2637 3035 2641 3039 2632 3030 2636 3034 2641 3039 2641 3039 2637 3035 2639 3037 2642 3040 2641 3039 2639 3037 2639 3037 2640 3038 2642 3040 2632 3030 2641 3039 2643 3041 2631 3029 2632 3030 2643 3041 2644 3042 2643 3041 2641 3039 2642 3040 2644 3042 2641 3039 2645 3043 2644 3042 2642 3040 2645 3043 2642 3040 2640 3038 2643 3041 2646 3044 2631 3029 2643 3041 2644 3042 2646 3044 2646 3044 2630 3028 2631 3029 2646 3044 622 694 2630 3028 622 694 621 693 2630 3028 2621 3019 2630 3028 621 693 618 690 2621 3019 621 693 616 688 614 686 2620 3018 614 686 2647 3045 2620 3018 2622 3020 2620 3018 2647 3045 2627 3025 2622 3020 2647 3045 614 686 612 684 2647 3045 612 684 2648 3046 2647 3045 2627 3025 2647 3045 2648 3046 2629 3027 2627 3025 2648 3046 2629 3027 2648 3046 610 682 610 682 2648 3046 612 684 2629 3027 610 682 609 681 2649 3047 2629 3027 609 681 2629 3027 2649 3047 2628 3026 2649 3047 2650 3048 2628 3026 2650 3048 2649 3047 2651 3049 2649 3047 2652 3050 2651 3049 2649 3047 605 677 2652 3050 605 677 2653 3051 2652 3050 605 677 604 676 2653 3051 604 676 2654 3052 2653 3051 604 676 600 672 2654 3052 2655 3053 2654 3052 600 672 2656 3054 2653 3051 2654 3052 2657 3055 2656 3054 2654 3052 2657 3055 2654 3052 2655 3053 2656 3054 2657 3055 2658 3056 2657 3055 2659 3057 2658 3056 2658 3056 2659 3057 2660 3058 2659 3057 2661 3059 2660 3058 2664 3062 2663 3061 2662 3060 2665 3063 2664 3062 2662 3060 2665 3063 2662 3060 2661 3059 2659 3057 2665 3063 2661 3059 2664 3062 2667 3065 2663 3061 2667 3065 2668 3066 2663 3061 2669 3067 2668 3066 2667 3065 2670 3068 2669 3067 2667 3065 2672 3070 2673 3071 2671 3069 2673 3071 2674 3072 2671 3069 2671 3069 2674 3072 2670 3068 578 650 2675 3073 2673 3071 579 651 578 650 2673 3071 579 651 2673 3071 2672 3070 574 646 2675 3073 578 650 2673 3071 2675 3073 2674 3072 2675 3073 2676 3074 2674 3072 2675 3073 574 646 2677 3075 574 646 571 643 2677 3075 2675 3073 2677 3075 2676 3074 2676 3074 2677 3075 2678 3076 1417 1595 2678 3076 1416 1594 2679 3077 2678 3076 1417 1595 2676 3074 2678 3076 2679 3077 1419 1597 2679 3077 1417 1595 2674 3072 2676 3074 2679 3077 1420 1598 2679 3077 1419 1597 1421 1599 1416 1594 2678 3076 2680 3078 1421 1599 2678 3076 2680 3078 2678 3076 2677 3075 2681 3079 2680 3078 2677 3075 2682 3080 2679 3077 1420 1598 2674 3072 2679 3077 2682 3080 2677 3075 569 641 2681 3079 2677 3075 571 643 569 641 569 641 2683 3081 2681 3079 2683 3081 569 641 565 637 2684 3082 2683 3081 565 637 2684 3082 565 637 564 635 2685 3083 2684 3082 564 635 564 635 555 636 2685 3083 555 636 2686 3084 2685 3083 2685 3083 2686 3084 2687 3085 2685 3083 2687 3085 2684 3082 2687 3085 2688 3086 2684 3082 2684 3082 2688 3086 2683 3081 2686 3084 2689 3087 2687 3085 2689 3087 2690 3088 2687 3085 2690 3088 2691 3089 2687 3085 2687 3085 2691 3089 2692 3090 2687 3085 2692 3090 2688 3086 2691 3089 2693 3091 2692 3090 2692 3090 2693 3091 2694 3092 2693 3091 2695 3093 2694 3092 2696 3094 2694 3092 2695 3093 2681 3079 2694 3092 2697 3095 2697 3095 2694 3092 2696 3094 2680 3078 2681 3079 2697 3095 2683 3081 2694 3092 2681 3079 2692 3090 2694 3092 2683 3081 2688 3086 2692 3090 2683 3081 2697 3095 1440 1618 2680 3078 1441 1619 1440 1618 2697 3095 2698 3096 1441 1619 2697 3095 2698 3096 2697 3095 2696 3094 1443 1621 1441 1619 2698 3096 2699 3097 1443 1621 2698 3096 2698 3096 2696 3094 2699 3097 2696 3094 2700 3098 2699 3097 1440 1618 1421 1599 2680 3078 2699 3097 2700 3098 2701 3099 2700 3098 2702 3100 2701 3099 2701 3099 2702 3100 2703 3101 2704 3102 2701 3099 2703 3101 2704 3102 1450 1628 2701 3099 1450 1628 1451 1629 2701 3099 1451 1629 1443 1621 2699 3097 2701 3099 1451 1629 2699 3097 2705 3103 2706 3104 2707 3105 1458 1636 2705 3103 2707 3105 1459 1637 2705 3103 1458 1636 2705 3103 1459 1637 2708 3106 1459 1637 1464 1642 2708 3106 2708 3106 1464 1642 1463 1641 2709 3107 2708 3106 1463 1641 1458 1636 2707 3105 1460 1638 2709 3107 1463 1641 1462 1640 2710 3108 2709 3107 1462 1640 740 815 1462 1640 310 364 2710 3108 1462 1640 740 815 2705 3103 2708 3106 2711 3109 2708 3106 2712 3110 2711 3109 2708 3106 2709 3107 2712 3110 2713 3111 2711 3109 2712 3110 2711 3109 2714 3112 2705 3103 2714 3112 2715 3113 2705 3103 2715 3113 2706 3104 2705 3103 2716 3114 2714 3112 2711 3109 2711 3109 2713 3111 2716 3114 2716 3114 2718 3116 2717 3115 2720 3118 2719 3117 2718 3116 2721 3119 2718 3116 2716 3114 2721 3119 2722 3120 2718 3116 2722 3120 2638 3036 2718 3116 2638 3036 2722 3120 2639 3037 2713 3111 2721 3119 2716 3114 2636 3034 2723 3121 2638 3036 2636 3034 2635 3033 2723 3121 2724 3122 2723 3121 2635 3033 2633 3031 2724 3122 2635 3033 2723 3121 2724 3122 2720 3118 2638 3036 2723 3121 2720 3118 2718 3116 2638 3036 2720 3118 2724 3122 2725 3123 2720 3118 2726 3124 2720 3118 2725 3123 2719 3117 2720 3118 2726 3124 2633 3031 2634 3032 2724 3122 2634 3032 2727 3125 2724 3122 2725 3123 2724 3122 2727 3125 2727 3125 2634 3032 2728 3126 2729 3127 2728 3126 2634 3032 2628 3026 2729 3127 2634 3032 2628 3026 2650 3048 2729 3127 2650 3048 2730 3128 2729 3127 2729 3127 2730 3128 2728 3126 2730 3128 2650 3048 2731 3129 2650 3048 2651 3049 2731 3129 2731 3129 2651 3049 2732 3130 2651 3049 2733 3131 2732 3130 2732 3130 2733 3131 2734 3132 2733 3131 2735 3133 2734 3132 2735 3133 2733 3131 2652 3050 2735 3133 2736 3134 2734 3132 2736 3134 2737 3135 2734 3132 2737 3135 2738 3136 2734 3132 1497 1675 2737 3135 2736 3134 1496 1674 2737 3135 1497 1675 1496 1674 2739 3137 2737 3135 1497 1675 2740 3138 369 423 1497 1675 2736 3134 2740 3138 2737 3135 2739 3137 2741 3139 2736 3134 2742 3140 2740 3138 2742 3140 2736 3134 2735 3133 2743 3141 2742 3140 2735 3133 2744 3142 2741 3139 2739 3137 2738 3136 2741 3139 2744 3142 2738 3136 2737 3135 2741 3139 2744 3142 2745 3143 2738 3136 2745 3143 2744 3142 2746 3144 1502 1680 2744 3142 2739 3137 1496 1674 1502 1680 2739 3137 2747 3145 2746 3144 2744 3142 2747 3145 2744 3142 1502 1680 1507 1685 2747 3145 1502 1680 1507 1685 1508 1686 2747 3145 1508 1686 2748 3146 2747 3145 2748 3146 1508 1686 2749 3147 1508 1686 1511 1689 2749 3147 2749 3147 1511 1689 2750 3148 2751 3149 2749 3147 2750 3148 2752 3150 2751 3149 2750 3148 1511 1689 1515 1693 2750 3148 2749 3147 2751 3149 2748 3146 2753 3151 2746 3144 2747 3145 2754 3152 2746 3144 2753 3151 2754 3152 2755 3153 2746 3144 2755 3153 2745 3143 2746 3144 2745 3143 2755 3153 2756 3154 2756 3154 2738 3136 2745 3143 2734 3132 2738 3136 2732 3130 2738 3136 2757 3155 2732 3130 2738 3136 2756 3154 2757 3155 2731 3129 2732 3130 2757 3155 2758 3156 2731 3129 2757 3155 2731 3129 2758 3156 2730 3128 2758 3156 2728 3126 2730 3128 2758 3156 2727 3125 2728 3126 2759 3157 2725 3123 2727 3125 2726 3124 2725 3123 2759 3157 2760 3158 2726 3124 2759 3157 2761 3159 2759 3157 2727 3125 2727 3125 2758 3156 2761 3159 2760 3158 2759 3157 2761 3159 2762 3160 2726 3124 2760 3158 2726 3124 2762 3160 2719 3117 2719 3117 2717 3115 2718 3116 2719 3117 2763 3161 2717 3115 2717 3115 2714 3112 2716 3114 2715 3113 2714 3112 2717 3115 2764 3162 2715 3113 2717 3115 2763 3161 2765 3163 2717 3115 2765 3163 2764 3162 2717 3115 2766 3164 2764 3162 2765 3163 2762 3160 2763 3161 2719 3117 2763 3161 2762 3160 2765 3163 2767 3165 2762 3160 2760 3158 2762 3160 2767 3165 2768 3166 2769 3167 2768 3166 2767 3165 2770 3168 2769 3167 2767 3165 2770 3168 2767 3165 2771 3169 2767 3165 2760 3158 2771 3169 2771 3169 2760 3158 2772 3170 2772 3170 2760 3158 2761 3159 2758 3156 2757 3155 2756 3154 2758 3156 2756 3154 2761 3159 2761 3159 2756 3154 2772 3170 2771 3169 2772 3170 2773 3171 2756 3154 2773 3171 2772 3170 2773 3171 2755 3153 2771 3169 2756 3154 2755 3153 2773 3171 2770 3168 2771 3169 2755 3153 2755 3153 2754 3152 2770 3168 2770 3168 2754 3152 2769 3167 2774 3172 2769 3167 2754 3152 2754 3152 2753 3151 2774 3172 2775 3173 2774 3172 2753 3151 2753 3151 2747 3145 2775 3173 2747 3145 2748 3146 2775 3173 2748 3146 2751 3149 2775 3173 2768 3166 2769 3167 2776 3174 2776 3174 2777 3175 2768 3166 2762 3160 2768 3166 2777 3175 2777 3175 2765 3163 2762 3160 2777 3175 2778 3176 2765 3163 2778 3176 2766 3164 2765 3163 2776 3174 2779 3177 2777 3175 2778 3176 2777 3175 2779 3177 2751 3149 2752 3150 2775 3173 2752 3150 2780 3178 2775 3173 2775 3173 2780 3178 2774 3172 2781 3179 2774 3172 2780 3178 2774 3172 2781 3179 2782 3180 2769 3167 2774 3172 2782 3180 2782 3180 2776 3174 2769 3167 2776 3174 2782 3180 2783 3181 2779 3177 2776 3174 2783 3181 2783 3181 2782 3180 2781 3179 734 3842 302 2426 1548 1726 2784 3182 734 3842 1548 1726 734 3842 2784 3182 2785 3183 2784 3182 2786 3184 2785 3183 2789 3187 2787 3185 2788 3186 2789 3187 2790 3188 2787 3185 2787 3185 2790 3188 2791 3189 2786 3184 2787 3185 2791 3189 2792 3190 2793 3191 2791 3189 2791 3189 2790 3188 2794 3192 2790 3188 2795 3193 2794 3192 2794 3192 2792 3190 2791 3189 2794 3192 2795 3193 2796 3194 2792 3190 2794 3192 2796 3194 2795 3193 2797 3195 2796 3194 2798 3196 2792 3190 2796 3194 2795 3193 2799 3197 2797 3195 2799 3197 2795 3193 2790 3188 2789 3187 2799 3197 2790 3188 2800 3198 2799 3197 2789 3187 2799 3197 2801 3199 2797 3195 2799 3197 2802 3200 2801 3199 2800 3198 2803 3201 2799 3197 2804 3202 2801 3199 2528 3204 2805 3203 2529 3205 2528 3204 2530 3206 2529 3205 2805 3203 2806 3207 2530 3206 2805 3203 2807 3208 2806 3207 2805 3203 2807 3208 2805 3203 2808 3209 2809 3210 2801 3199 2804 3202 2805 3203 2528 3204 2810 3211 2808 3209 2805 3203 2810 3211 2810 3211 2528 3204 2801 3199 2802 3200 2810 3211 2801 3199 2802 3200 2799 3197 2810 3211 2799 3197 2803 3201 2810 3211 2807 3208 2808 3209 2811 3212 2810 3211 2803 3201 2812 3213 2810 3211 2812 3213 2808 3209 2803 3201 2800 3198 2812 3213 2800 3198 2813 3214 2812 3213 2813 3214 2814 3215 2812 3213 2813 3214 2800 3198 2815 3216 2815 3216 2800 3198 2789 3187 2815 3216 2789 3187 2788 3186 2812 3213 2814 3215 2808 3209 2808 3209 2816 3217 2811 3212 2808 3209 2814 3215 2816 3217 2814 3215 2817 3218 2816 3217 2814 3215 2818 3219 2817 3218 2818 3219 2819 3220 2817 3218 2818 3219 2820 3221 2819 3220 2820 3221 2821 3222 2819 3220 2820 3221 2822 3223 2821 3222 2823 3224 2822 3223 2820 3221 2824 3225 2823 3224 2820 3221 2824 3225 2825 3226 2823 3224 2825 3226 2826 3227 2823 3224 2821 3222 2822 3223 560 629 2823 3224 2827 3228 2822 3223 2823 3224 2826 3227 2827 3228 2826 3227 2828 3229 2827 3228 2827 3228 2828 3229 2829 3230 2828 3229 2830 3231 2829 3230 2828 3229 2831 3232 2830 3231 2831 3232 2832 3233 2830 3231 2827 3228 2829 3230 2833 3234 2827 3228 2833 3234 2822 3223 2834 3235 2831 3232 2828 3229 2826 3227 2834 3235 2828 3229 2831 3232 2835 3236 2832 3233 2835 3236 2836 3237 2832 3233 1601 1782 2836 3237 2835 3236 1602 1783 1601 1782 2835 3236 1602 1783 2835 3236 2837 3238 2837 3238 2835 3236 2831 3232 2834 3235 2837 3238 2831 3232 1604 1785 1602 1783 2837 3238 2829 3230 2830 3231 2838 3239 2830 3231 2839 3240 2838 3239 2830 3231 2832 3233 2839 3240 2832 3233 2840 3241 2839 3240 2832 3233 2836 3237 2840 3241 1601 1782 1608 1789 2836 3237 2838 3239 2839 3240 2841 3242 2838 3239 2841 3242 2842 3243 2842 3243 2841 3242 2843 3244 2841 3242 2844 3245 2843 3244 2844 3245 2845 3246 2843 3244 2845 3246 2844 3245 2846 3247 2844 3245 2847 3248 2846 3247 2846 3247 2847 3248 2848 3249 2847 3248 2849 3250 2848 3249 2846 3247 2858 3261 2845 3246 2858 3261 2846 3247 2848 3249 2848 3249 2849 3250 2850 3251 1619 1800 2848 3249 2850 3251 2848 3249 1619 1800 1621 1802 1622 1803 1619 1800 2850 3251 2851 3252 2848 3249 1621 1802 2851 3252 2858 3261 2848 3249 2852 3253 2847 3248 2844 3245 2841 3242 2852 3253 2844 3245 2853 3254 2849 3250 2847 3248 2852 3253 2853 3254 2847 3248 2854 3255 2850 3251 2849 3250 2853 3254 2854 3255 2849 3250 2850 3251 2854 3255 1627 1808 1622 1803 2850 3251 1627 1808 2855 3257 1628 1809 2704 3256 1621 1802 1628 1809 2855 3257 2851 3252 1621 1802 2855 3257 2703 3258 2855 3257 2704 3256 1628 1809 1450 1813 2704 3256 2855 3257 2703 3258 2856 3259 2839 3240 2852 3253 2841 3242 2840 3241 2853 3254 2852 3253 2839 3240 2840 3241 2852 3253 2836 3237 2854 3255 2853 3254 2840 3241 2836 3237 2853 3254 2854 3255 2836 3237 1608 1789 1627 1808 2854 3255 1608 1789 2855 3257 2856 3259 2857 3260 2851 3252 2855 3257 2857 3260 2851 3252 2857 3260 2858 3261 2858 3261 2859 3262 2845 3246 2859 3262 2860 3263 2845 3246 2860 3263 2843 3244 2845 3246 2843 3244 2860 3263 2689 3264 2860 3263 2690 3265 2689 3264 2842 3243 2843 3244 2689 3264 2686 3267 2842 3243 2689 3264 2861 3266 2842 3243 2686 3267 2861 3266 2838 3239 2842 3243 2829 3230 2838 3239 2861 3266 2833 3234 2829 3230 2861 3266 2833 3234 2861 3266 555 624 2861 3266 2686 3267 555 624 555 624 554 623 2833 3234 554 623 557 626 2833 3234 557 626 2822 3223 2833 3234 2822 3223 557 626 560 629 2862 3268 2863 3269 2806 3270 2863 3269 2862 3268 2864 3271 2619 3292 2863 3269 2864 3271 2864 3271 2862 3268 2865 3272 2865 3272 2866 3273 2864 3271 2865 3272 2867 3274 2866 3273 2807 3275 2862 3268 2806 3270 2868 3276 2867 3274 2865 3272 2868 3276 2865 3272 2869 3277 2869 3277 2865 3272 2862 3268 2811 3278 2869 3277 2862 3268 2807 3275 2811 3278 2862 3268 2870 3279 2619 3292 2864 3271 2866 3273 2871 3280 2864 3271 2871 3280 2866 3273 2872 3281 2866 3273 2867 3274 2872 3281 2811 3278 2816 3282 2869 3277 2869 3277 2816 3282 2868 3276 2868 3276 2873 3283 2867 3274 2868 3276 2816 3282 2873 3283 594 666 2873 3283 2874 3284 594 666 2874 3284 2875 3285 2874 3284 2876 3286 2875 3285 2875 3285 2876 3286 595 667 2821 3287 2876 3286 2874 3284 2876 3286 2821 3287 562 633 2821 3287 560 630 562 633 2819 3288 2821 3287 2874 3284 2874 3284 2873 3283 2819 3288 2873 3283 2817 3289 2819 3288 2817 3289 2873 3283 2816 3282 562 633 568 640 2876 3286 595 667 2876 3286 568 640 577 649 595 667 568 640 2875 3285 595 667 594 666 2873 3283 594 666 593 665 593 665 2872 3281 2873 3283 2872 3281 2867 3274 2873 3283 2872 3281 593 665 596 668 2872 3281 596 668 597 669 2872 3281 597 669 598 670 2871 3280 2872 3281 598 670 2871 3280 598 670 602 674 2870 3279 2871 3280 602 674 2870 3279 2864 3271 2871 3280 2877 3290 2878 3291 2870 3279 2619 3292 2870 3279 2878 3291 2616 3293 2619 3292 2878 3291 2863 3269 2619 3292 2618 3294 2806 3270 2863 3269 2618 3294 2530 3295 2806 3270 2618 3294 2877 3290 2879 3296 2878 3291 655 727 2879 3296 2877 3290 2614 3297 2879 3296 655 727 2878 3291 2615 3298 2616 3293 2879 3296 2615 3298 2878 3291 2615 3298 2879 3296 2614 3297 655 727 653 725 2614 3297 2877 3290 657 729 655 727 659 731 657 729 2877 3290 2877 3290 2870 3279 659 731 659 731 2870 3279 602 674 1654 1854 1657 1857 2880 3299 2881 3300 1654 1854 2880 3299 2881 3300 2880 3299 2882 3301 2883 3302 2882 3301 2764 3790 2883 3302 2764 3790 2884 3303 2885 3304 2884 3303 2778 3788 2885 3304 2778 3788 2779 3786 2886 3305 2885 3304 2779 3786 2887 3306 2885 3304 2886 3305 2887 3306 2886 3305 2888 3307 2889 3308 2887 3306 2888 3307 2886 3305 2890 3309 2888 3307 2891 3310 2892 3311 2890 3309 2891 3310 2893 3312 2892 3311 2894 3313 2893 3312 2891 3310 2893 3312 2895 3314 2892 3311 2892 3311 2896 3315 2890 3309 2895 3314 2896 3315 2892 3311 2898 3317 2891 3310 2890 3309 2899 3318 2895 3314 2893 3312 2897 3316 2895 3314 2899 3318 2896 3315 2888 3307 2890 3309 2900 3319 2893 3312 2894 3313 2893 3312 2900 3319 2899 3318 2901 3320 2900 3319 2894 3313 2900 3319 2901 3320 2902 3321 2903 3322 2900 3319 2902 3321 2904 3323 2903 3322 2902 3321 2905 3324 2900 3319 2903 3322 2904 3323 2902 3321 2906 3325 2907 3326 2904 3323 2906 3325 2907 3326 2906 3325 1685 1885 1686 1886 2907 3326 1685 1885 2904 3323 2908 3327 2903 3322 2909 3328 2903 3322 2908 3327 2910 3329 2909 3328 2908 3327 2910 3329 2908 3327 2911 3330 1692 1892 2911 3330 1691 1891 2909 3328 2905 3324 2903 3322 2911 3330 2908 3327 2907 3326 2911 3330 2907 3326 1691 1891 2912 3331 2900 3319 2905 3324 2912 3331 2905 3324 2913 3332 2913 3332 2905 3324 2909 3328 772 847 2912 3331 2913 3332 2912 3331 772 847 2914 3333 2914 3333 2897 3316 2899 3318 2900 3319 2912 3331 2899 3318 2899 3318 2912 3331 2914 3333 770 845 772 847 2913 3332 2897 3316 2915 3334 2895 3314 2915 3334 2897 3316 2916 3335 2917 3336 2915 3334 2916 3335 2918 3337 2915 3334 2917 3336 2918 3337 2889 3308 2915 3334 2919 3338 2889 3308 2918 3337 2917 3336 2921 3340 2920 3339 2920 3339 2923 3342 2917 3336 2923 3342 2924 3343 2917 3336 2924 3343 2918 3337 2917 3336 2924 3343 2919 3338 2918 3337 2916 3335 2922 3341 2921 3340 2917 3336 2916 3335 2921 3340 2921 3340 2925 3344 2920 3339 2925 3344 2926 3345 2920 3339 2926 3345 2925 3344 2927 3346 2927 3346 2925 3344 2928 3347 2925 3344 2929 3348 2928 3347 2928 3347 2929 3348 2930 3349 2929 3348 2931 3350 2930 3349 2931 3350 2932 3351 2930 3349 2932 3351 2933 3352 2930 3349 2927 3346 2934 3353 2926 3345 2927 3346 2928 3347 2934 3353 2930 3349 2933 3352 2935 3354 2933 3352 2936 3355 2935 3354 2935 3354 2936 3355 2937 3356 2938 3357 2935 3354 2937 3356 2939 3358 2935 3354 2938 3357 2930 3349 2935 3354 2939 3358 2928 3347 2930 3349 2939 3358 2928 3347 2939 3358 2934 3353 2940 3359 2939 3358 2938 3357 2939 3358 2940 3359 2934 3353 2940 3359 2938 3357 2941 3360 2942 3361 2940 3359 2941 3360 2940 3359 2942 3361 2943 3362 2940 3359 2943 3362 2934 3353 2942 3361 2944 3363 2943 3362 2942 3361 2941 3360 2944 3363 2938 3357 2937 3356 2945 3364 2941 3360 2938 3357 2945 3364 2941 3360 2945 3364 2946 3365 2941 3360 2946 3365 2944 3363 2944 3363 2946 3365 2947 3366 2948 3367 2944 3363 2947 3366 2946 3365 2949 3368 2947 3366 2945 3364 2949 3368 2946 3365 2949 3368 2950 3369 2947 3366 2951 3370 2947 3366 2950 3369 2951 3370 2950 3369 2952 3371 2947 3366 2951 3370 2953 3372 2948 3367 2947 3366 2953 3372 2948 3367 2953 3372 2954 3373 2943 3362 2944 3363 2948 3367 2955 3374 2953 3372 2951 3370 2953 3372 2955 3374 2956 3375 2954 3373 2953 3372 2956 3375 2949 3368 2945 3364 2957 3376 2957 3376 2945 3364 2958 3377 2957 3376 2958 3377 1741 1941 2958 3377 1742 1942 1741 1941 1742 1942 2958 3377 1743 1943 2958 3377 2959 3378 1743 1943 2960 3379 2957 3376 1741 1941 1745 1945 2960 3379 1741 1941 2961 3380 2960 3379 1745 1945 1747 1947 2961 3380 1745 1945 2962 3381 2961 3380 1747 1947 1749 1949 2962 3381 1747 1947 2958 3377 2937 3356 2959 3378 2945 3364 2937 3356 2958 3377 2937 3356 2936 3355 2959 3378 2960 3379 2961 3380 2950 3369 2949 3368 2960 3379 2950 3369 2960 3379 2949 3368 2957 3376 2962 3381 2950 3369 2961 3380 2952 3371 2950 3369 2962 3381 2959 3378 2936 3355 2963 3382 2959 3378 2963 3382 1750 1950 1743 1943 2959 3378 1750 1950 2936 3355 2933 3352 2963 3382 2964 3383 2962 3381 1749 1949 1752 1952 2964 3383 1749 1949 2965 3384 2952 3371 2962 3381 2964 3383 2965 3384 2962 3381 2952 3371 2965 3384 2966 3385 2951 3370 2952 3371 2966 3385 2951 3370 2966 3385 2967 3386 2955 3374 2951 3370 2967 3386 2967 3386 2968 3387 2955 3374 2968 3387 2956 3375 2955 3374 2969 3388 2948 3367 2954 3373 2943 3362 2948 3367 2969 3388 2934 3353 2943 3362 2969 3388 2956 3375 2919 3338 2954 3373 2919 3338 2970 3389 2954 3373 2954 3373 2970 3389 2923 3342 2969 3388 2954 3373 2923 3342 2923 3342 2970 3389 2924 3343 2924 3343 2970 3389 2919 3338 2923 3342 2920 3339 2926 3345 2969 3388 2923 3342 2926 3345 2934 3353 2969 3388 2926 3345 2887 3306 2919 3338 2956 3375 2887 3306 2889 3308 2919 3338 2887 3306 2956 3375 2968 3387 2968 3387 2885 3304 2887 3306 2885 3304 2968 3387 2967 3386 2884 3303 2885 3304 2967 3386 2967 3386 2883 3302 2884 3303 2965 3384 2882 3301 2883 3302 2882 3301 2965 3384 2881 3300 2966 3385 2883 3302 2967 3386 2966 3385 2965 3384 2883 3302 2881 3300 2965 3384 2964 3383 2881 3300 2964 3383 1752 1952 1654 1854 2881 3300 1752 1952 2974 3393 2975 3394 2971 3390 2977 3396 2973 3392 2976 3395 2978 3397 2976 3395 2973 3392 2973 3392 2972 3391 2978 3397 2972 3391 2979 3398 2978 3397 2972 3391 2971 3390 2979 3398 2980 3399 2978 3397 2979 3398 2980 3399 2979 3398 2981 3400 2971 3390 2981 3400 2979 3398 2981 3400 2971 3390 2975 3394 2982 3401 2981 3400 2975 3394 2975 3394 2983 3402 2982 3401 2984 3403 2985 3404 2983 3402 2985 3404 2986 3405 2983 3402 2987 3406 2986 3405 2985 3404 2988 3407 2987 3406 2985 3404 2988 3407 2985 3404 2989 3408 2989 3408 2990 3409 2988 3407 2990 3409 2991 3410 2988 3407 2988 3407 2991 3410 2987 3406 2990 3409 2992 3411 2991 3410 2992 3411 2993 3412 2991 3410 2985 3404 2994 3413 2989 3408 2994 3413 2985 3404 2984 3403 2992 3411 2995 3414 2993 3412 2996 3415 2995 3414 2992 3411 2992 3411 2997 3416 2996 3415 2997 3416 2998 3417 2996 3415 2997 3416 665 737 2998 3417 665 737 681 753 2998 3417 666 738 665 737 2997 3416 2999 3418 666 738 2997 3416 2990 3409 2999 3418 2997 3416 2992 3411 2990 3409 2997 3416 2990 3409 2989 3408 2999 3418 2989 3408 3000 3419 2999 3418 3000 3419 2989 3408 3001 3420 2994 3413 3001 3420 2989 3408 3002 3421 3000 3419 3001 3420 2995 3414 3003 3422 2993 3412 2995 3414 2977 3423 3003 3422 2977 3423 2995 3414 2996 3415 2977 3423 2976 3424 3003 3422 2994 3413 3004 3425 3001 3420 3004 3425 2994 3413 2984 3403 2984 3403 2983 3402 3004 3425 2983 3402 3005 3426 3004 3425 3005 3426 2983 3402 2975 3394 2974 3393 3005 3426 2975 3394 3001 3420 3004 3425 3002 3421 3004 3425 3006 3427 3002 3421 3006 3427 674 746 3002 3421 674 746 3006 3427 3007 3428 676 748 674 746 3007 3428 3008 3429 3007 3428 3006 3427 3004 3425 3008 3429 3006 3427 3005 3426 3008 3429 3004 3425 3007 3428 3008 3429 3009 3430 3005 3426 2974 3393 3010 3431 3008 3429 3005 3426 3010 3431 3010 3431 3009 3430 3008 3429 3009 3430 3010 3431 3011 3432 3010 3431 2974 3393 3012 3433 3012 3433 3011 3432 3010 3431 3011 3432 3012 3433 3013 3434 3013 3434 3014 3435 731 806 3015 3436 3011 3432 3013 3434 3013 3434 3012 3433 3014 3435 3014 3435 3012 3433 2971 3390 2972 3391 3014 3435 2971 3390 731 806 3014 3435 3016 3437 3017 3438 3014 3435 2972 3391 3017 3438 3016 3437 3014 3435 2973 3392 3017 3438 2972 3391 2977 3396 3017 3438 2973 3392 3017 3438 2977 3396 3018 3439 3018 3439 3016 3437 3017 3438 3019 3440 3018 3439 2977 3396 3019 3440 683 3441 3018 3439 3018 3439 683 3441 724 798 683 3441 685 797 724 798 726 800 3016 3437 3018 3439 3018 3439 724 798 726 800 726 800 728 802 3016 3437 731 806 3016 3437 728 802 3013 3434 731 806 733 808 3015 3436 3013 3434 733 808 707 779 3015 3436 733 808 705 777 3015 3436 707 779 3020 3442 3015 3436 705 777 3015 3436 3020 3442 3011 3432 3009 3430 3011 3432 3020 3442 3009 3430 3020 3442 678 750 3007 3428 3009 3430 678 750 676 748 3007 3428 678 750 674 746 672 744 3002 3421 3002 3421 672 744 670 742 3000 3419 3002 3421 670 742 668 740 3000 3419 670 742 3000 3419 668 740 2999 3418 668 740 666 738 2999 3418 683 755 3019 3443 681 753 681 753 3019 3443 2998 3417 2996 3415 2998 3417 3019 3443 2977 3423 2996 3415 3019 3443 695 767 3021 3444 3022 3445 3021 3444 3023 3446 3022 3445 3023 3446 3024 3447 3022 3445 3025 3448 695 767 3022 3445 3025 3448 3026 3449 695 767 3027 3450 3026 3449 3025 3448 3028 3451 3027 3450 3025 3448 3030 3453 3021 3444 3029 3452 3031 3454 3023 3446 3021 3444 3030 3453 3031 3454 3021 3444 3032 3455 3023 3446 3031 3454 3023 3446 3032 3455 3024 3447 3033 3456 3032 3455 3031 3454 3033 3456 3031 3454 3034 3457 3033 3456 3034 3457 3035 3458 3036 3459 3033 3456 3035 3458 3037 3460 3036 3459 3035 3458 3038 3461 3037 3460 3035 3458 3039 3462 3037 3460 3038 3461 3040 3463 3039 3462 3038 3461 3031 3454 3041 3464 3034 3457 3038 3461 3035 3458 3042 3465 3035 3458 3034 3457 3042 3465 3043 3466 3038 3461 3042 3465 3040 3463 3038 3461 3043 3466 3044 3467 3041 3464 3031 3454 3030 3453 3044 3467 3031 3454 3029 3452 3045 3468 3030 3453 3030 3453 3045 3468 3044 3467 3041 3464 3044 3467 3046 3469 3047 3470 3046 3469 3044 3467 3047 3470 3044 3467 3048 3471 3048 3471 3044 3467 691 763 3044 3467 3045 3468 691 763 3049 3472 3047 3470 3048 3471 3050 3473 3047 3470 3049 3472 3047 3470 3050 3473 3046 3469 3051 3474 3050 3473 3049 3472 3050 3473 3052 3475 3046 3469 3051 3474 3053 3476 3050 3473 3053 3476 3054 3477 3050 3473 3050 3473 3054 3477 3052 3475 3055 3478 3052 3475 3054 3477 3055 3478 3054 3477 3056 3479 3055 3478 3056 3479 3057 3480 3058 3481 3057 3480 3056 3479 3057 3480 3058 3481 3059 3482 3060 3483 3057 3480 3059 3482 3061 3484 3060 3483 3059 3482 3059 3482 3062 3485 3061 3484 3062 3485 3063 3486 3061 3484 3028 3487 3061 3484 3063 3486 3027 3488 3028 3487 3063 3486 3060 3483 3061 3484 3064 3489 3028 3487 3064 3489 3061 3484 3065 3490 3060 3483 3064 3489 3060 3483 3065 3490 3057 3480 3065 3490 3066 3491 3057 3480 3057 3480 3066 3491 3055 3478 3067 3492 3052 3475 3055 3478 3052 3475 3067 3492 3046 3469 3067 3492 3068 3493 3046 3469 3068 3493 3041 3464 3046 3469 3034 3457 3041 3464 3068 3493 3068 3493 3042 3465 3034 3457 3066 3491 3065 3490 3069 3494 3070 3495 3066 3491 3069 3494 3066 3491 3070 3495 3055 3478 3070 3495 3071 3496 3055 3478 3067 3492 3055 3478 3071 3496 3070 3495 3072 3497 3071 3496 3072 3497 3073 3498 3071 3496 3074 3499 3072 3497 3070 3495 3069 3494 3074 3499 3070 3495 3075 3500 3074 3499 3069 3494 3076 3501 3075 3500 3069 3494 3076 3501 3069 3494 3065 3490 3074 3499 3075 3500 3082 3507 3082 3507 3077 3502 3074 3499 3074 3499 3077 3502 3072 3497 3072 3497 3077 3502 3078 3503 3077 3502 3079 3504 3078 3503 3079 3504 3077 3502 3082 3507 3080 3505 3079 3504 3082 3507 3080 3505 3081 3506 3079 3504 3082 3507 3083 3508 3080 3505 3081 3506 3080 3505 3083 3508 3078 3503 3084 3509 3072 3497 3084 3509 3073 3498 3072 3497 3078 3503 3085 3510 3084 3509 3073 3498 3086 3511 3087 3512 3073 3498 3087 3512 3088 3513 3071 3496 3073 3498 3088 3513 3088 3513 3067 3492 3071 3496 3067 3492 3088 3513 3068 3493 3068 3493 3088 3513 3089 3514 3087 3512 3089 3514 3088 3513 3068 3493 3089 3514 3042 3465 3043 3466 3042 3465 3089 3514 3073 3498 3084 3509 3086 3511 3086 3511 3090 3515 3087 3512 3087 3512 3090 3515 3089 3514 3043 3466 3089 3514 3091 3516 3090 3515 3091 3516 3089 3514 3092 3517 3043 3466 3091 3516 3092 3517 3040 3463 3043 3466 3093 3518 3094 3519 3039 3462 3095 3520 3094 3519 3093 3518 3096 3521 3095 3520 3093 3518 3039 3462 3094 3519 3037 3460 3037 3460 3094 3519 3036 3459 3094 3519 3097 3522 3036 3459 3033 3456 3036 3459 3097 3522 3032 3455 3033 3456 3097 3522 3094 3519 3095 3520 3097 3522 3099 3524 3098 3523 3095 3520 3099 3524 3095 3520 3096 3521 3082 3525 3098 3523 3099 3524 3083 3526 3082 3525 3099 3524 3082 3525 3075 3527 3098 3523 3100 3528 3032 3455 3097 3522 3032 3455 3100 3528 3024 3447 3100 3528 3076 3529 3024 3447 3075 3527 3076 3529 3100 3528 3024 3447 3076 3529 3064 3530 3022 3445 3024 3447 3064 3530 3022 3445 3064 3530 3025 3448 3064 3530 3028 3451 3025 3448 3101 3531 3075 3527 3100 3528 3101 3531 3098 3523 3075 3527 3098 3523 3101 3531 3095 3520 3101 3531 3100 3528 3097 3522 3101 3531 3097 3522 3095 3520 3083 3526 3099 3524 3102 3532 3103 3533 3083 3526 3102 3532 3102 3532 3099 3524 3096 3521 3102 3532 3096 3521 3104 3534 3104 3534 3096 3521 3105 3535 3096 3521 3093 3518 3105 3535 3106 3536 3105 3535 3093 3518 3039 3462 3106 3536 3093 3518 3106 3536 3039 3462 3107 3537 3039 3462 3040 3463 3107 3537 3107 3537 3040 3463 3108 3538 3040 3463 3092 3517 3108 3538 3102 3532 3104 3534 3109 3539 3103 3533 3102 3532 3109 3539 3110 3540 3108 3538 3092 3517 3091 3516 3110 3540 3092 3517 3110 3540 3091 3516 3111 3541 3091 3516 3090 3515 3111 3541 3111 3541 3090 3515 3112 3542 3090 3515 3086 3511 3112 3542 3085 3510 3112 3542 3086 3511 3084 3509 3085 3510 3086 3511 3108 3538 3110 3540 3113 3543 3110 3540 3111 3541 3113 3543 3112 3542 3113 3543 3111 3541 3112 3542 3085 3510 3114 3544 3112 3542 3114 3544 3113 3543 3114 3544 3085 3510 3115 3545 3085 3510 3078 3503 3115 3545 3115 3545 3078 3503 3116 3546 3078 3503 3079 3504 3116 3546 3079 3504 3081 3506 3116 3546 3081 3506 3109 3547 3116 3546 3081 3506 3103 3548 3109 3547 3103 3548 3081 3506 3083 3508 3119 3551 3117 3549 3118 3550 3119 3551 3118 3550 3120 3552 3121 3553 3119 3551 3120 3552 3121 3553 3120 3552 3122 3554 3120 3552 3123 3555 3122 3554 3122 3554 3123 3555 3124 3556 3125 3557 3122 3554 3124 3556 3124 3556 3123 3555 3126 3558 3127 3559 3126 3558 2983 3402 2983 3402 3128 3560 3127 3559 2983 3402 2986 3405 3128 3560 2986 3405 3129 3561 3128 3560 3129 3561 2986 3405 2987 3406 3130 3562 3129 3561 2987 3406 3126 3558 2982 3401 2983 3402 3127 3559 3128 3560 3131 3563 3128 3560 3129 3561 3132 3564 3131 3563 3128 3560 3132 3564 3129 3561 3130 3562 3133 3565 3132 3564 3129 3561 3133 3565 3134 3566 3132 3564 3133 3565 3135 3567 3134 3566 3133 3565 3126 3558 2981 3400 2982 3401 3123 3555 2981 3400 3126 3558 2981 3400 3123 3555 3120 3552 2980 3399 2981 3400 3120 3552 2980 3399 3120 3552 3118 3550 2978 3397 2980 3399 3118 3550 2978 3397 3118 3550 3136 3568 2976 3395 2978 3397 3136 3568 3117 3549 3136 3568 3118 3550 3135 3567 3133 3565 3137 3569 3133 3565 3138 3570 3137 3569 3138 3570 3133 3565 3130 3562 3139 3571 3138 3570 3130 3562 3139 3571 3130 3562 2987 3406 3140 3572 3139 3571 2987 3406 2991 3410 3140 3572 2987 3406 2991 3410 2993 3412 3140 3572 2993 3412 3141 3573 3140 3572 3003 3422 3141 3573 2993 3412 3137 3569 3138 3570 3142 3574 3137 3569 3142 3574 3143 3575 3144 3576 3137 3569 3143 3575 3144 3576 3143 3575 3145 3577 3143 3575 3146 3578 3145 3577 3146 3578 3147 3579 3145 3577 3147 3579 3146 3578 3148 3580 3147 3579 3148 3580 3149 3581 3148 3580 3150 3582 3149 3581 3148 3580 3151 3583 3150 3582 3148 3580 3146 3578 3151 3583 3151 3583 3152 3584 3150 3582 3153 3585 3152 3584 3151 3583 3149 3581 3150 3582 3154 3586 3154 3586 3150 3582 3152 3584 3155 3587 3154 3586 3152 3584 3156 3588 3154 3586 3155 3587 3157 3589 3156 3588 3155 3587 2696 3590 3156 3588 3157 3589 2700 3591 2696 3590 3157 3589 3158 3592 3149 3581 3154 3586 3158 3592 3154 3586 3156 3588 3159 3593 3158 3592 3156 3588 3156 3588 2696 3590 3159 3593 3159 3593 3160 3594 3158 3592 3160 3594 3161 3595 3158 3592 3160 3594 3162 3596 3161 3595 3155 3587 3152 3584 3163 3597 3165 3599 3163 3597 3164 3598 2702 3601 3163 3597 3165 3599 3155 3587 3163 3597 2702 3601 3157 3589 3155 3587 2702 3601 3157 3589 2702 3601 2700 3591 3166 3600 2702 3601 3165 3599 3166 3600 2703 3602 2702 3601 2696 3590 2695 3603 3159 3593 2693 3604 3160 3594 3159 3593 2695 3603 2693 3604 3159 3593 2693 3604 3162 3596 3160 3594 3163 3597 3153 3585 3164 3598 3153 3585 3163 3597 3152 3584 3164 3598 3153 3585 3167 3605 3153 3585 3168 3606 3167 3605 3168 3606 3169 3607 3167 3605 3168 3606 3170 3608 3169 3607 3171 3609 3168 3606 3153 3585 3151 3583 3171 3609 3153 3585 3168 3606 3171 3609 3172 3610 3170 3608 3168 3606 3172 3610 3172 3610 3173 3611 3170 3608 3173 3611 3174 3612 3170 3608 3173 3611 3175 3613 3174 3612 3142 3574 3175 3613 3173 3611 3143 3575 3142 3574 3173 3611 3173 3611 3172 3610 3143 3575 3175 3613 3176 3615 3174 3612 3176 3615 3177 3616 3174 3612 3174 3612 3177 3616 3117 3614 3177 3616 3136 3617 3117 3614 3178 3618 3136 3617 3177 3616 3177 3616 3176 3615 3178 3618 3178 3618 3003 3422 3136 3617 3003 3422 2976 3424 3136 3617 3179 3619 3176 3615 3175 3613 3142 3574 3179 3619 3175 3613 3138 3570 3179 3619 3142 3574 3003 3422 3178 3618 3141 3573 3141 3573 3176 3615 3179 3619 3141 3573 3178 3618 3176 3615 3141 3573 3139 3571 3140 3572 3141 3573 3179 3619 3139 3571 3138 3570 3139 3571 3179 3619 3172 3610 3146 3578 3143 3575 3172 3610 3171 3609 3146 3578 3146 3578 3171 3609 3151 3583 3166 3620 3165 3621 3180 3622 2856 3640 3166 3620 3180 3622 3180 3622 3165 3621 3181 3623 3165 3621 3164 3624 3181 3623 2856 3640 3180 3622 3182 3625 2857 3639 2856 3640 3182 3625 2857 3639 3182 3625 3183 3626 3182 3625 3184 3627 3183 3626 3183 3626 3184 3627 3185 3628 3184 3627 3182 3625 3186 3629 3182 3625 3187 3630 3186 3629 3180 3622 3181 3623 3187 3630 3182 3625 3180 3622 3187 3630 3189 3632 3185 3628 3188 3631 3189 3632 3188 3631 3190 3633 2690 3634 3190 3633 2691 3635 2860 3636 3189 3632 3190 3633 2690 3634 2860 3636 3190 3633 3189 3632 2860 3636 2859 3637 3185 3628 3189 3632 2859 3637 3185 3628 2859 3637 2858 3638 3183 3626 3185 3628 2858 3638 2858 3638 2857 3639 3183 3626 2703 3641 3166 3620 2856 3640 2691 3635 3190 3633 3191 3642 3190 3633 3192 3643 3191 3642 3190 3633 3188 3631 3192 3643 3185 3628 3193 3644 3188 3631 3193 3644 3185 3628 3184 3627 3186 3629 3193 3644 3184 3627 3188 3631 3193 3644 3194 3645 3192 3643 3188 3631 3194 3645 3194 3645 3193 3644 3195 3646 3195 3646 3196 3647 3194 3645 3197 3648 3196 3647 3195 3646 3197 3648 3198 3649 3196 3647 3199 3650 3198 3649 3197 3648 3197 3648 3200 3651 3199 3650 3200 3651 3197 3648 3201 3652 3125 3557 3200 3651 3201 3652 3202 3653 3200 3651 3125 3557 3124 3556 3202 3653 3125 3557 3127 3559 3202 3653 3124 3556 3126 3558 3127 3559 3124 3556 3202 3653 3131 3563 3200 3651 3131 3563 3203 3654 3200 3651 3203 3654 3199 3650 3200 3651 3202 3653 3127 3559 3131 3563 3134 3566 3131 3563 3132 3564 3203 3654 3131 3563 3134 3566 3204 3655 3203 3654 3134 3566 3201 3652 3197 3648 3195 3646 3201 3652 3205 3656 3125 3557 3205 3656 3122 3554 3125 3557 3122 3554 3205 3656 3121 3553 3206 3657 3119 3551 3121 3553 3117 3549 3119 3551 3206 3657 3207 3658 3117 3549 3206 3657 3205 3656 3208 3659 3121 3553 3208 3659 3205 3656 3201 3652 3208 3659 3209 3660 3121 3553 3121 3553 3209 3660 3206 3657 3209 3660 3208 3659 3210 3661 3210 3661 3208 3659 3201 3652 3195 3646 3210 3661 3201 3652 3210 3661 3195 3646 3193 3644 3211 3662 3209 3660 3210 3661 3211 3662 3210 3661 3193 3644 3211 3662 3212 3663 3209 3660 3187 3630 3212 3663 3211 3662 3187 3630 3181 3623 3212 3663 3181 3623 3213 3664 3212 3663 3213 3664 3181 3623 3167 3665 3181 3623 3164 3624 3167 3665 3186 3629 3187 3630 3211 3662 3186 3629 3211 3662 3193 3644 3167 3665 3169 3666 3213 3664 3213 3664 3169 3666 3207 3658 3212 3663 3213 3664 3206 3657 3212 3663 3206 3657 3209 3660 3206 3657 3213 3664 3207 3658 3214 3667 3215 3668 3216 3669 3217 3670 3214 3667 3216 3669 3216 3669 3218 3671 3217 3670 3218 3671 3219 3672 3217 3670 3215 3668 3214 3667 3220 3673 3221 3674 3215 3668 3220 3673 3214 3667 3222 3675 3220 3673 3222 3675 3223 3676 3220 3673 3224 3677 3222 3675 3214 3667 3217 3670 3224 3677 3214 3667 3225 3678 3224 3677 3217 3670 3219 3672 3225 3678 3217 3670 3216 3669 3215 3668 3226 3679 3216 3669 3226 3679 3218 3671 3215 3668 3227 3680 3226 3679 3227 3680 3215 3668 3221 3674 3228 3681 3227 3680 3221 3674 3218 3671 3226 3679 3229 3682 3218 3671 3229 3682 3230 3683 3231 3684 3218 3671 3230 3683 3219 3672 3218 3671 3231 3684 3232 3685 3231 3684 3230 3683 3232 3685 3233 3686 3231 3684 3233 3686 3234 3687 3231 3684 3234 3687 3225 3678 3219 3672 3231 3684 3234 3687 3219 3672 3229 3682 3235 3688 3230 3683 3236 3689 3232 3685 3230 3683 3236 3689 3237 3690 3232 3685 3238 3691 3237 3690 3236 3689 3239 3692 3238 3691 3236 3689 3239 3692 3236 3689 3240 3693 3240 3693 3236 3689 3230 3683 3230 3683 3235 3688 3240 3693 3235 3688 3241 3694 3240 3693 3235 3688 3242 3695 3241 3694 3242 3695 3243 3696 3241 3694 3241 3694 3243 3696 3244 3697 3244 3697 3240 3693 3241 3694 3243 3696 3245 3698 3244 3697 3238 3691 3239 3692 3246 3699 3239 3692 3247 3700 3246 3699 3247 3700 3239 3692 3248 3701 3239 3692 3249 3702 3248 3701 3249 3702 3239 3692 3240 3693 3249 3702 3240 3693 3244 3697 3244 3697 3245 3698 3107 3703 3107 3703 3249 3702 3244 3697 3249 3702 3107 3703 3248 3701 3245 3698 3106 3704 3107 3703 3107 3703 3108 3705 3248 3701 3242 3695 3250 3706 3243 3696 3252 3708 3253 3709 3251 3707 3253 3709 3252 3708 3254 3710 3255 3711 3253 3709 3254 3710 3253 3709 3255 3711 3251 3707 3256 3712 3255 3711 3254 3710 3255 3711 3256 3712 3257 3713 3256 3712 3258 3714 3257 3713 3257 3713 3258 3714 3259 3715 3259 3715 3262 3718 3260 3716 3257 3713 3259 3715 3260 3716 3262 3718 3261 3717 3260 3716 3255 3711 3263 3719 3251 3707 3255 3711 3257 3713 3263 3719 3257 3713 3264 3720 3263 3719 3264 3720 3257 3713 3260 3716 3261 3717 3265 3721 3260 3716 3109 3722 3265 3721 3261 3717 3265 3721 3109 3722 3104 3723 3266 3724 3109 3722 3261 3717 3265 3721 3104 3723 3105 3725 3105 3725 3267 3726 3265 3721 3267 3726 3105 3725 3245 3698 3105 3725 3106 3704 3245 3698 3267 3726 3245 3698 3243 3696 3268 3727 3267 3726 3243 3696 3250 3706 3268 3727 3243 3696 3268 3727 3250 3706 3269 3728 3270 3729 3268 3727 3269 3728 3271 3730 3267 3726 3268 3727 3270 3729 3271 3730 3268 3727 3271 3730 3265 3721 3267 3726 3265 3721 3271 3730 3272 3731 3265 3721 3272 3731 3260 3716 3260 3716 3272 3731 3264 3720 3271 3730 3270 3729 3264 3720 3272 3731 3271 3730 3264 3720 3270 3729 3269 3728 3263 3719 3264 3720 3270 3729 3263 3719 3263 3719 3269 3728 3251 3707 3269 3728 3250 3706 3251 3707 3222 3732 3224 3733 3273 3734 3223 3735 3222 3732 3273 3734 3224 3733 3225 3736 3273 3734 3273 3734 3274 3737 3223 3735 3254 3738 3274 3737 3273 3734 3273 3734 3234 3740 3233 3739 3225 3736 3234 3740 3273 3734 3233 3739 3237 3742 3273 3734 3256 3741 3254 3738 3273 3734 3237 3742 3238 3743 3273 3734 3238 3743 3275 3744 3273 3734 3273 3734 3275 3744 3258 3745 3256 3741 3273 3734 3258 3745 3259 3746 3258 3745 3275 3744 3259 3746 3275 3744 3276 3747 3276 3747 3275 3744 3238 3743 3246 3748 3276 3747 3238 3743 3246 3748 3277 3749 3276 3747 3278 3750 3276 3747 3277 3749 3279 3751 3278 3750 3277 3749 3278 3750 3280 3752 3276 3747 3280 3752 3281 3753 3276 3747 3281 3753 3262 3754 3276 3747 3262 3754 3259 3746 3276 3747 3237 3690 3233 3686 3232 3685 3282 3755 3283 3756 2071 2324 3282 3755 2071 2324 2073 2326 3284 3757 3282 3755 2073 2326 3284 3757 2073 2326 2075 2328 3285 3758 3284 3757 2075 2328 2076 2329 3285 3758 2075 2328 3284 3757 3285 3758 3286 3759 3287 3760 3286 3759 3285 3758 2076 2329 3287 3760 3285 3758 3288 3761 3282 3755 3284 3757 3289 3762 3288 3761 3284 3757 3289 3762 3284 3757 3286 3759 3288 3761 3289 3762 760 835 760 835 761 836 3288 3761 761 836 3283 3756 3282 3755 3288 3761 761 836 3282 3755 3289 3762 3290 3763 760 835 3290 3763 3289 3762 3291 3764 3289 3762 3286 3759 3291 3764 3292 3765 3290 3763 3291 3764 3292 3765 3291 3764 3293 3766 3291 3764 3294 3767 3293 3766 3294 3767 2931 3350 3293 3766 3291 3764 3286 3759 3294 3767 3287 3760 3294 3767 3286 3759 3294 3767 2932 3351 2931 3350 781 856 3290 3763 3292 3765 3295 3768 781 856 3292 3765 3292 3765 3293 3766 3295 3768 3293 3766 3296 3769 3295 3768 3293 3766 2931 3350 3296 3769 3295 3768 3296 3769 3297 3770 3290 3763 781 856 759 834 760 835 3290 3763 759 834 3297 3770 3296 3769 2925 3344 3296 3769 2929 3348 2925 3344 2931 3350 2929 3348 3296 3769 3295 3768 3297 3770 779 854 781 856 3295 3768 779 854 3298 3771 779 854 3297 3770 3298 3771 3299 3772 779 854 3298 3771 2925 3344 3299 3772 3298 3771 3297 3770 2925 3344 2925 3344 2921 3340 3299 3772 779 854 3299 3772 778 853 2922 3341 782 857 3299 3772 2921 3340 2922 3341 3299 3772 3300 3773 782 857 2922 3341 782 857 3300 3773 774 849 774 849 3300 3773 2914 3333 3300 3773 2897 3316 2914 3333 2916 3335 2897 3316 3300 3773 2922 3341 2916 3335 3300 3773 2914 3333 772 847 774 849 782 857 778 853 3299 3772 1750 1950 3301 3774 2097 2350 3301 3774 3287 3760 2097 2350 3287 3760 3301 3774 3294 3767 3301 3774 2932 3351 3294 3767 2932 3351 3301 3774 2963 3382 1750 1950 2963 3382 3301 3774 2932 3351 2963 3382 2933 3352 3287 3760 2076 2329 2097 2350 3302 3775 3303 3776 1692 1892 2092 2345 3302 3775 1692 1892 3302 3775 2092 2345 3304 3777 3302 3775 3304 3777 784 859 3304 3777 783 858 784 859 3303 3776 3302 3775 2910 3329 3302 3775 3305 3778 2910 3329 784 859 3305 3778 3302 3775 2092 2345 2090 2343 3304 3777 3304 3777 2090 2343 764 839 2090 2343 2089 2342 764 839 2089 2342 763 838 764 839 763 838 2089 2342 3283 3756 2089 2342 2071 2324 3283 3756 762 837 763 838 3283 3756 783 858 3304 3777 764 839 762 837 3283 3756 761 836 2915 3334 2888 3307 2896 3315 2915 3334 2896 3315 2895 3314 2889 3308 2888 3307 2915 3334 2907 3326 2908 3327 2904 3323 1686 1886 1691 1891 2907 3326 2902 3321 3306 3779 2906 3325 2901 3320 3306 3779 2902 3321 3307 3780 2901 3320 2894 3313 3308 3781 3307 3780 2894 3313 3308 3781 2894 3313 2891 3310 2898 3317 3308 3781 2891 3310 3309 3782 3308 3781 2898 3317 3310 3783 3309 3782 2898 3317 3310 3783 2898 3317 2890 3309 3310 3783 2890 3309 2886 3305 3308 3781 3309 3782 3307 3780 3310 3783 3311 3784 3309 3782 2886 3305 2779 3786 3310 3783 3309 3782 3312 3785 3307 3780 3309 3782 3311 3784 3312 3785 2779 3786 2783 3787 3310 3783 3310 3783 2783 3787 3311 3784 2884 3303 2766 3789 2778 3788 2764 3790 2766 3789 2884 3303 2882 3301 2715 3791 2764 3790 2882 3301 2880 3299 2715 3791 2880 3299 2706 3792 2715 3791 2880 3299 2707 3793 2706 3792 1657 1857 2707 3793 2880 3299 1460 2369 2707 3793 1657 1857 2901 3320 3307 3780 3306 3779 3307 3780 3312 3785 3306 3779 2108 2370 1685 1885 3306 3779 3312 3785 3313 3794 3306 3779 2780 3796 3311 3784 2781 3795 3311 3784 2780 3796 3312 3785 2752 3797 3312 3785 2780 3796 2750 3798 3312 3785 2752 3797 2750 3798 3313 3794 3312 3785 2783 3787 2781 3795 3311 3784 2750 3798 1515 2377 2110 2376 2750 3798 2110 2376 2111 2378 3313 3794 2750 3798 2111 2378 2111 2378 2108 2370 3306 3779 3313 3794 2111 2378 3306 3779 3306 3779 1685 1885 2906 3325 3303 3776 2911 3330 1692 1892 3303 3776 2910 3329 2911 3330 3314 3799 2909 3328 2910 3329 3314 3799 2913 3332 2909 3328 2910 3329 3305 3778 3314 3799 784 859 767 842 3305 3778 769 844 2913 3332 3314 3799 769 844 770 845 2913 3332 768 843 769 844 3314 3799 768 843 3314 3799 3305 3778 768 843 3305 3778 767 842 2672 3070 581 653 579 651 3315 3800 581 653 2672 3070 581 653 3315 3800 583 655 3315 3800 2672 3070 2666 3064 2672 3070 2671 3069 2666 3064 588 660 3315 3800 2666 3064 3315 3800 588 660 583 655 2666 3064 2667 3065 2664 3062 2666 3064 2671 3069 2670 3068 2667 3065 2666 3064 2670 3068 3316 3801 588 660 2666 3064 3316 3801 2666 3064 2664 3062 3316 3801 2664 3062 2665 3063 3317 3802 3316 3801 2665 3063 2665 3063 2659 3057 3317 3802 2657 3055 3317 3802 2659 3057 2655 3053 3317 3802 2657 3055 3317 3802 2655 3053 3316 3801 2655 3053 590 662 3316 3801 3316 3801 590 662 588 660 590 662 2655 3053 600 672 2372 2711 2335 2647 2237 2544 2259 2569 2372 2711 2237 2544 2375 2714 2335 2647 2372 2711 2371 2708 2372 2711 2259 2569 2374 2713 2371 2708 2259 2569 2374 2713 2259 2569 2260 2570 2373 2712 2371 2708 2374 2713 2267 2577 2374 2713 2260 2570 3319 3804 3320 3805 2661 3059 3320 3805 2660 3058 2661 3059 2742 3140 2660 3058 3320 3805 2742 3140 3320 3805 2740 3138 2662 3060 3318 3803 3319 3804 2661 3059 2662 3060 3319 3804 2662 3060 2663 3061 3318 3803 2663 3061 3321 3806 3318 3803 2663 3061 2668 3066 3321 3806 2668 3066 3322 3807 3321 3806 3322 3807 2120 2387 3321 3806 356 410 3321 3806 2120 2387 2121 2388 2120 2387 2669 3067 2669 3067 3322 3807 2668 3066 3322 3807 2669 3067 2120 2387 2669 3067 2682 3080 2121 2388 2121 2388 2682 3080 1420 1598 2682 3080 2669 3067 2674 3072 2669 3067 2670 3068 2674 3072 786 861 3321 3806 356 410 3318 3803 3321 3806 786 861 3319 3804 3318 3803 786 861 788 863 3319 3804 786 861 3320 3805 3319 3804 788 863 790 865 3320 3805 788 863 790 865 792 867 3320 3805 792 867 2740 3138 3320 3805 2740 3138 792 867 369 423 3279 3808 3323 3809 3324 3810 3278 3811 3279 3808 3324 3810 3278 3811 3324 3810 3325 3812 3280 3813 3278 3811 3325 3812 3280 3813 3325 3812 3326 3814 3281 3815 3280 3813 3326 3814 3323 3809 3327 3816 3324 3810 3324 3810 3327 3816 3115 3817 3327 3816 3114 3818 3115 3817 3328 3819 3325 3812 3324 3810 3325 3812 3328 3819 3326 3814 3324 3810 3115 3817 3328 3819 3328 3819 3266 3820 3326 3814 3115 3817 3116 3821 3328 3819 3328 3819 3116 3821 3266 3820 3116 3821 3109 3822 3266 3820 3327 3816 3329 3823 3114 3818 3329 3823 3113 3824 3114 3818 3113 3824 3329 3823 3248 3701 3248 3701 3108 3705 3113 3824 3248 3701 3329 3823 3247 3700 3329 3823 3330 3825 3247 3700 3330 3825 3329 3823 3327 3816 3323 3809 3330 3825 3327 3816 3279 3808 3330 3825 3323 3809 3277 3826 3246 3699 3247 3700 3247 3700 3330 3825 3277 3826 3277 3826 3330 3825 3279 3808 2516 2902 3331 3827 2514 2900 3331 3827 3332 3828 2514 2900 2514 2900 3332 3828 2526 2912 3331 3827 3333 3829 3332 3828 2516 2902 2521 2907 642 3831 642 3831 2521 2907 643 3830 2521 2907 2523 2909 643 3830 3331 3827 2516 2902 642 3831 643 3830 2523 2909 645 3832 2523 2909 2524 2910 645 3832 645 3832 2524 2910 647 2917 3331 3827 642 3831 637 3833 3331 3827 637 3833 638 3834 3333 3829 3331 3827 638 3834 2528 3204 2527 3835 2804 3202 2809 3210 2804 3202 2527 3835 2526 3836 2809 3210 2527 3835 3332 3837 2809 3210 2526 3836 3332 3837 3334 3838 2809 3210 3332 3837 3333 3839 3334 3838 3333 3839 3335 3840 3334 3838 3334 3838 3336 3841 2809 3210 3336 3841 3334 3838 3335 3840 2796 3194 3336 3841 3335 3840 2796 3194 2797 3195 3336 3841 3336 3841 2797 3195 2801 3199 2801 3199 2809 3210 3336 3841 2796 3194 3335 3840 2798 3196 641 3845 2798 3196 3335 3840 639 3846 641 3845 3335 3840 3335 3840 3333 3839 639 3846 2798 3196 751 3848 750 3849 2792 3190 2798 3196 750 3849 2792 3190 750 3849 748 3850 748 3850 739 3844 2792 3190 739 3844 2793 3191 2792 3190 2793 3191 2786 3184 2791 3189 2793 3191 2785 3183 2786 3184 2785 3183 2793 3191 739 3844 736 3843 2785 3183 739 3844 2798 3196 641 3845 751 3848 734 3842 2785 3183 736 3843 3333 3839 638 3847 639 3846 3229 3682 3242 3695 3235 3688 3226 3679 3242 3695 3229 3682 3226 3679 3227 3680 3242 3695 3227 3680 3250 3706 3242 3695 3250 3706 3227 3680 3228 3681 3251 3707 3250 3706 3228 3681 3251 3707 3228 3681 3252 3708 3228 3681 3337 3851 3252 3708 3337 3851 3228 3681 3221 3674 3220 3673 3337 3851 3221 3674 3254 3710 3252 3708 3337 3851 3274 3852 3254 3710 3337 3851 3274 3852 3337 3851 3220 3673 3223 3676 3274 3852 3220 3673 3338 3853 2834 3235 2826 3227 2825 3226 3338 3853 2826 3227 2834 3235 3338 3853 3339 3854 2837 3238 2834 3235 3339 3854 3339 3854 2139 2437 2837 3238 3339 3854 3340 3855 2139 2437 2139 2437 3340 3855 2141 2439 3340 3855 3341 3856 2141 2439 2139 2437 1604 1785 2837 3238 3338 3853 3340 3855 3339 3854 3342 3857 2141 2439 3341 3856 2144 2442 2141 2439 3342 3857 2144 2442 3342 3857 3343 3858 2144 2442 3343 3858 1548 1726 3343 3858 2784 3182 1548 1726 3344 3859 3342 3857 3341 3856 3342 3857 3344 3859 3343 3858 2787 3185 3343 3858 3344 3859 3344 3859 2788 3186 2787 3185 3341 3856 3340 3855 3345 3860 3345 3860 3340 3855 3338 3853 3346 3861 3341 3856 3345 3860 3346 3861 3344 3859 3341 3856 2788 3186 3344 3859 3346 3861 3346 3861 2815 3216 2788 3186 2786 3184 2784 3182 3343 3858 3343 3858 2787 3185 2786 3184 3345 3860 3338 3853 2825 3226 3347 3862 3345 3860 2825 3226 3345 3860 3347 3862 3346 3861 3347 3862 2825 3226 2824 3225 3348 3863 3347 3862 2824 3225 2824 3225 2820 3221 3348 3863 2820 3221 2818 3219 3348 3863 3348 3863 2818 3219 2813 3214 3348 3863 2813 3214 3347 3862 2818 3219 2814 3215 2813 3214 2815 3216 3347 3862 2813 3214 2815 3216 3346 3861 3347 3862 2709 3107 3349 3864 2712 3110 3349 3864 3350 3865 2712 3110 2712 3110 3350 3865 2713 3111 2713 3111 3350 3865 3351 3866 2721 3119 2713 3111 3351 3866 2721 3119 3351 3866 2722 3120 3352 3867 2722 3120 3351 3866 3352 3867 2640 3038 2722 3120 2722 3120 2640 3038 2639 3037 3353 3868 3352 3867 3351 3866 3352 3867 3353 3868 747 822 745 820 747 822 3353 3868 2709 3107 2710 3108 3349 3864 2710 3108 3354 3869 3349 3864 2710 3108 740 815 3354 3869 740 815 743 818 3354 3869 3353 3868 3354 3869 743 818 743 818 745 820 3353 3868 3349 3864 3354 3869 3353 3868 3350 3865 3353 3868 3351 3866 3350 3865 3349 3864 3353 3868 3352 3867 747 822 3355 3870 3355 3870 2640 3038 3352 3867 3355 3870 2645 3043 2640 3038 2645 3043 3355 3870 747 822 2645 3043 747 822 627 699 2645 3043 627 699 625 697 2644 3042 625 697 623 695 625 697 2644 3042 2645 3043 2646 3044 623 695 622 694 2644 3042 623 695 2646 3044 2592 2983 2589 2980 814 889 815 890 2592 2983 814 889 813 888 814 889 2589 2980 2588 2979 813 888 2589 2980 2572 2963 811 886 2588 2979 888 967 811 886 2572 2963 2588 2979 812 887 813 888 811 886 812 887 2588 2979 2584 2975 894 973 892 971 2571 2962 2584 2975 892 971 835 975 894 973 2584 2975 2585 2976 835 975 2584 2975 2974 3393 2971 3390 3012 3433 3198 3649 3356 3871 3196 3647 3356 3871 3192 3643 3196 3647 3194 3645 3196 3647 3192 3643 3356 3871 3198 3649 3357 3872 3356 3871 3357 3872 3192 3643 3198 3649 3358 3873 3357 3872 3359 3874 3357 3872 3358 3873 3360 3875 3359 3874 3358 3873 3198 3649 3199 3650 3358 3873 3199 3650 3203 3654 3358 3873 3204 3655 3358 3873 3203 3654 3358 3873 3204 3655 3361 3876 3358 3873 3361 3876 3360 3875 3135 3567 3361 3876 3204 3655 3135 3567 3137 3569 3144 3576 3204 3655 3134 3566 3135 3567 3135 3567 3144 3576 3362 3877 3362 3877 3361 3876 3135 3567 3144 3576 3145 3577 3362 3877 3363 3878 3362 3877 3145 3577 3361 3876 3362 3877 3363 3878 3360 3875 3361 3876 3363 3878 3147 3579 3363 3878 3145 3577 3364 3879 3363 3878 3147 3579 3363 3878 3364 3879 3360 3875 3365 3880 3364 3879 3147 3579 3149 3581 3365 3880 3147 3579 3366 3881 3365 3880 3149 3581 3366 3881 3149 3581 3158 3592 3161 3595 3366 3881 3158 3592 3367 3882 3366 3881 3161 3595 3162 3596 3367 3882 3161 3595 3364 3879 3365 3880 3359 3874 3364 3879 3359 3874 3360 3875 3365 3880 3367 3882 3359 3874 3365 3880 3366 3881 3367 3882 3357 3872 3359 3874 3367 3882 3368 3883 3357 3872 3367 3882 3357 3872 3368 3883 3192 3643 3191 3642 3192 3643 3368 3883 3368 3883 3367 3882 3191 3642 3191 3642 3367 3882 3162 3596 2691 3635 3191 3642 3162 3596 2691 3635 3162 3596 2693 3604 3174 3612 3117 3614 3207 3884 3170 3608 3174 3612 3207 3884 3207 3884 3169 3607 3170 3608 2495 2881 2511 2897 2519 2905 3369 3885 2495 2881 2519 2905 2495 2881 3370 3886 2511 2897 2500 2886 3369 3885 2519 2905 3369 3885 2500 2886 2497 2883 2508 2894 2500 2886 2519 2905 3370 3886 2517 2903 2511 2897 3369 3885 2497 2883 2496 2882 3369 3885 2496 2882 2495 2881 3370 3886 2495 2881 2493 2879 3370 3886 2493 2879 2494 2880 3370 3886 3371 3887 2517 2903 3370 3886 2494 2880 3371 3887 3371 3887 3372 3888 2517 2903 3372 3888 2520 2906 2517 2903 2522 2908 2520 2906 3372 3888 3373 3889 2522 2908 3372 3888 3371 3887 3373 3889 3372 3888 2522 2908 3373 3889 2525 2911 3373 3889 2540 2928 2525 2911 3371 3887 3374 3890 3373 3889 2540 2928 3373 3889 3374 3890 3374 3890 2541 2929 2540 2928 3374 3890 2485 2871 2541 2929 2485 2871 3374 3890 2543 2931 2494 2880 3374 3890 3371 3887 2543 2931 3374 3890 2494 2880 2658 3056 2660 3058 2742 3140 2743 3141 2658 3056 2742 3140 2658 3056 2743 3141 2656 3054 2743 3141 2735 3133 2652 3050 2743 3141 2652 3050 2653 3051 2656 3054 2743 3141 2653 3051 2651 3049 2652 3050 2733 3131 3020 3442 704 776 678 750 704 776 3020 3442 705 777 693 765 688 760 3021 3444 3021 3444 695 767 693 765 688 760 3029 3452 3021 3444 3029 3452 688 760 689 761 3045 3468 3029 3452 689 761 691 763 3045 3468 689 761 697 769 695 767 3026 3449 3027 3450 697 769 3026 3449 699 771 697 769 3027 3450 691 763 701 773 3048 3471 701 773 3375 3891 3048 3471 3375 3891 3049 3472 3048 3471 3375 3891 701 773 702 774 702 774 708 780 3375 3891 3049 3472 3375 3891 3376 3892 3051 3474 3049 3472 3376 3892 3375 3891 708 780 710 782 3376 3892 3375 3891 710 782 710 782 712 784 3376 3892 3053 3476 3051 3474 3376 3892 712 784 3053 3476 3376 3892 3053 3476 712 784 714 786 3377 3893 3053 3476 714 786 3053 3476 3377 3893 3054 3477 3056 3479 3054 3477 3377 3893 3377 3893 3378 3894 3056 3479 3056 3479 3378 3894 3058 3481 3378 3894 3379 3895 3058 3481 3059 3482 3058 3481 3379 3895 3062 3485 3059 3482 3379 3895 3377 3893 714 786 716 788 3378 3894 3377 3893 716 788 718 790 3379 3895 3378 3894 716 788 718 790 3378 3894 3379 3895 718 790 721 793 3062 3485 3379 3895 721 793 3062 3485 721 793 3063 3486 721 793 729 804 3063 3486 3063 3486 729 804 3027 3488 729 804 699 803 3027 3488 3281 3896 3380 3897 3262 3718 3326 3898 3380 3897 3281 3896 3326 3898 3266 3724 3380 3897 3261 3717 3262 3718 3380 3897 3380 3897 3266 3724 3261 3717 609 681 607 679 2649 3047 605 677 2649 3047 607 679 2585 3899 836 911 833 908 835 910 2585 3899 833 908 836 911 2585 3899 2582 3900 2582 3900 530 921 836 911 530 921 841 916 836 911 518 587 520 589 2576 2967 520 589 522 591 2576 2967 2241 2550 539 2549 871 3901 871 3901 872 3902 2241 2550 872 3902 2243 2552 2241 2550 2243 2552 872 3902 873 3903 2246 2555 2243 2552 873 3903 875 2567 2246 2555 873 3903 3065 3490 3064 3489 3076 3501 1852 2058 1853 2059 1864 2070 325 379 324 378 3381 3904 3381 3904 324 378 327 381 325 379 3381 3904 346 400 3381 3904 327 381 336 390 337 391 3381 3904 336 390 3381 3904 337 391 346 400 327 381 328 382 336 390 347 401 325 379 346 400 344 398 347 401 346 400 325 379 347 401 348 402 336 390 328 382 329 383 753 828 755 830 3382 3905 753 828 3382 3905 756 831 3382 3905 755 830 775 850 756 831 3382 3905 765 840 3382 3905 766 841 765 840 766 841 3382 3905 775 850 757 832 756 831 765 840 776 851 773 848 775 850 755 830 776 851 775 850 776 851 755 830 777 852 757 832 765 840 758 833</p>
                </triangles>
            </mesh>
        </geometry>
    </library_geometries>
    <library_visual_scenes>
        <visual_scene id="RootNode" name="RootNode">
            <node id="NODE" name="Sketchfab_model">
                <node id="NODE0" name="M-CoC_iOS_HERO_Peter_Parker_Spid">
                    <node id="NODE1" name="Object_2">
                        <instance_geometry url="#NODE1-lib">
                            <bind_material>
                                <technique_common>
                                    <instance_material symbol="MAT" target="#MAT" />
                                </technique_common>
                            </bind_material>
                        </instance_geometry>
                    </node>
                </node>
            </node>
        </visual_scene>
    </library_visual_scenes>
    <scene>
        <instance_visual_scene url="#RootNode" />
    </scene>
</COLLADA>
